timestamp,service,metric,value
2026-07-25T06:00:00Z,billing-worker,invoice_queue_depth,40.0
2026-07-25T06:00:00Z,metric-ingester,buffered_points,41578.7
2026-07-25T06:00:00Z,metric-ingester,container_memory_rss_mb,420.6
2026-07-25T06:00:00Z,metric-ingester,container_restarts,0.0
2026-07-25T06:00:00Z,metric-ingester,cpu_pct,35.7
2026-07-25T06:00:00Z,metric-ingester,points_flushed_per_min,784.4
2026-07-25T06:00:00Z,platform-api,metric_query_p95_ms,218.8
2026-07-25T06:00:00Z,query-svc,query_cache_hit_ratio,0.871
2026-07-25T06:01:00Z,billing-worker,invoice_queue_depth,39.2
2026-07-25T06:01:00Z,metric-ingester,buffered_points,38085.3
2026-07-25T06:01:00Z,metric-ingester,container_memory_rss_mb,420.3
2026-07-25T06:01:00Z,metric-ingester,container_restarts,0.0
2026-07-25T06:01:00Z,metric-ingester,cpu_pct,31.8
2026-07-25T06:01:00Z,metric-ingester,points_flushed_per_min,793.7
2026-07-25T06:01:00Z,platform-api,metric_query_p95_ms,205.5
2026-07-25T06:01:00Z,query-svc,query_cache_hit_ratio,0.8957
2026-07-25T06:02:00Z,billing-worker,invoice_queue_depth,39.2
2026-07-25T06:02:00Z,metric-ingester,buffered_points,40378.7
2026-07-25T06:02:00Z,metric-ingester,container_memory_rss_mb,406.0
2026-07-25T06:02:00Z,metric-ingester,container_restarts,0.0
2026-07-25T06:02:00Z,metric-ingester,cpu_pct,34.3
2026-07-25T06:02:00Z,metric-ingester,points_flushed_per_min,758.9
2026-07-25T06:02:00Z,platform-api,metric_query_p95_ms,196.3
2026-07-25T06:02:00Z,query-svc,query_cache_hit_ratio,0.9251
2026-07-25T06:03:00Z,billing-worker,invoice_queue_depth,37.7
2026-07-25T06:03:00Z,metric-ingester,buffered_points,40429.9
2026-07-25T06:03:00Z,metric-ingester,container_memory_rss_mb,406.3
2026-07-25T06:03:00Z,metric-ingester,container_restarts,0.0
2026-07-25T06:03:00Z,metric-ingester,cpu_pct,36.1
2026-07-25T06:03:00Z,metric-ingester,points_flushed_per_min,780.3
2026-07-25T06:03:00Z,platform-api,metric_query_p95_ms,196.4
2026-07-25T06:03:00Z,query-svc,query_cache_hit_ratio,0.9238
2026-07-25T06:04:00Z,billing-worker,invoice_queue_depth,37.8
2026-07-25T06:04:00Z,metric-ingester,buffered_points,39551.3
2026-07-25T06:04:00Z,metric-ingester,container_memory_rss_mb,423.2
2026-07-25T06:04:00Z,metric-ingester,container_restarts,0.0
2026-07-25T06:04:00Z,metric-ingester,cpu_pct,34.3
2026-07-25T06:04:00Z,metric-ingester,points_flushed_per_min,754.8
2026-07-25T06:04:00Z,platform-api,metric_query_p95_ms,202.7
2026-07-25T06:04:00Z,query-svc,query_cache_hit_ratio,0.9235
2026-07-25T06:05:00Z,billing-worker,invoice_queue_depth,38.6
2026-07-25T06:05:00Z,metric-ingester,buffered_points,39058.4
2026-07-25T06:05:00Z,metric-ingester,container_memory_rss_mb,426.4
2026-07-25T06:05:00Z,metric-ingester,container_restarts,0.0
2026-07-25T06:05:00Z,metric-ingester,cpu_pct,34.9
2026-07-25T06:05:00Z,metric-ingester,points_flushed_per_min,726.6
2026-07-25T06:05:00Z,platform-api,metric_query_p95_ms,193.7
2026-07-25T06:05:00Z,query-svc,query_cache_hit_ratio,0.8845
2026-07-25T06:06:00Z,billing-worker,invoice_queue_depth,39.4
2026-07-25T06:06:00Z,metric-ingester,buffered_points,38067.6
2026-07-25T06:06:00Z,metric-ingester,container_memory_rss_mb,405.7
2026-07-25T06:06:00Z,metric-ingester,container_restarts,0.0
2026-07-25T06:06:00Z,metric-ingester,cpu_pct,33.9
2026-07-25T06:06:00Z,metric-ingester,points_flushed_per_min,779.0
2026-07-25T06:06:00Z,platform-api,metric_query_p95_ms,208.7
2026-07-25T06:06:00Z,query-svc,query_cache_hit_ratio,0.936
2026-07-25T06:07:00Z,billing-worker,invoice_queue_depth,38.4
2026-07-25T06:07:00Z,metric-ingester,buffered_points,40139.7
2026-07-25T06:07:00Z,metric-ingester,container_memory_rss_mb,422.7
2026-07-25T06:07:00Z,metric-ingester,container_restarts,0.0
2026-07-25T06:07:00Z,metric-ingester,cpu_pct,32.1
2026-07-25T06:07:00Z,metric-ingester,points_flushed_per_min,836.4
2026-07-25T06:07:00Z,platform-api,metric_query_p95_ms,220.9
2026-07-25T06:07:00Z,query-svc,query_cache_hit_ratio,0.8935
2026-07-25T06:08:00Z,billing-worker,invoice_queue_depth,41.1
2026-07-25T06:08:00Z,metric-ingester,buffered_points,41459.6
2026-07-25T06:08:00Z,metric-ingester,container_memory_rss_mb,422.2
2026-07-25T06:08:00Z,metric-ingester,container_restarts,0.0
2026-07-25T06:08:00Z,metric-ingester,cpu_pct,32.2
2026-07-25T06:08:00Z,metric-ingester,points_flushed_per_min,726.8
2026-07-25T06:08:00Z,platform-api,metric_query_p95_ms,203.9
2026-07-25T06:08:00Z,query-svc,query_cache_hit_ratio,0.9551
2026-07-25T06:09:00Z,billing-worker,invoice_queue_depth,39.6
2026-07-25T06:09:00Z,metric-ingester,buffered_points,41571.7
2026-07-25T06:09:00Z,metric-ingester,container_memory_rss_mb,420.8
2026-07-25T06:09:00Z,metric-ingester,container_restarts,0.0
2026-07-25T06:09:00Z,metric-ingester,cpu_pct,32.9
2026-07-25T06:09:00Z,metric-ingester,points_flushed_per_min,730.3
2026-07-25T06:09:00Z,platform-api,metric_query_p95_ms,193.8
2026-07-25T06:09:00Z,query-svc,query_cache_hit_ratio,0.9036
2026-07-25T06:10:00Z,billing-worker,invoice_queue_depth,40.9
2026-07-25T06:10:00Z,metric-ingester,buffered_points,39591.7
2026-07-25T06:10:00Z,metric-ingester,container_memory_rss_mb,430.8
2026-07-25T06:10:00Z,metric-ingester,container_restarts,0.0
2026-07-25T06:10:00Z,metric-ingester,cpu_pct,35.4
2026-07-25T06:10:00Z,metric-ingester,points_flushed_per_min,721.0
2026-07-25T06:10:00Z,platform-api,metric_query_p95_ms,225.2
2026-07-25T06:10:00Z,query-svc,query_cache_hit_ratio,0.8756
2026-07-25T06:11:00Z,billing-worker,invoice_queue_depth,40.0
2026-07-25T06:11:00Z,metric-ingester,buffered_points,41817.1
2026-07-25T06:11:00Z,metric-ingester,container_memory_rss_mb,408.9
2026-07-25T06:11:00Z,metric-ingester,container_restarts,0.0
2026-07-25T06:11:00Z,metric-ingester,cpu_pct,34.2
2026-07-25T06:11:00Z,metric-ingester,points_flushed_per_min,817.3
2026-07-25T06:11:00Z,platform-api,metric_query_p95_ms,223.4
2026-07-25T06:11:00Z,query-svc,query_cache_hit_ratio,0.873
2026-07-25T06:12:00Z,billing-worker,invoice_queue_depth,39.4
2026-07-25T06:12:00Z,metric-ingester,buffered_points,41803.7
2026-07-25T06:12:00Z,metric-ingester,container_memory_rss_mb,421.3
2026-07-25T06:12:00Z,metric-ingester,container_restarts,0.0
2026-07-25T06:12:00Z,metric-ingester,cpu_pct,34.2
2026-07-25T06:12:00Z,metric-ingester,points_flushed_per_min,753.3
2026-07-25T06:12:00Z,platform-api,metric_query_p95_ms,196.8
2026-07-25T06:12:00Z,query-svc,query_cache_hit_ratio,0.9022
2026-07-25T06:13:00Z,billing-worker,invoice_queue_depth,39.8
2026-07-25T06:13:00Z,metric-ingester,buffered_points,41341.1
2026-07-25T06:13:00Z,metric-ingester,container_memory_rss_mb,416.1
2026-07-25T06:13:00Z,metric-ingester,container_restarts,0.0
2026-07-25T06:13:00Z,metric-ingester,cpu_pct,32.3
2026-07-25T06:13:00Z,metric-ingester,points_flushed_per_min,793.0
2026-07-25T06:13:00Z,platform-api,metric_query_p95_ms,195.4
2026-07-25T06:13:00Z,query-svc,query_cache_hit_ratio,0.9482
2026-07-25T06:14:00Z,billing-worker,invoice_queue_depth,41.0
2026-07-25T06:14:00Z,metric-ingester,buffered_points,39266.2
2026-07-25T06:14:00Z,metric-ingester,container_memory_rss_mb,415.8
2026-07-25T06:14:00Z,metric-ingester,container_restarts,0.0
2026-07-25T06:14:00Z,metric-ingester,cpu_pct,34.3
2026-07-25T06:14:00Z,metric-ingester,points_flushed_per_min,786.9
2026-07-25T06:14:00Z,platform-api,metric_query_p95_ms,193.8
2026-07-25T06:14:00Z,query-svc,query_cache_hit_ratio,0.8758
2026-07-25T06:15:00Z,billing-worker,invoice_queue_depth,38.3
2026-07-25T06:15:00Z,metric-ingester,buffered_points,39091.6
2026-07-25T06:15:00Z,metric-ingester,container_memory_rss_mb,435.3
2026-07-25T06:15:00Z,metric-ingester,container_restarts,0.0
2026-07-25T06:15:00Z,metric-ingester,cpu_pct,31.8
2026-07-25T06:15:00Z,metric-ingester,points_flushed_per_min,831.5
2026-07-25T06:15:00Z,platform-api,metric_query_p95_ms,213.4
2026-07-25T06:15:00Z,query-svc,query_cache_hit_ratio,0.9408
2026-07-25T06:16:00Z,billing-worker,invoice_queue_depth,40.5
2026-07-25T06:16:00Z,metric-ingester,buffered_points,41939.6
2026-07-25T06:16:00Z,metric-ingester,container_memory_rss_mb,412.5
2026-07-25T06:16:00Z,metric-ingester,container_restarts,0.0
2026-07-25T06:16:00Z,metric-ingester,cpu_pct,35.9
2026-07-25T06:16:00Z,metric-ingester,points_flushed_per_min,732.8
2026-07-25T06:16:00Z,platform-api,metric_query_p95_ms,215.1
2026-07-25T06:16:00Z,query-svc,query_cache_hit_ratio,0.9514
2026-07-25T06:17:00Z,billing-worker,invoice_queue_depth,40.4
2026-07-25T06:17:00Z,metric-ingester,buffered_points,40557.0
2026-07-25T06:17:00Z,metric-ingester,container_memory_rss_mb,421.6
2026-07-25T06:17:00Z,metric-ingester,container_restarts,0.0
2026-07-25T06:17:00Z,metric-ingester,cpu_pct,33.1
2026-07-25T06:17:00Z,metric-ingester,points_flushed_per_min,779.2
2026-07-25T06:17:00Z,platform-api,metric_query_p95_ms,197.9
2026-07-25T06:17:00Z,query-svc,query_cache_hit_ratio,0.9062
2026-07-25T06:18:00Z,billing-worker,invoice_queue_depth,39.9
2026-07-25T06:18:00Z,metric-ingester,buffered_points,38930.6
2026-07-25T06:18:00Z,metric-ingester,container_memory_rss_mb,418.5
2026-07-25T06:18:00Z,metric-ingester,container_restarts,0.0
2026-07-25T06:18:00Z,metric-ingester,cpu_pct,33.4
2026-07-25T06:18:00Z,metric-ingester,points_flushed_per_min,824.6
2026-07-25T06:18:00Z,platform-api,metric_query_p95_ms,203.9
2026-07-25T06:18:00Z,query-svc,query_cache_hit_ratio,0.8977
2026-07-25T06:19:00Z,billing-worker,invoice_queue_depth,42.0
2026-07-25T06:19:00Z,metric-ingester,buffered_points,38643.7
2026-07-25T06:19:00Z,metric-ingester,container_memory_rss_mb,432.6
2026-07-25T06:19:00Z,metric-ingester,container_restarts,0.0
2026-07-25T06:19:00Z,metric-ingester,cpu_pct,34.1
2026-07-25T06:19:00Z,metric-ingester,points_flushed_per_min,805.3
2026-07-25T06:19:00Z,platform-api,metric_query_p95_ms,220.7
2026-07-25T06:19:00Z,query-svc,query_cache_hit_ratio,0.9201
2026-07-25T06:20:00Z,billing-worker,invoice_queue_depth,39.4
2026-07-25T06:20:00Z,metric-ingester,buffered_points,38032.5
2026-07-25T06:20:00Z,metric-ingester,container_memory_rss_mb,413.0
2026-07-25T06:20:00Z,metric-ingester,container_restarts,0.0
2026-07-25T06:20:00Z,metric-ingester,cpu_pct,32.8
2026-07-25T06:20:00Z,metric-ingester,points_flushed_per_min,736.6
2026-07-25T06:20:00Z,platform-api,metric_query_p95_ms,199.1
2026-07-25T06:20:00Z,query-svc,query_cache_hit_ratio,0.8968
2026-07-25T06:21:00Z,billing-worker,invoice_queue_depth,40.1
2026-07-25T06:21:00Z,metric-ingester,buffered_points,39089.9
2026-07-25T06:21:00Z,metric-ingester,container_memory_rss_mb,425.3
2026-07-25T06:21:00Z,metric-ingester,container_restarts,0.0
2026-07-25T06:21:00Z,metric-ingester,cpu_pct,34.6
2026-07-25T06:21:00Z,metric-ingester,points_flushed_per_min,801.5
2026-07-25T06:21:00Z,platform-api,metric_query_p95_ms,212.4
2026-07-25T06:21:00Z,query-svc,query_cache_hit_ratio,0.8735
2026-07-25T06:22:00Z,billing-worker,invoice_queue_depth,39.9
2026-07-25T06:22:00Z,metric-ingester,buffered_points,38124.0
2026-07-25T06:22:00Z,metric-ingester,container_memory_rss_mb,421.8
2026-07-25T06:22:00Z,metric-ingester,container_restarts,0.0
2026-07-25T06:22:00Z,metric-ingester,cpu_pct,33.4
2026-07-25T06:22:00Z,metric-ingester,points_flushed_per_min,746.8
2026-07-25T06:22:00Z,platform-api,metric_query_p95_ms,221.2
2026-07-25T06:22:00Z,query-svc,query_cache_hit_ratio,0.9396
2026-07-25T06:23:00Z,billing-worker,invoice_queue_depth,38.6
2026-07-25T06:23:00Z,metric-ingester,buffered_points,40741.6
2026-07-25T06:23:00Z,metric-ingester,container_memory_rss_mb,419.4
2026-07-25T06:23:00Z,metric-ingester,container_restarts,0.0
2026-07-25T06:23:00Z,metric-ingester,cpu_pct,35.4
2026-07-25T06:23:00Z,metric-ingester,points_flushed_per_min,719.0
2026-07-25T06:23:00Z,platform-api,metric_query_p95_ms,223.2
2026-07-25T06:23:00Z,query-svc,query_cache_hit_ratio,0.8719
2026-07-25T06:24:00Z,billing-worker,invoice_queue_depth,40.7
2026-07-25T06:24:00Z,metric-ingester,buffered_points,40936.7
2026-07-25T06:24:00Z,metric-ingester,container_memory_rss_mb,436.5
2026-07-25T06:24:00Z,metric-ingester,container_restarts,0.0
2026-07-25T06:24:00Z,metric-ingester,cpu_pct,32.0
2026-07-25T06:24:00Z,metric-ingester,points_flushed_per_min,779.1
2026-07-25T06:24:00Z,platform-api,metric_query_p95_ms,202.8
2026-07-25T06:24:00Z,query-svc,query_cache_hit_ratio,0.9541
2026-07-25T06:25:00Z,billing-worker,invoice_queue_depth,40.0
2026-07-25T06:25:00Z,metric-ingester,buffered_points,41479.1
2026-07-25T06:25:00Z,metric-ingester,container_memory_rss_mb,419.6
2026-07-25T06:25:00Z,metric-ingester,container_restarts,0.0
2026-07-25T06:25:00Z,metric-ingester,cpu_pct,34.9
2026-07-25T06:25:00Z,metric-ingester,points_flushed_per_min,725.2
2026-07-25T06:25:00Z,platform-api,metric_query_p95_ms,211.9
2026-07-25T06:25:00Z,query-svc,query_cache_hit_ratio,0.8696
2026-07-25T06:26:00Z,billing-worker,invoice_queue_depth,42.4
2026-07-25T06:26:00Z,metric-ingester,buffered_points,41295.9
2026-07-25T06:26:00Z,metric-ingester,container_memory_rss_mb,409.8
2026-07-25T06:26:00Z,metric-ingester,container_restarts,0.0
2026-07-25T06:26:00Z,metric-ingester,cpu_pct,32.5
2026-07-25T06:26:00Z,metric-ingester,points_flushed_per_min,721.1
2026-07-25T06:26:00Z,platform-api,metric_query_p95_ms,217.7
2026-07-25T06:26:00Z,query-svc,query_cache_hit_ratio,0.9016
2026-07-25T06:27:00Z,billing-worker,invoice_queue_depth,40.9
2026-07-25T06:27:00Z,metric-ingester,buffered_points,41231.0
2026-07-25T06:27:00Z,metric-ingester,container_memory_rss_mb,405.6
2026-07-25T06:27:00Z,metric-ingester,container_restarts,0.0
2026-07-25T06:27:00Z,metric-ingester,cpu_pct,34.7
2026-07-25T06:27:00Z,metric-ingester,points_flushed_per_min,719.4
2026-07-25T06:27:00Z,platform-api,metric_query_p95_ms,205.8
2026-07-25T06:27:00Z,query-svc,query_cache_hit_ratio,0.9058
2026-07-25T06:28:00Z,billing-worker,invoice_queue_depth,40.7
2026-07-25T06:28:00Z,metric-ingester,buffered_points,38387.8
2026-07-25T06:28:00Z,metric-ingester,container_memory_rss_mb,427.5
2026-07-25T06:28:00Z,metric-ingester,container_restarts,0.0
2026-07-25T06:28:00Z,metric-ingester,cpu_pct,35.9
2026-07-25T06:28:00Z,metric-ingester,points_flushed_per_min,804.1
2026-07-25T06:28:00Z,platform-api,metric_query_p95_ms,194.6
2026-07-25T06:28:00Z,query-svc,query_cache_hit_ratio,0.8697
2026-07-25T06:29:00Z,billing-worker,invoice_queue_depth,42.2
2026-07-25T06:29:00Z,metric-ingester,buffered_points,40873.8
2026-07-25T06:29:00Z,metric-ingester,container_memory_rss_mb,424.0
2026-07-25T06:29:00Z,metric-ingester,container_restarts,0.0
2026-07-25T06:29:00Z,metric-ingester,cpu_pct,36.0
2026-07-25T06:29:00Z,metric-ingester,points_flushed_per_min,759.7
2026-07-25T06:29:00Z,platform-api,metric_query_p95_ms,217.6
2026-07-25T06:29:00Z,query-svc,query_cache_hit_ratio,0.9429
2026-07-25T06:30:00Z,billing-worker,invoice_queue_depth,41.5
2026-07-25T06:30:00Z,metric-ingester,buffered_points,40764.4
2026-07-25T06:30:00Z,metric-ingester,container_memory_rss_mb,410.3
2026-07-25T06:30:00Z,metric-ingester,container_restarts,0.0
2026-07-25T06:30:00Z,metric-ingester,cpu_pct,34.0
2026-07-25T06:30:00Z,metric-ingester,points_flushed_per_min,836.9
2026-07-25T06:30:00Z,platform-api,metric_query_p95_ms,193.5
2026-07-25T06:30:00Z,query-svc,query_cache_hit_ratio,0.925
2026-07-25T06:31:00Z,billing-worker,invoice_queue_depth,37.7
2026-07-25T06:31:00Z,metric-ingester,buffered_points,41886.5
2026-07-25T06:31:00Z,metric-ingester,container_memory_rss_mb,425.5
2026-07-25T06:31:00Z,metric-ingester,container_restarts,0.0
2026-07-25T06:31:00Z,metric-ingester,cpu_pct,34.6
2026-07-25T06:31:00Z,metric-ingester,points_flushed_per_min,797.8
2026-07-25T06:31:00Z,platform-api,metric_query_p95_ms,222.4
2026-07-25T06:31:00Z,query-svc,query_cache_hit_ratio,0.9307
2026-07-25T06:32:00Z,billing-worker,invoice_queue_depth,37.8
2026-07-25T06:32:00Z,metric-ingester,buffered_points,38071.4
2026-07-25T06:32:00Z,metric-ingester,container_memory_rss_mb,415.0
2026-07-25T06:32:00Z,metric-ingester,container_restarts,0.0
2026-07-25T06:32:00Z,metric-ingester,cpu_pct,33.6
2026-07-25T06:32:00Z,metric-ingester,points_flushed_per_min,732.5
2026-07-25T06:32:00Z,platform-api,metric_query_p95_ms,215.1
2026-07-25T06:32:00Z,query-svc,query_cache_hit_ratio,0.8844
2026-07-25T06:33:00Z,billing-worker,invoice_queue_depth,42.3
2026-07-25T06:33:00Z,metric-ingester,buffered_points,40864.2
2026-07-25T06:33:00Z,metric-ingester,container_memory_rss_mb,404.2
2026-07-25T06:33:00Z,metric-ingester,container_restarts,0.0
2026-07-25T06:33:00Z,metric-ingester,cpu_pct,32.1
2026-07-25T06:33:00Z,metric-ingester,points_flushed_per_min,735.0
2026-07-25T06:33:00Z,platform-api,metric_query_p95_ms,209.4
2026-07-25T06:33:00Z,query-svc,query_cache_hit_ratio,0.9256
2026-07-25T06:34:00Z,billing-worker,invoice_queue_depth,38.5
2026-07-25T06:34:00Z,metric-ingester,buffered_points,38097.3
2026-07-25T06:34:00Z,metric-ingester,container_memory_rss_mb,403.8
2026-07-25T06:34:00Z,metric-ingester,container_restarts,0.0
2026-07-25T06:34:00Z,metric-ingester,cpu_pct,33.7
2026-07-25T06:34:00Z,metric-ingester,points_flushed_per_min,795.4
2026-07-25T06:34:00Z,platform-api,metric_query_p95_ms,209.1
2026-07-25T06:34:00Z,query-svc,query_cache_hit_ratio,0.9194
2026-07-25T06:35:00Z,billing-worker,invoice_queue_depth,39.4
2026-07-25T06:35:00Z,metric-ingester,buffered_points,38884.8
2026-07-25T06:35:00Z,metric-ingester,container_memory_rss_mb,417.8
2026-07-25T06:35:00Z,metric-ingester,container_restarts,0.0
2026-07-25T06:35:00Z,metric-ingester,cpu_pct,31.3
2026-07-25T06:35:00Z,metric-ingester,points_flushed_per_min,831.5
2026-07-25T06:35:00Z,platform-api,metric_query_p95_ms,196.8
2026-07-25T06:35:00Z,query-svc,query_cache_hit_ratio,0.8951
2026-07-25T06:36:00Z,billing-worker,invoice_queue_depth,39.5
2026-07-25T06:36:00Z,metric-ingester,buffered_points,39009.4
2026-07-25T06:36:00Z,metric-ingester,container_memory_rss_mb,420.4
2026-07-25T06:36:00Z,metric-ingester,container_restarts,0.0
2026-07-25T06:36:00Z,metric-ingester,cpu_pct,33.7
2026-07-25T06:36:00Z,metric-ingester,points_flushed_per_min,759.0
2026-07-25T06:36:00Z,platform-api,metric_query_p95_ms,197.4
2026-07-25T06:36:00Z,query-svc,query_cache_hit_ratio,0.906
2026-07-25T06:37:00Z,billing-worker,invoice_queue_depth,38.8
2026-07-25T06:37:00Z,metric-ingester,buffered_points,38299.5
2026-07-25T06:37:00Z,metric-ingester,container_memory_rss_mb,413.3
2026-07-25T06:37:00Z,metric-ingester,container_restarts,0.0
2026-07-25T06:37:00Z,metric-ingester,cpu_pct,33.5
2026-07-25T06:37:00Z,metric-ingester,points_flushed_per_min,820.6
2026-07-25T06:37:00Z,platform-api,metric_query_p95_ms,219.1
2026-07-25T06:37:00Z,query-svc,query_cache_hit_ratio,0.9113
2026-07-25T06:38:00Z,billing-worker,invoice_queue_depth,39.8
2026-07-25T06:38:00Z,metric-ingester,buffered_points,40218.0
2026-07-25T06:38:00Z,metric-ingester,container_memory_rss_mb,426.8
2026-07-25T06:38:00Z,metric-ingester,container_restarts,0.0
2026-07-25T06:38:00Z,metric-ingester,cpu_pct,35.8
2026-07-25T06:38:00Z,metric-ingester,points_flushed_per_min,726.7
2026-07-25T06:38:00Z,platform-api,metric_query_p95_ms,199.7
2026-07-25T06:38:00Z,query-svc,query_cache_hit_ratio,0.9063
2026-07-25T06:39:00Z,billing-worker,invoice_queue_depth,40.2
2026-07-25T06:39:00Z,metric-ingester,buffered_points,40692.5
2026-07-25T06:39:00Z,metric-ingester,container_memory_rss_mb,436.4
2026-07-25T06:39:00Z,metric-ingester,container_restarts,0.0
2026-07-25T06:39:00Z,metric-ingester,cpu_pct,31.6
2026-07-25T06:39:00Z,metric-ingester,points_flushed_per_min,757.8
2026-07-25T06:39:00Z,platform-api,metric_query_p95_ms,216.9
2026-07-25T06:39:00Z,query-svc,query_cache_hit_ratio,0.9089
2026-07-25T06:40:00Z,billing-worker,invoice_queue_depth,40.2
2026-07-25T06:40:00Z,metric-ingester,buffered_points,39269.3
2026-07-25T06:40:00Z,metric-ingester,container_memory_rss_mb,410.7
2026-07-25T06:40:00Z,metric-ingester,container_restarts,0.0
2026-07-25T06:40:00Z,metric-ingester,cpu_pct,35.1
2026-07-25T06:40:00Z,metric-ingester,points_flushed_per_min,769.2
2026-07-25T06:40:00Z,platform-api,metric_query_p95_ms,213.8
2026-07-25T06:40:00Z,query-svc,query_cache_hit_ratio,0.9282
2026-07-25T06:41:00Z,billing-worker,invoice_queue_depth,38.0
2026-07-25T06:41:00Z,metric-ingester,buffered_points,41311.3
2026-07-25T06:41:00Z,metric-ingester,container_memory_rss_mb,417.6
2026-07-25T06:41:00Z,metric-ingester,container_restarts,0.0
2026-07-25T06:41:00Z,metric-ingester,cpu_pct,34.9
2026-07-25T06:41:00Z,metric-ingester,points_flushed_per_min,839.0
2026-07-25T06:41:00Z,platform-api,metric_query_p95_ms,222.8
2026-07-25T06:41:00Z,query-svc,query_cache_hit_ratio,0.9275
2026-07-25T06:42:00Z,billing-worker,invoice_queue_depth,39.8
2026-07-25T06:42:00Z,metric-ingester,buffered_points,38585.7
2026-07-25T06:42:00Z,metric-ingester,container_memory_rss_mb,414.2
2026-07-25T06:42:00Z,metric-ingester,container_restarts,0.0
2026-07-25T06:42:00Z,metric-ingester,cpu_pct,36.6
2026-07-25T06:42:00Z,metric-ingester,points_flushed_per_min,807.9
2026-07-25T06:42:00Z,platform-api,metric_query_p95_ms,201.7
2026-07-25T06:42:00Z,query-svc,query_cache_hit_ratio,0.9308
2026-07-25T06:43:00Z,billing-worker,invoice_queue_depth,39.8
2026-07-25T06:43:00Z,metric-ingester,buffered_points,39483.9
2026-07-25T06:43:00Z,metric-ingester,container_memory_rss_mb,403.9
2026-07-25T06:43:00Z,metric-ingester,container_restarts,0.0
2026-07-25T06:43:00Z,metric-ingester,cpu_pct,36.4
2026-07-25T06:43:00Z,metric-ingester,points_flushed_per_min,804.4
2026-07-25T06:43:00Z,platform-api,metric_query_p95_ms,206.0
2026-07-25T06:43:00Z,query-svc,query_cache_hit_ratio,0.9505
2026-07-25T06:44:00Z,billing-worker,invoice_queue_depth,40.3
2026-07-25T06:44:00Z,metric-ingester,buffered_points,39466.0
2026-07-25T06:44:00Z,metric-ingester,container_memory_rss_mb,428.9
2026-07-25T06:44:00Z,metric-ingester,container_restarts,0.0
2026-07-25T06:44:00Z,metric-ingester,cpu_pct,35.8
2026-07-25T06:44:00Z,metric-ingester,points_flushed_per_min,744.3
2026-07-25T06:44:00Z,platform-api,metric_query_p95_ms,205.7
2026-07-25T06:44:00Z,query-svc,query_cache_hit_ratio,0.9422
2026-07-25T06:45:00Z,billing-worker,invoice_queue_depth,39.6
2026-07-25T06:45:00Z,metric-ingester,buffered_points,38414.1
2026-07-25T06:45:00Z,metric-ingester,container_memory_rss_mb,413.8
2026-07-25T06:45:00Z,metric-ingester,container_restarts,0.0
2026-07-25T06:45:00Z,metric-ingester,cpu_pct,35.3
2026-07-25T06:45:00Z,metric-ingester,points_flushed_per_min,797.8
2026-07-25T06:45:00Z,platform-api,metric_query_p95_ms,197.5
2026-07-25T06:45:00Z,query-svc,query_cache_hit_ratio,0.8836
2026-07-25T06:46:00Z,billing-worker,invoice_queue_depth,41.6
2026-07-25T06:46:00Z,metric-ingester,buffered_points,39351.0
2026-07-25T06:46:00Z,metric-ingester,container_memory_rss_mb,436.3
2026-07-25T06:46:00Z,metric-ingester,container_restarts,0.0
2026-07-25T06:46:00Z,metric-ingester,cpu_pct,33.5
2026-07-25T06:46:00Z,metric-ingester,points_flushed_per_min,796.3
2026-07-25T06:46:00Z,platform-api,metric_query_p95_ms,225.3
2026-07-25T06:46:00Z,query-svc,query_cache_hit_ratio,0.8932
2026-07-25T06:47:00Z,billing-worker,invoice_queue_depth,38.4
2026-07-25T06:47:00Z,metric-ingester,buffered_points,38192.4
2026-07-25T06:47:00Z,metric-ingester,container_memory_rss_mb,406.4
2026-07-25T06:47:00Z,metric-ingester,container_restarts,0.0
2026-07-25T06:47:00Z,metric-ingester,cpu_pct,31.8
2026-07-25T06:47:00Z,metric-ingester,points_flushed_per_min,834.7
2026-07-25T06:47:00Z,platform-api,metric_query_p95_ms,204.7
2026-07-25T06:47:00Z,query-svc,query_cache_hit_ratio,0.9194
2026-07-25T06:48:00Z,billing-worker,invoice_queue_depth,40.9
2026-07-25T06:48:00Z,metric-ingester,buffered_points,39749.9
2026-07-25T06:48:00Z,metric-ingester,container_memory_rss_mb,434.3
2026-07-25T06:48:00Z,metric-ingester,container_restarts,0.0
2026-07-25T06:48:00Z,metric-ingester,cpu_pct,32.1
2026-07-25T06:48:00Z,metric-ingester,points_flushed_per_min,731.1
2026-07-25T06:48:00Z,platform-api,metric_query_p95_ms,206.6
2026-07-25T06:48:00Z,query-svc,query_cache_hit_ratio,0.9459
2026-07-25T06:49:00Z,billing-worker,invoice_queue_depth,38.4
2026-07-25T06:49:00Z,metric-ingester,buffered_points,40409.7
2026-07-25T06:49:00Z,metric-ingester,container_memory_rss_mb,434.8
2026-07-25T06:49:00Z,metric-ingester,container_restarts,0.0
2026-07-25T06:49:00Z,metric-ingester,cpu_pct,34.6
2026-07-25T06:49:00Z,metric-ingester,points_flushed_per_min,822.4
2026-07-25T06:49:00Z,platform-api,metric_query_p95_ms,217.1
2026-07-25T06:49:00Z,query-svc,query_cache_hit_ratio,0.8729
2026-07-25T06:50:00Z,billing-worker,invoice_queue_depth,40.1
2026-07-25T06:50:00Z,metric-ingester,buffered_points,39971.0
2026-07-25T06:50:00Z,metric-ingester,container_memory_rss_mb,408.2
2026-07-25T06:50:00Z,metric-ingester,container_restarts,0.0
2026-07-25T06:50:00Z,metric-ingester,cpu_pct,32.9
2026-07-25T06:50:00Z,metric-ingester,points_flushed_per_min,779.4
2026-07-25T06:50:00Z,platform-api,metric_query_p95_ms,212.6
2026-07-25T06:50:00Z,query-svc,query_cache_hit_ratio,0.9057
2026-07-25T06:51:00Z,billing-worker,invoice_queue_depth,40.0
2026-07-25T06:51:00Z,metric-ingester,buffered_points,40732.0
2026-07-25T06:51:00Z,metric-ingester,container_memory_rss_mb,422.2
2026-07-25T06:51:00Z,metric-ingester,container_restarts,0.0
2026-07-25T06:51:00Z,metric-ingester,cpu_pct,33.5
2026-07-25T06:51:00Z,metric-ingester,points_flushed_per_min,724.3
2026-07-25T06:51:00Z,platform-api,metric_query_p95_ms,209.8
2026-07-25T06:51:00Z,query-svc,query_cache_hit_ratio,0.882
2026-07-25T06:52:00Z,billing-worker,invoice_queue_depth,40.2
2026-07-25T06:52:00Z,metric-ingester,buffered_points,39723.4
2026-07-25T06:52:00Z,metric-ingester,container_memory_rss_mb,405.2
2026-07-25T06:52:00Z,metric-ingester,container_restarts,0.0
2026-07-25T06:52:00Z,metric-ingester,cpu_pct,33.2
2026-07-25T06:52:00Z,metric-ingester,points_flushed_per_min,817.5
2026-07-25T06:52:00Z,platform-api,metric_query_p95_ms,226.3
2026-07-25T06:52:00Z,query-svc,query_cache_hit_ratio,0.9529
2026-07-25T06:53:00Z,billing-worker,invoice_queue_depth,38.5
2026-07-25T06:53:00Z,metric-ingester,buffered_points,41859.3
2026-07-25T06:53:00Z,metric-ingester,container_memory_rss_mb,432.7
2026-07-25T06:53:00Z,metric-ingester,container_restarts,0.0
2026-07-25T06:53:00Z,metric-ingester,cpu_pct,35.0
2026-07-25T06:53:00Z,metric-ingester,points_flushed_per_min,805.0
2026-07-25T06:53:00Z,platform-api,metric_query_p95_ms,225.7
2026-07-25T06:53:00Z,query-svc,query_cache_hit_ratio,0.8649
2026-07-25T06:54:00Z,billing-worker,invoice_queue_depth,41.4
2026-07-25T06:54:00Z,metric-ingester,buffered_points,41546.9
2026-07-25T06:54:00Z,metric-ingester,container_memory_rss_mb,432.6
2026-07-25T06:54:00Z,metric-ingester,container_restarts,0.0
2026-07-25T06:54:00Z,metric-ingester,cpu_pct,32.6
2026-07-25T06:54:00Z,metric-ingester,points_flushed_per_min,827.8
2026-07-25T06:54:00Z,platform-api,metric_query_p95_ms,224.9
2026-07-25T06:54:00Z,query-svc,query_cache_hit_ratio,0.9541
2026-07-25T06:55:00Z,billing-worker,invoice_queue_depth,41.7
2026-07-25T06:55:00Z,metric-ingester,buffered_points,38346.7
2026-07-25T06:55:00Z,metric-ingester,container_memory_rss_mb,430.4
2026-07-25T06:55:00Z,metric-ingester,container_restarts,0.0
2026-07-25T06:55:00Z,metric-ingester,cpu_pct,31.8
2026-07-25T06:55:00Z,metric-ingester,points_flushed_per_min,829.6
2026-07-25T06:55:00Z,platform-api,metric_query_p95_ms,203.3
2026-07-25T06:55:00Z,query-svc,query_cache_hit_ratio,0.9221
2026-07-25T06:56:00Z,billing-worker,invoice_queue_depth,38.7
2026-07-25T06:56:00Z,metric-ingester,buffered_points,39710.4
2026-07-25T06:56:00Z,metric-ingester,container_memory_rss_mb,412.3
2026-07-25T06:56:00Z,metric-ingester,container_restarts,0.0
2026-07-25T06:56:00Z,metric-ingester,cpu_pct,35.3
2026-07-25T06:56:00Z,metric-ingester,points_flushed_per_min,805.7
2026-07-25T06:56:00Z,platform-api,metric_query_p95_ms,195.3
2026-07-25T06:56:00Z,query-svc,query_cache_hit_ratio,0.907
2026-07-25T06:57:00Z,billing-worker,invoice_queue_depth,41.7
2026-07-25T06:57:00Z,metric-ingester,buffered_points,39871.6
2026-07-25T06:57:00Z,metric-ingester,container_memory_rss_mb,423.7
2026-07-25T06:57:00Z,metric-ingester,container_restarts,0.0
2026-07-25T06:57:00Z,metric-ingester,cpu_pct,35.9
2026-07-25T06:57:00Z,metric-ingester,points_flushed_per_min,770.9
2026-07-25T06:57:00Z,platform-api,metric_query_p95_ms,197.2
2026-07-25T06:57:00Z,query-svc,query_cache_hit_ratio,0.8886
2026-07-25T06:58:00Z,billing-worker,invoice_queue_depth,41.5
2026-07-25T06:58:00Z,metric-ingester,buffered_points,40016.1
2026-07-25T06:58:00Z,metric-ingester,container_memory_rss_mb,435.0
2026-07-25T06:58:00Z,metric-ingester,container_restarts,0.0
2026-07-25T06:58:00Z,metric-ingester,cpu_pct,36.6
2026-07-25T06:58:00Z,metric-ingester,points_flushed_per_min,820.4
2026-07-25T06:58:00Z,platform-api,metric_query_p95_ms,215.7
2026-07-25T06:58:00Z,query-svc,query_cache_hit_ratio,0.9274
2026-07-25T06:59:00Z,billing-worker,invoice_queue_depth,40.3
2026-07-25T06:59:00Z,metric-ingester,buffered_points,40300.7
2026-07-25T06:59:00Z,metric-ingester,container_memory_rss_mb,413.1
2026-07-25T06:59:00Z,metric-ingester,container_restarts,0.0
2026-07-25T06:59:00Z,metric-ingester,cpu_pct,33.3
2026-07-25T06:59:00Z,metric-ingester,points_flushed_per_min,736.6
2026-07-25T06:59:00Z,platform-api,metric_query_p95_ms,199.1
2026-07-25T06:59:00Z,query-svc,query_cache_hit_ratio,0.9274
2026-07-25T07:00:00Z,billing-worker,invoice_queue_depth,39.2
2026-07-25T07:00:00Z,metric-ingester,buffered_points,40493.5
2026-07-25T07:00:00Z,metric-ingester,container_memory_rss_mb,408.1
2026-07-25T07:00:00Z,metric-ingester,container_restarts,0.0
2026-07-25T07:00:00Z,metric-ingester,cpu_pct,36.6
2026-07-25T07:00:00Z,metric-ingester,points_flushed_per_min,785.6
2026-07-25T07:00:00Z,platform-api,metric_query_p95_ms,225.2
2026-07-25T07:00:00Z,query-svc,query_cache_hit_ratio,0.9498
2026-07-25T07:01:00Z,billing-worker,invoice_queue_depth,42.0
2026-07-25T07:01:00Z,metric-ingester,buffered_points,41926.6
2026-07-25T07:01:00Z,metric-ingester,container_memory_rss_mb,406.3
2026-07-25T07:01:00Z,metric-ingester,container_restarts,0.0
2026-07-25T07:01:00Z,metric-ingester,cpu_pct,35.5
2026-07-25T07:01:00Z,metric-ingester,points_flushed_per_min,754.2
2026-07-25T07:01:00Z,platform-api,metric_query_p95_ms,215.7
2026-07-25T07:01:00Z,query-svc,query_cache_hit_ratio,0.9044
2026-07-25T07:02:00Z,billing-worker,invoice_queue_depth,42.0
2026-07-25T07:02:00Z,metric-ingester,buffered_points,41182.5
2026-07-25T07:02:00Z,metric-ingester,container_memory_rss_mb,418.7
2026-07-25T07:02:00Z,metric-ingester,container_restarts,0.0
2026-07-25T07:02:00Z,metric-ingester,cpu_pct,36.6
2026-07-25T07:02:00Z,metric-ingester,points_flushed_per_min,771.4
2026-07-25T07:02:00Z,platform-api,metric_query_p95_ms,207.5
2026-07-25T07:02:00Z,query-svc,query_cache_hit_ratio,0.8889
2026-07-25T07:03:00Z,billing-worker,invoice_queue_depth,42.2
2026-07-25T07:03:00Z,metric-ingester,buffered_points,39662.2
2026-07-25T07:03:00Z,metric-ingester,container_memory_rss_mb,414.4
2026-07-25T07:03:00Z,metric-ingester,container_restarts,0.0
2026-07-25T07:03:00Z,metric-ingester,cpu_pct,33.9
2026-07-25T07:03:00Z,metric-ingester,points_flushed_per_min,728.7
2026-07-25T07:03:00Z,platform-api,metric_query_p95_ms,200.2
2026-07-25T07:03:00Z,query-svc,query_cache_hit_ratio,0.9516
2026-07-25T07:04:00Z,billing-worker,invoice_queue_depth,40.6
2026-07-25T07:04:00Z,metric-ingester,buffered_points,38867.0
2026-07-25T07:04:00Z,metric-ingester,container_memory_rss_mb,425.2
2026-07-25T07:04:00Z,metric-ingester,container_restarts,0.0
2026-07-25T07:04:00Z,metric-ingester,cpu_pct,35.3
2026-07-25T07:04:00Z,metric-ingester,points_flushed_per_min,817.3
2026-07-25T07:04:00Z,platform-api,metric_query_p95_ms,210.1
2026-07-25T07:04:00Z,query-svc,query_cache_hit_ratio,0.8679
2026-07-25T07:05:00Z,billing-worker,invoice_queue_depth,42.0
2026-07-25T07:05:00Z,metric-ingester,buffered_points,38823.5
2026-07-25T07:05:00Z,metric-ingester,container_memory_rss_mb,419.8
2026-07-25T07:05:00Z,metric-ingester,container_restarts,0.0
2026-07-25T07:05:00Z,metric-ingester,cpu_pct,32.9
2026-07-25T07:05:00Z,metric-ingester,points_flushed_per_min,755.1
2026-07-25T07:05:00Z,platform-api,metric_query_p95_ms,223.9
2026-07-25T07:05:00Z,query-svc,query_cache_hit_ratio,0.9459
2026-07-25T07:06:00Z,billing-worker,invoice_queue_depth,41.9
2026-07-25T07:06:00Z,metric-ingester,buffered_points,41447.3
2026-07-25T07:06:00Z,metric-ingester,container_memory_rss_mb,406.7
2026-07-25T07:06:00Z,metric-ingester,container_restarts,0.0
2026-07-25T07:06:00Z,metric-ingester,cpu_pct,32.3
2026-07-25T07:06:00Z,metric-ingester,points_flushed_per_min,786.3
2026-07-25T07:06:00Z,platform-api,metric_query_p95_ms,195.5
2026-07-25T07:06:00Z,query-svc,query_cache_hit_ratio,0.8768
2026-07-25T07:07:00Z,billing-worker,invoice_queue_depth,40.3
2026-07-25T07:07:00Z,metric-ingester,buffered_points,38858.7
2026-07-25T07:07:00Z,metric-ingester,container_memory_rss_mb,436.4
2026-07-25T07:07:00Z,metric-ingester,container_restarts,0.0
2026-07-25T07:07:00Z,metric-ingester,cpu_pct,34.6
2026-07-25T07:07:00Z,metric-ingester,points_flushed_per_min,821.2
2026-07-25T07:07:00Z,platform-api,metric_query_p95_ms,199.8
2026-07-25T07:07:00Z,query-svc,query_cache_hit_ratio,0.9472
2026-07-25T07:08:00Z,billing-worker,invoice_queue_depth,42.0
2026-07-25T07:08:00Z,metric-ingester,buffered_points,38700.6
2026-07-25T07:08:00Z,metric-ingester,container_memory_rss_mb,408.0
2026-07-25T07:08:00Z,metric-ingester,container_restarts,0.0
2026-07-25T07:08:00Z,metric-ingester,cpu_pct,36.4
2026-07-25T07:08:00Z,metric-ingester,points_flushed_per_min,724.7
2026-07-25T07:08:00Z,platform-api,metric_query_p95_ms,205.8
2026-07-25T07:08:00Z,query-svc,query_cache_hit_ratio,0.9191
2026-07-25T07:09:00Z,billing-worker,invoice_queue_depth,41.9
2026-07-25T07:09:00Z,metric-ingester,buffered_points,39209.6
2026-07-25T07:09:00Z,metric-ingester,container_memory_rss_mb,421.3
2026-07-25T07:09:00Z,metric-ingester,container_restarts,0.0
2026-07-25T07:09:00Z,metric-ingester,cpu_pct,36.6
2026-07-25T07:09:00Z,metric-ingester,points_flushed_per_min,794.4
2026-07-25T07:09:00Z,platform-api,metric_query_p95_ms,224.8
2026-07-25T07:09:00Z,query-svc,query_cache_hit_ratio,0.9117
2026-07-25T07:10:00Z,billing-worker,invoice_queue_depth,41.3
2026-07-25T07:10:00Z,metric-ingester,buffered_points,39258.6
2026-07-25T07:10:00Z,metric-ingester,container_memory_rss_mb,428.5
2026-07-25T07:10:00Z,metric-ingester,container_restarts,0.0
2026-07-25T07:10:00Z,metric-ingester,cpu_pct,36.5
2026-07-25T07:10:00Z,metric-ingester,points_flushed_per_min,729.0
2026-07-25T07:10:00Z,platform-api,metric_query_p95_ms,220.2
2026-07-25T07:10:00Z,query-svc,query_cache_hit_ratio,0.8926
2026-07-25T07:11:00Z,billing-worker,invoice_queue_depth,38.4
2026-07-25T07:11:00Z,metric-ingester,buffered_points,39331.1
2026-07-25T07:11:00Z,metric-ingester,container_memory_rss_mb,414.4
2026-07-25T07:11:00Z,metric-ingester,container_restarts,0.0
2026-07-25T07:11:00Z,metric-ingester,cpu_pct,36.4
2026-07-25T07:11:00Z,metric-ingester,points_flushed_per_min,754.6
2026-07-25T07:11:00Z,platform-api,metric_query_p95_ms,215.6
2026-07-25T07:11:00Z,query-svc,query_cache_hit_ratio,0.8721
2026-07-25T07:12:00Z,billing-worker,invoice_queue_depth,39.1
2026-07-25T07:12:00Z,metric-ingester,buffered_points,40050.3
2026-07-25T07:12:00Z,metric-ingester,container_memory_rss_mb,434.3
2026-07-25T07:12:00Z,metric-ingester,container_restarts,0.0
2026-07-25T07:12:00Z,metric-ingester,cpu_pct,32.4
2026-07-25T07:12:00Z,metric-ingester,points_flushed_per_min,771.9
2026-07-25T07:12:00Z,platform-api,metric_query_p95_ms,200.7
2026-07-25T07:12:00Z,query-svc,query_cache_hit_ratio,0.9411
2026-07-25T07:13:00Z,billing-worker,invoice_queue_depth,39.8
2026-07-25T07:13:00Z,metric-ingester,buffered_points,40588.2
2026-07-25T07:13:00Z,metric-ingester,container_memory_rss_mb,423.0
2026-07-25T07:13:00Z,metric-ingester,container_restarts,0.0
2026-07-25T07:13:00Z,metric-ingester,cpu_pct,36.7
2026-07-25T07:13:00Z,metric-ingester,points_flushed_per_min,746.2
2026-07-25T07:13:00Z,platform-api,metric_query_p95_ms,219.0
2026-07-25T07:13:00Z,query-svc,query_cache_hit_ratio,0.8905
2026-07-25T07:14:00Z,billing-worker,invoice_queue_depth,39.7
2026-07-25T07:14:00Z,metric-ingester,buffered_points,39834.6
2026-07-25T07:14:00Z,metric-ingester,container_memory_rss_mb,423.2
2026-07-25T07:14:00Z,metric-ingester,container_restarts,0.0
2026-07-25T07:14:00Z,metric-ingester,cpu_pct,31.4
2026-07-25T07:14:00Z,metric-ingester,points_flushed_per_min,722.5
2026-07-25T07:14:00Z,platform-api,metric_query_p95_ms,212.7
2026-07-25T07:14:00Z,query-svc,query_cache_hit_ratio,0.9257
2026-07-25T07:15:00Z,billing-worker,invoice_queue_depth,40.8
2026-07-25T07:15:00Z,metric-ingester,buffered_points,40101.7
2026-07-25T07:15:00Z,metric-ingester,container_memory_rss_mb,435.9
2026-07-25T07:15:00Z,metric-ingester,container_restarts,0.0
2026-07-25T07:15:00Z,metric-ingester,cpu_pct,34.9
2026-07-25T07:15:00Z,metric-ingester,points_flushed_per_min,821.6
2026-07-25T07:15:00Z,platform-api,metric_query_p95_ms,208.0
2026-07-25T07:15:00Z,query-svc,query_cache_hit_ratio,0.9401
2026-07-25T07:16:00Z,billing-worker,invoice_queue_depth,40.6
2026-07-25T07:16:00Z,metric-ingester,buffered_points,39979.8
2026-07-25T07:16:00Z,metric-ingester,container_memory_rss_mb,427.5
2026-07-25T07:16:00Z,metric-ingester,container_restarts,0.0
2026-07-25T07:16:00Z,metric-ingester,cpu_pct,36.4
2026-07-25T07:16:00Z,metric-ingester,points_flushed_per_min,720.5
2026-07-25T07:16:00Z,platform-api,metric_query_p95_ms,222.9
2026-07-25T07:16:00Z,query-svc,query_cache_hit_ratio,0.9189
2026-07-25T07:17:00Z,billing-worker,invoice_queue_depth,41.1
2026-07-25T07:17:00Z,metric-ingester,buffered_points,40654.4
2026-07-25T07:17:00Z,metric-ingester,container_memory_rss_mb,431.0
2026-07-25T07:17:00Z,metric-ingester,container_restarts,0.0
2026-07-25T07:17:00Z,metric-ingester,cpu_pct,34.5
2026-07-25T07:17:00Z,metric-ingester,points_flushed_per_min,829.1
2026-07-25T07:17:00Z,platform-api,metric_query_p95_ms,222.2
2026-07-25T07:17:00Z,query-svc,query_cache_hit_ratio,0.9453
2026-07-25T07:18:00Z,billing-worker,invoice_queue_depth,41.6
2026-07-25T07:18:00Z,metric-ingester,buffered_points,40518.2
2026-07-25T07:18:00Z,metric-ingester,container_memory_rss_mb,436.7
2026-07-25T07:18:00Z,metric-ingester,container_restarts,0.0
2026-07-25T07:18:00Z,metric-ingester,cpu_pct,32.9
2026-07-25T07:18:00Z,metric-ingester,points_flushed_per_min,737.8
2026-07-25T07:18:00Z,platform-api,metric_query_p95_ms,226.2
2026-07-25T07:18:00Z,query-svc,query_cache_hit_ratio,0.8924
2026-07-25T07:19:00Z,billing-worker,invoice_queue_depth,39.7
2026-07-25T07:19:00Z,metric-ingester,buffered_points,40385.0
2026-07-25T07:19:00Z,metric-ingester,container_memory_rss_mb,411.2
2026-07-25T07:19:00Z,metric-ingester,container_restarts,0.0
2026-07-25T07:19:00Z,metric-ingester,cpu_pct,34.1
2026-07-25T07:19:00Z,metric-ingester,points_flushed_per_min,778.6
2026-07-25T07:19:00Z,platform-api,metric_query_p95_ms,207.8
2026-07-25T07:19:00Z,query-svc,query_cache_hit_ratio,0.8881
2026-07-25T07:20:00Z,billing-worker,invoice_queue_depth,38.9
2026-07-25T07:20:00Z,metric-ingester,buffered_points,41840.0
2026-07-25T07:20:00Z,metric-ingester,container_memory_rss_mb,406.9
2026-07-25T07:20:00Z,metric-ingester,container_restarts,0.0
2026-07-25T07:20:00Z,metric-ingester,cpu_pct,33.4
2026-07-25T07:20:00Z,metric-ingester,points_flushed_per_min,782.4
2026-07-25T07:20:00Z,platform-api,metric_query_p95_ms,198.9
2026-07-25T07:20:00Z,query-svc,query_cache_hit_ratio,0.9435
2026-07-25T07:21:00Z,billing-worker,invoice_queue_depth,42.2
2026-07-25T07:21:00Z,metric-ingester,buffered_points,39730.1
2026-07-25T07:21:00Z,metric-ingester,container_memory_rss_mb,421.0
2026-07-25T07:21:00Z,metric-ingester,container_restarts,0.0
2026-07-25T07:21:00Z,metric-ingester,cpu_pct,34.6
2026-07-25T07:21:00Z,metric-ingester,points_flushed_per_min,780.3
2026-07-25T07:21:00Z,platform-api,metric_query_p95_ms,220.9
2026-07-25T07:21:00Z,query-svc,query_cache_hit_ratio,0.9371
2026-07-25T07:22:00Z,billing-worker,invoice_queue_depth,41.6
2026-07-25T07:22:00Z,metric-ingester,buffered_points,40650.7
2026-07-25T07:22:00Z,metric-ingester,container_memory_rss_mb,417.6
2026-07-25T07:22:00Z,metric-ingester,container_restarts,0.0
2026-07-25T07:22:00Z,metric-ingester,cpu_pct,36.2
2026-07-25T07:22:00Z,metric-ingester,points_flushed_per_min,766.6
2026-07-25T07:22:00Z,platform-api,metric_query_p95_ms,208.6
2026-07-25T07:22:00Z,query-svc,query_cache_hit_ratio,0.9116
2026-07-25T07:23:00Z,billing-worker,invoice_queue_depth,39.5
2026-07-25T07:23:00Z,metric-ingester,buffered_points,38980.3
2026-07-25T07:23:00Z,metric-ingester,container_memory_rss_mb,408.9
2026-07-25T07:23:00Z,metric-ingester,container_restarts,0.0
2026-07-25T07:23:00Z,metric-ingester,cpu_pct,36.7
2026-07-25T07:23:00Z,metric-ingester,points_flushed_per_min,785.1
2026-07-25T07:23:00Z,platform-api,metric_query_p95_ms,197.9
2026-07-25T07:23:00Z,query-svc,query_cache_hit_ratio,0.9278
2026-07-25T07:24:00Z,billing-worker,invoice_queue_depth,39.8
2026-07-25T07:24:00Z,metric-ingester,buffered_points,40893.3
2026-07-25T07:24:00Z,metric-ingester,container_memory_rss_mb,436.5
2026-07-25T07:24:00Z,metric-ingester,container_restarts,0.0
2026-07-25T07:24:00Z,metric-ingester,cpu_pct,33.9
2026-07-25T07:24:00Z,metric-ingester,points_flushed_per_min,801.2
2026-07-25T07:24:00Z,platform-api,metric_query_p95_ms,200.9
2026-07-25T07:24:00Z,query-svc,query_cache_hit_ratio,0.9146
2026-07-25T07:25:00Z,billing-worker,invoice_queue_depth,38.3
2026-07-25T07:25:00Z,metric-ingester,buffered_points,41664.3
2026-07-25T07:25:00Z,metric-ingester,container_memory_rss_mb,406.0
2026-07-25T07:25:00Z,metric-ingester,container_restarts,0.0
2026-07-25T07:25:00Z,metric-ingester,cpu_pct,36.2
2026-07-25T07:25:00Z,metric-ingester,points_flushed_per_min,761.5
2026-07-25T07:25:00Z,platform-api,metric_query_p95_ms,203.3
2026-07-25T07:25:00Z,query-svc,query_cache_hit_ratio,0.9242
2026-07-25T07:26:00Z,billing-worker,invoice_queue_depth,40.7
2026-07-25T07:26:00Z,metric-ingester,buffered_points,38189.9
2026-07-25T07:26:00Z,metric-ingester,container_memory_rss_mb,413.6
2026-07-25T07:26:00Z,metric-ingester,container_restarts,0.0
2026-07-25T07:26:00Z,metric-ingester,cpu_pct,34.3
2026-07-25T07:26:00Z,metric-ingester,points_flushed_per_min,809.1
2026-07-25T07:26:00Z,platform-api,metric_query_p95_ms,201.8
2026-07-25T07:26:00Z,query-svc,query_cache_hit_ratio,0.9222
2026-07-25T07:27:00Z,billing-worker,invoice_queue_depth,39.8
2026-07-25T07:27:00Z,metric-ingester,buffered_points,41641.0
2026-07-25T07:27:00Z,metric-ingester,container_memory_rss_mb,424.0
2026-07-25T07:27:00Z,metric-ingester,container_restarts,0.0
2026-07-25T07:27:00Z,metric-ingester,cpu_pct,31.4
2026-07-25T07:27:00Z,metric-ingester,points_flushed_per_min,764.4
2026-07-25T07:27:00Z,platform-api,metric_query_p95_ms,214.8
2026-07-25T07:27:00Z,query-svc,query_cache_hit_ratio,0.867
2026-07-25T07:28:00Z,billing-worker,invoice_queue_depth,37.7
2026-07-25T07:28:00Z,metric-ingester,buffered_points,40804.6
2026-07-25T07:28:00Z,metric-ingester,container_memory_rss_mb,436.2
2026-07-25T07:28:00Z,metric-ingester,container_restarts,0.0
2026-07-25T07:28:00Z,metric-ingester,cpu_pct,35.9
2026-07-25T07:28:00Z,metric-ingester,points_flushed_per_min,789.4
2026-07-25T07:28:00Z,platform-api,metric_query_p95_ms,203.2
2026-07-25T07:28:00Z,query-svc,query_cache_hit_ratio,0.9392
2026-07-25T07:29:00Z,billing-worker,invoice_queue_depth,42.4
2026-07-25T07:29:00Z,metric-ingester,buffered_points,39590.2
2026-07-25T07:29:00Z,metric-ingester,container_memory_rss_mb,433.4
2026-07-25T07:29:00Z,metric-ingester,container_restarts,0.0
2026-07-25T07:29:00Z,metric-ingester,cpu_pct,32.6
2026-07-25T07:29:00Z,metric-ingester,points_flushed_per_min,795.6
2026-07-25T07:29:00Z,platform-api,metric_query_p95_ms,207.7
2026-07-25T07:29:00Z,query-svc,query_cache_hit_ratio,0.888
2026-07-25T07:30:00Z,billing-worker,invoice_queue_depth,41.3
2026-07-25T07:30:00Z,metric-ingester,buffered_points,41226.3
2026-07-25T07:30:00Z,metric-ingester,container_memory_rss_mb,414.3
2026-07-25T07:30:00Z,metric-ingester,container_restarts,0.0
2026-07-25T07:30:00Z,metric-ingester,cpu_pct,32.3
2026-07-25T07:30:00Z,metric-ingester,points_flushed_per_min,769.9
2026-07-25T07:30:00Z,platform-api,metric_query_p95_ms,221.8
2026-07-25T07:30:00Z,query-svc,query_cache_hit_ratio,0.9143
2026-07-25T07:31:00Z,billing-worker,invoice_queue_depth,38.9
2026-07-25T07:31:00Z,metric-ingester,buffered_points,41341.8
2026-07-25T07:31:00Z,metric-ingester,container_memory_rss_mb,405.7
2026-07-25T07:31:00Z,metric-ingester,container_restarts,0.0
2026-07-25T07:31:00Z,metric-ingester,cpu_pct,34.8
2026-07-25T07:31:00Z,metric-ingester,points_flushed_per_min,726.8
2026-07-25T07:31:00Z,platform-api,metric_query_p95_ms,216.3
2026-07-25T07:31:00Z,query-svc,query_cache_hit_ratio,0.9001
2026-07-25T07:32:00Z,billing-worker,invoice_queue_depth,42.4
2026-07-25T07:32:00Z,metric-ingester,buffered_points,40439.8
2026-07-25T07:32:00Z,metric-ingester,container_memory_rss_mb,415.7
2026-07-25T07:32:00Z,metric-ingester,container_restarts,0.0
2026-07-25T07:32:00Z,metric-ingester,cpu_pct,31.7
2026-07-25T07:32:00Z,metric-ingester,points_flushed_per_min,765.8
2026-07-25T07:32:00Z,platform-api,metric_query_p95_ms,217.8
2026-07-25T07:32:00Z,query-svc,query_cache_hit_ratio,0.9278
2026-07-25T07:33:00Z,billing-worker,invoice_queue_depth,39.2
2026-07-25T07:33:00Z,metric-ingester,buffered_points,39116.2
2026-07-25T07:33:00Z,metric-ingester,container_memory_rss_mb,417.5
2026-07-25T07:33:00Z,metric-ingester,container_restarts,0.0
2026-07-25T07:33:00Z,metric-ingester,cpu_pct,32.9
2026-07-25T07:33:00Z,metric-ingester,points_flushed_per_min,804.8
2026-07-25T07:33:00Z,platform-api,metric_query_p95_ms,202.2
2026-07-25T07:33:00Z,query-svc,query_cache_hit_ratio,0.9216
2026-07-25T07:34:00Z,billing-worker,invoice_queue_depth,38.5
2026-07-25T07:34:00Z,metric-ingester,buffered_points,40108.6
2026-07-25T07:34:00Z,metric-ingester,container_memory_rss_mb,433.7
2026-07-25T07:34:00Z,metric-ingester,container_restarts,0.0
2026-07-25T07:34:00Z,metric-ingester,cpu_pct,35.5
2026-07-25T07:34:00Z,metric-ingester,points_flushed_per_min,808.5
2026-07-25T07:34:00Z,platform-api,metric_query_p95_ms,201.6
2026-07-25T07:34:00Z,query-svc,query_cache_hit_ratio,0.877
2026-07-25T07:35:00Z,billing-worker,invoice_queue_depth,41.4
2026-07-25T07:35:00Z,metric-ingester,buffered_points,39141.9
2026-07-25T07:35:00Z,metric-ingester,container_memory_rss_mb,405.0
2026-07-25T07:35:00Z,metric-ingester,container_restarts,0.0
2026-07-25T07:35:00Z,metric-ingester,cpu_pct,36.7
2026-07-25T07:35:00Z,metric-ingester,points_flushed_per_min,828.6
2026-07-25T07:35:00Z,platform-api,metric_query_p95_ms,217.7
2026-07-25T07:35:00Z,query-svc,query_cache_hit_ratio,0.873
2026-07-25T07:36:00Z,billing-worker,invoice_queue_depth,40.2
2026-07-25T07:36:00Z,metric-ingester,buffered_points,39509.0
2026-07-25T07:36:00Z,metric-ingester,container_memory_rss_mb,418.0
2026-07-25T07:36:00Z,metric-ingester,container_restarts,0.0
2026-07-25T07:36:00Z,metric-ingester,cpu_pct,35.4
2026-07-25T07:36:00Z,metric-ingester,points_flushed_per_min,815.7
2026-07-25T07:36:00Z,platform-api,metric_query_p95_ms,197.9
2026-07-25T07:36:00Z,query-svc,query_cache_hit_ratio,0.8748
2026-07-25T07:37:00Z,billing-worker,invoice_queue_depth,38.7
2026-07-25T07:37:00Z,metric-ingester,buffered_points,41236.1
2026-07-25T07:37:00Z,metric-ingester,container_memory_rss_mb,432.0
2026-07-25T07:37:00Z,metric-ingester,container_restarts,0.0
2026-07-25T07:37:00Z,metric-ingester,cpu_pct,32.1
2026-07-25T07:37:00Z,metric-ingester,points_flushed_per_min,788.2
2026-07-25T07:37:00Z,platform-api,metric_query_p95_ms,219.3
2026-07-25T07:37:00Z,query-svc,query_cache_hit_ratio,0.9276
2026-07-25T07:38:00Z,billing-worker,invoice_queue_depth,40.6
2026-07-25T07:38:00Z,metric-ingester,buffered_points,41049.1
2026-07-25T07:38:00Z,metric-ingester,container_memory_rss_mb,415.1
2026-07-25T07:38:00Z,metric-ingester,container_restarts,0.0
2026-07-25T07:38:00Z,metric-ingester,cpu_pct,32.8
2026-07-25T07:38:00Z,metric-ingester,points_flushed_per_min,742.7
2026-07-25T07:38:00Z,platform-api,metric_query_p95_ms,201.8
2026-07-25T07:38:00Z,query-svc,query_cache_hit_ratio,0.9229
2026-07-25T07:39:00Z,billing-worker,invoice_queue_depth,40.9
2026-07-25T07:39:00Z,metric-ingester,buffered_points,39630.3
2026-07-25T07:39:00Z,metric-ingester,container_memory_rss_mb,425.1
2026-07-25T07:39:00Z,metric-ingester,container_restarts,0.0
2026-07-25T07:39:00Z,metric-ingester,cpu_pct,32.7
2026-07-25T07:39:00Z,metric-ingester,points_flushed_per_min,791.9
2026-07-25T07:39:00Z,platform-api,metric_query_p95_ms,210.3
2026-07-25T07:39:00Z,query-svc,query_cache_hit_ratio,0.9436
2026-07-25T07:40:00Z,billing-worker,invoice_queue_depth,40.3
2026-07-25T07:40:00Z,metric-ingester,buffered_points,39121.8
2026-07-25T07:40:00Z,metric-ingester,container_memory_rss_mb,415.7
2026-07-25T07:40:00Z,metric-ingester,container_restarts,0.0
2026-07-25T07:40:00Z,metric-ingester,cpu_pct,36.2
2026-07-25T07:40:00Z,metric-ingester,points_flushed_per_min,744.6
2026-07-25T07:40:00Z,platform-api,metric_query_p95_ms,204.3
2026-07-25T07:40:00Z,query-svc,query_cache_hit_ratio,0.935
2026-07-25T07:41:00Z,billing-worker,invoice_queue_depth,40.7
2026-07-25T07:41:00Z,metric-ingester,buffered_points,38262.7
2026-07-25T07:41:00Z,metric-ingester,container_memory_rss_mb,418.7
2026-07-25T07:41:00Z,metric-ingester,container_restarts,0.0
2026-07-25T07:41:00Z,metric-ingester,cpu_pct,35.3
2026-07-25T07:41:00Z,metric-ingester,points_flushed_per_min,742.2
2026-07-25T07:41:00Z,platform-api,metric_query_p95_ms,221.7
2026-07-25T07:41:00Z,query-svc,query_cache_hit_ratio,0.9014
2026-07-25T07:42:00Z,billing-worker,invoice_queue_depth,41.4
2026-07-25T07:42:00Z,metric-ingester,buffered_points,40285.1
2026-07-25T07:42:00Z,metric-ingester,container_memory_rss_mb,415.9
2026-07-25T07:42:00Z,metric-ingester,container_restarts,0.0
2026-07-25T07:42:00Z,metric-ingester,cpu_pct,36.4
2026-07-25T07:42:00Z,metric-ingester,points_flushed_per_min,752.4
2026-07-25T07:42:00Z,platform-api,metric_query_p95_ms,203.3
2026-07-25T07:42:00Z,query-svc,query_cache_hit_ratio,0.9151
2026-07-25T07:43:00Z,billing-worker,invoice_queue_depth,38.3
2026-07-25T07:43:00Z,metric-ingester,buffered_points,40854.4
2026-07-25T07:43:00Z,metric-ingester,container_memory_rss_mb,423.7
2026-07-25T07:43:00Z,metric-ingester,container_restarts,0.0
2026-07-25T07:43:00Z,metric-ingester,cpu_pct,31.8
2026-07-25T07:43:00Z,metric-ingester,points_flushed_per_min,823.5
2026-07-25T07:43:00Z,platform-api,metric_query_p95_ms,211.7
2026-07-25T07:43:00Z,query-svc,query_cache_hit_ratio,0.9162
2026-07-25T07:44:00Z,billing-worker,invoice_queue_depth,39.2
2026-07-25T07:44:00Z,metric-ingester,buffered_points,38400.1
2026-07-25T07:44:00Z,metric-ingester,container_memory_rss_mb,427.9
2026-07-25T07:44:00Z,metric-ingester,container_restarts,0.0
2026-07-25T07:44:00Z,metric-ingester,cpu_pct,34.1
2026-07-25T07:44:00Z,metric-ingester,points_flushed_per_min,786.8
2026-07-25T07:44:00Z,platform-api,metric_query_p95_ms,215.2
2026-07-25T07:44:00Z,query-svc,query_cache_hit_ratio,0.9545
2026-07-25T07:45:00Z,billing-worker,invoice_queue_depth,39.7
2026-07-25T07:45:00Z,metric-ingester,buffered_points,39495.6
2026-07-25T07:45:00Z,metric-ingester,container_memory_rss_mb,405.0
2026-07-25T07:45:00Z,metric-ingester,container_restarts,0.0
2026-07-25T07:45:00Z,metric-ingester,cpu_pct,34.8
2026-07-25T07:45:00Z,metric-ingester,points_flushed_per_min,792.6
2026-07-25T07:45:00Z,platform-api,metric_query_p95_ms,198.1
2026-07-25T07:45:00Z,query-svc,query_cache_hit_ratio,0.8846
2026-07-25T07:46:00Z,billing-worker,invoice_queue_depth,38.4
2026-07-25T07:46:00Z,metric-ingester,buffered_points,39876.4
2026-07-25T07:46:00Z,metric-ingester,container_memory_rss_mb,405.2
2026-07-25T07:46:00Z,metric-ingester,container_restarts,0.0
2026-07-25T07:46:00Z,metric-ingester,cpu_pct,34.6
2026-07-25T07:46:00Z,metric-ingester,points_flushed_per_min,791.9
2026-07-25T07:46:00Z,platform-api,metric_query_p95_ms,193.5
2026-07-25T07:46:00Z,query-svc,query_cache_hit_ratio,0.9124
2026-07-25T07:47:00Z,billing-worker,invoice_queue_depth,37.9
2026-07-25T07:47:00Z,metric-ingester,buffered_points,41282.9
2026-07-25T07:47:00Z,metric-ingester,container_memory_rss_mb,432.2
2026-07-25T07:47:00Z,metric-ingester,container_restarts,0.0
2026-07-25T07:47:00Z,metric-ingester,cpu_pct,32.4
2026-07-25T07:47:00Z,metric-ingester,points_flushed_per_min,770.4
2026-07-25T07:47:00Z,platform-api,metric_query_p95_ms,212.2
2026-07-25T07:47:00Z,query-svc,query_cache_hit_ratio,0.8822
2026-07-25T07:48:00Z,billing-worker,invoice_queue_depth,38.3
2026-07-25T07:48:00Z,metric-ingester,buffered_points,41375.9
2026-07-25T07:48:00Z,metric-ingester,container_memory_rss_mb,414.4
2026-07-25T07:48:00Z,metric-ingester,container_restarts,0.0
2026-07-25T07:48:00Z,metric-ingester,cpu_pct,36.3
2026-07-25T07:48:00Z,metric-ingester,points_flushed_per_min,811.6
2026-07-25T07:48:00Z,platform-api,metric_query_p95_ms,205.6
2026-07-25T07:48:00Z,query-svc,query_cache_hit_ratio,0.8865
2026-07-25T07:49:00Z,billing-worker,invoice_queue_depth,39.1
2026-07-25T07:49:00Z,metric-ingester,buffered_points,38624.9
2026-07-25T07:49:00Z,metric-ingester,container_memory_rss_mb,431.9
2026-07-25T07:49:00Z,metric-ingester,container_restarts,0.0
2026-07-25T07:49:00Z,metric-ingester,cpu_pct,35.8
2026-07-25T07:49:00Z,metric-ingester,points_flushed_per_min,741.2
2026-07-25T07:49:00Z,platform-api,metric_query_p95_ms,211.9
2026-07-25T07:49:00Z,query-svc,query_cache_hit_ratio,0.8976
2026-07-25T07:50:00Z,billing-worker,invoice_queue_depth,39.5
2026-07-25T07:50:00Z,metric-ingester,buffered_points,41887.9
2026-07-25T07:50:00Z,metric-ingester,container_memory_rss_mb,422.6
2026-07-25T07:50:00Z,metric-ingester,container_restarts,0.0
2026-07-25T07:50:00Z,metric-ingester,cpu_pct,34.3
2026-07-25T07:50:00Z,metric-ingester,points_flushed_per_min,783.1
2026-07-25T07:50:00Z,platform-api,metric_query_p95_ms,205.5
2026-07-25T07:50:00Z,query-svc,query_cache_hit_ratio,0.8711
2026-07-25T07:51:00Z,billing-worker,invoice_queue_depth,41.8
2026-07-25T07:51:00Z,metric-ingester,buffered_points,40343.8
2026-07-25T07:51:00Z,metric-ingester,container_memory_rss_mb,410.1
2026-07-25T07:51:00Z,metric-ingester,container_restarts,0.0
2026-07-25T07:51:00Z,metric-ingester,cpu_pct,32.7
2026-07-25T07:51:00Z,metric-ingester,points_flushed_per_min,777.7
2026-07-25T07:51:00Z,platform-api,metric_query_p95_ms,199.1
2026-07-25T07:51:00Z,query-svc,query_cache_hit_ratio,0.8913
2026-07-25T07:52:00Z,billing-worker,invoice_queue_depth,37.9
2026-07-25T07:52:00Z,metric-ingester,buffered_points,40687.2
2026-07-25T07:52:00Z,metric-ingester,container_memory_rss_mb,414.3
2026-07-25T07:52:00Z,metric-ingester,container_restarts,0.0
2026-07-25T07:52:00Z,metric-ingester,cpu_pct,36.4
2026-07-25T07:52:00Z,metric-ingester,points_flushed_per_min,798.3
2026-07-25T07:52:00Z,platform-api,metric_query_p95_ms,207.8
2026-07-25T07:52:00Z,query-svc,query_cache_hit_ratio,0.8846
2026-07-25T07:53:00Z,billing-worker,invoice_queue_depth,41.8
2026-07-25T07:53:00Z,metric-ingester,buffered_points,41282.9
2026-07-25T07:53:00Z,metric-ingester,container_memory_rss_mb,434.6
2026-07-25T07:53:00Z,metric-ingester,container_restarts,0.0
2026-07-25T07:53:00Z,metric-ingester,cpu_pct,36.3
2026-07-25T07:53:00Z,metric-ingester,points_flushed_per_min,819.0
2026-07-25T07:53:00Z,platform-api,metric_query_p95_ms,204.9
2026-07-25T07:53:00Z,query-svc,query_cache_hit_ratio,0.8705
2026-07-25T07:54:00Z,billing-worker,invoice_queue_depth,40.0
2026-07-25T07:54:00Z,metric-ingester,buffered_points,39068.3
2026-07-25T07:54:00Z,metric-ingester,container_memory_rss_mb,420.9
2026-07-25T07:54:00Z,metric-ingester,container_restarts,0.0
2026-07-25T07:54:00Z,metric-ingester,cpu_pct,31.8
2026-07-25T07:54:00Z,metric-ingester,points_flushed_per_min,760.9
2026-07-25T07:54:00Z,platform-api,metric_query_p95_ms,209.8
2026-07-25T07:54:00Z,query-svc,query_cache_hit_ratio,0.8738
2026-07-25T07:55:00Z,billing-worker,invoice_queue_depth,40.7
2026-07-25T07:55:00Z,metric-ingester,buffered_points,41121.3
2026-07-25T07:55:00Z,metric-ingester,container_memory_rss_mb,407.3
2026-07-25T07:55:00Z,metric-ingester,container_restarts,0.0
2026-07-25T07:55:00Z,metric-ingester,cpu_pct,31.6
2026-07-25T07:55:00Z,metric-ingester,points_flushed_per_min,740.9
2026-07-25T07:55:00Z,platform-api,metric_query_p95_ms,212.8
2026-07-25T07:55:00Z,query-svc,query_cache_hit_ratio,0.9349
2026-07-25T07:56:00Z,billing-worker,invoice_queue_depth,41.8
2026-07-25T07:56:00Z,metric-ingester,buffered_points,40679.8
2026-07-25T07:56:00Z,metric-ingester,container_memory_rss_mb,410.7
2026-07-25T07:56:00Z,metric-ingester,container_restarts,0.0
2026-07-25T07:56:00Z,metric-ingester,cpu_pct,33.0
2026-07-25T07:56:00Z,metric-ingester,points_flushed_per_min,729.5
2026-07-25T07:56:00Z,platform-api,metric_query_p95_ms,200.3
2026-07-25T07:56:00Z,query-svc,query_cache_hit_ratio,0.9247
2026-07-25T07:57:00Z,billing-worker,invoice_queue_depth,38.7
2026-07-25T07:57:00Z,metric-ingester,buffered_points,38795.0
2026-07-25T07:57:00Z,metric-ingester,container_memory_rss_mb,408.4
2026-07-25T07:57:00Z,metric-ingester,container_restarts,0.0
2026-07-25T07:57:00Z,metric-ingester,cpu_pct,33.4
2026-07-25T07:57:00Z,metric-ingester,points_flushed_per_min,792.6
2026-07-25T07:57:00Z,platform-api,metric_query_p95_ms,222.1
2026-07-25T07:57:00Z,query-svc,query_cache_hit_ratio,0.9252
2026-07-25T07:58:00Z,billing-worker,invoice_queue_depth,39.8
2026-07-25T07:58:00Z,metric-ingester,buffered_points,38308.7
2026-07-25T07:58:00Z,metric-ingester,container_memory_rss_mb,428.0
2026-07-25T07:58:00Z,metric-ingester,container_restarts,0.0
2026-07-25T07:58:00Z,metric-ingester,cpu_pct,34.7
2026-07-25T07:58:00Z,metric-ingester,points_flushed_per_min,767.2
2026-07-25T07:58:00Z,platform-api,metric_query_p95_ms,216.4
2026-07-25T07:58:00Z,query-svc,query_cache_hit_ratio,0.8941
2026-07-25T07:59:00Z,billing-worker,invoice_queue_depth,39.8
2026-07-25T07:59:00Z,metric-ingester,buffered_points,41712.5
2026-07-25T07:59:00Z,metric-ingester,container_memory_rss_mb,415.1
2026-07-25T07:59:00Z,metric-ingester,container_restarts,0.0
2026-07-25T07:59:00Z,metric-ingester,cpu_pct,34.4
2026-07-25T07:59:00Z,metric-ingester,points_flushed_per_min,825.9
2026-07-25T07:59:00Z,platform-api,metric_query_p95_ms,204.9
2026-07-25T07:59:00Z,query-svc,query_cache_hit_ratio,0.9173
2026-07-25T08:00:00Z,billing-worker,invoice_queue_depth,41.2
2026-07-25T08:00:00Z,metric-ingester,buffered_points,40072.2
2026-07-25T08:00:00Z,metric-ingester,container_memory_rss_mb,415.6
2026-07-25T08:00:00Z,metric-ingester,container_restarts,0.0
2026-07-25T08:00:00Z,metric-ingester,cpu_pct,32.3
2026-07-25T08:00:00Z,metric-ingester,points_flushed_per_min,724.4
2026-07-25T08:00:00Z,platform-api,metric_query_p95_ms,194.0
2026-07-25T08:00:00Z,query-svc,query_cache_hit_ratio,0.8839
2026-07-25T08:01:00Z,billing-worker,invoice_queue_depth,42.3
2026-07-25T08:01:00Z,metric-ingester,buffered_points,39863.5
2026-07-25T08:01:00Z,metric-ingester,container_memory_rss_mb,414.9
2026-07-25T08:01:00Z,metric-ingester,container_restarts,0.0
2026-07-25T08:01:00Z,metric-ingester,cpu_pct,35.8
2026-07-25T08:01:00Z,metric-ingester,points_flushed_per_min,755.5
2026-07-25T08:01:00Z,platform-api,metric_query_p95_ms,212.8
2026-07-25T08:01:00Z,query-svc,query_cache_hit_ratio,0.9388
2026-07-25T08:02:00Z,billing-worker,invoice_queue_depth,39.4
2026-07-25T08:02:00Z,metric-ingester,buffered_points,39411.8
2026-07-25T08:02:00Z,metric-ingester,container_memory_rss_mb,426.1
2026-07-25T08:02:00Z,metric-ingester,container_restarts,0.0
2026-07-25T08:02:00Z,metric-ingester,cpu_pct,33.8
2026-07-25T08:02:00Z,metric-ingester,points_flushed_per_min,805.1
2026-07-25T08:02:00Z,platform-api,metric_query_p95_ms,213.9
2026-07-25T08:02:00Z,query-svc,query_cache_hit_ratio,0.9175
2026-07-25T08:03:00Z,billing-worker,invoice_queue_depth,38.5
2026-07-25T08:03:00Z,metric-ingester,buffered_points,40571.2
2026-07-25T08:03:00Z,metric-ingester,container_memory_rss_mb,429.5
2026-07-25T08:03:00Z,metric-ingester,container_restarts,0.0
2026-07-25T08:03:00Z,metric-ingester,cpu_pct,34.0
2026-07-25T08:03:00Z,metric-ingester,points_flushed_per_min,804.5
2026-07-25T08:03:00Z,platform-api,metric_query_p95_ms,215.4
2026-07-25T08:03:00Z,query-svc,query_cache_hit_ratio,0.9279
2026-07-25T08:04:00Z,billing-worker,invoice_queue_depth,38.3
2026-07-25T08:04:00Z,metric-ingester,buffered_points,40308.1
2026-07-25T08:04:00Z,metric-ingester,container_memory_rss_mb,411.7
2026-07-25T08:04:00Z,metric-ingester,container_restarts,0.0
2026-07-25T08:04:00Z,metric-ingester,cpu_pct,32.0
2026-07-25T08:04:00Z,metric-ingester,points_flushed_per_min,757.9
2026-07-25T08:04:00Z,platform-api,metric_query_p95_ms,195.9
2026-07-25T08:04:00Z,query-svc,query_cache_hit_ratio,0.9145
2026-07-25T08:05:00Z,billing-worker,invoice_queue_depth,37.6
2026-07-25T08:05:00Z,metric-ingester,buffered_points,41060.5
2026-07-25T08:05:00Z,metric-ingester,container_memory_rss_mb,405.3
2026-07-25T08:05:00Z,metric-ingester,container_restarts,0.0
2026-07-25T08:05:00Z,metric-ingester,cpu_pct,33.0
2026-07-25T08:05:00Z,metric-ingester,points_flushed_per_min,774.7
2026-07-25T08:05:00Z,platform-api,metric_query_p95_ms,222.3
2026-07-25T08:05:00Z,query-svc,query_cache_hit_ratio,0.9332
2026-07-25T08:06:00Z,billing-worker,invoice_queue_depth,41.5
2026-07-25T08:06:00Z,metric-ingester,buffered_points,39358.2
2026-07-25T08:06:00Z,metric-ingester,container_memory_rss_mb,427.7
2026-07-25T08:06:00Z,metric-ingester,container_restarts,0.0
2026-07-25T08:06:00Z,metric-ingester,cpu_pct,31.7
2026-07-25T08:06:00Z,metric-ingester,points_flushed_per_min,768.7
2026-07-25T08:06:00Z,platform-api,metric_query_p95_ms,206.9
2026-07-25T08:06:00Z,query-svc,query_cache_hit_ratio,0.8887
2026-07-25T08:07:00Z,billing-worker,invoice_queue_depth,37.7
2026-07-25T08:07:00Z,metric-ingester,buffered_points,40528.3
2026-07-25T08:07:00Z,metric-ingester,container_memory_rss_mb,426.3
2026-07-25T08:07:00Z,metric-ingester,container_restarts,0.0
2026-07-25T08:07:00Z,metric-ingester,cpu_pct,32.7
2026-07-25T08:07:00Z,metric-ingester,points_flushed_per_min,761.3
2026-07-25T08:07:00Z,platform-api,metric_query_p95_ms,197.5
2026-07-25T08:07:00Z,query-svc,query_cache_hit_ratio,0.8827
2026-07-25T08:08:00Z,billing-worker,invoice_queue_depth,38.3
2026-07-25T08:08:00Z,metric-ingester,buffered_points,38230.2
2026-07-25T08:08:00Z,metric-ingester,container_memory_rss_mb,417.2
2026-07-25T08:08:00Z,metric-ingester,container_restarts,0.0
2026-07-25T08:08:00Z,metric-ingester,cpu_pct,34.5
2026-07-25T08:08:00Z,metric-ingester,points_flushed_per_min,764.5
2026-07-25T08:08:00Z,platform-api,metric_query_p95_ms,200.6
2026-07-25T08:08:00Z,query-svc,query_cache_hit_ratio,0.9392
2026-07-25T08:09:00Z,billing-worker,invoice_queue_depth,38.1
2026-07-25T08:09:00Z,metric-ingester,buffered_points,40164.3
2026-07-25T08:09:00Z,metric-ingester,container_memory_rss_mb,410.5
2026-07-25T08:09:00Z,metric-ingester,container_restarts,0.0
2026-07-25T08:09:00Z,metric-ingester,cpu_pct,32.4
2026-07-25T08:09:00Z,metric-ingester,points_flushed_per_min,781.8
2026-07-25T08:09:00Z,platform-api,metric_query_p95_ms,210.0
2026-07-25T08:09:00Z,query-svc,query_cache_hit_ratio,0.9215
2026-07-25T08:10:00Z,billing-worker,invoice_queue_depth,38.2
2026-07-25T08:10:00Z,metric-ingester,buffered_points,40972.2
2026-07-25T08:10:00Z,metric-ingester,container_memory_rss_mb,417.3
2026-07-25T08:10:00Z,metric-ingester,container_restarts,0.0
2026-07-25T08:10:00Z,metric-ingester,cpu_pct,31.8
2026-07-25T08:10:00Z,metric-ingester,points_flushed_per_min,737.4
2026-07-25T08:10:00Z,platform-api,metric_query_p95_ms,207.3
2026-07-25T08:10:00Z,query-svc,query_cache_hit_ratio,0.9546
2026-07-25T08:11:00Z,billing-worker,invoice_queue_depth,37.7
2026-07-25T08:11:00Z,metric-ingester,buffered_points,39793.8
2026-07-25T08:11:00Z,metric-ingester,container_memory_rss_mb,436.0
2026-07-25T08:11:00Z,metric-ingester,container_restarts,0.0
2026-07-25T08:11:00Z,metric-ingester,cpu_pct,32.1
2026-07-25T08:11:00Z,metric-ingester,points_flushed_per_min,771.7
2026-07-25T08:11:00Z,platform-api,metric_query_p95_ms,209.2
2026-07-25T08:11:00Z,query-svc,query_cache_hit_ratio,0.91
2026-07-25T08:12:00Z,billing-worker,invoice_queue_depth,39.3
2026-07-25T08:12:00Z,metric-ingester,buffered_points,41345.5
2026-07-25T08:12:00Z,metric-ingester,container_memory_rss_mb,427.5
2026-07-25T08:12:00Z,metric-ingester,container_restarts,0.0
2026-07-25T08:12:00Z,metric-ingester,cpu_pct,34.3
2026-07-25T08:12:00Z,metric-ingester,points_flushed_per_min,779.3
2026-07-25T08:12:00Z,platform-api,metric_query_p95_ms,196.2
2026-07-25T08:12:00Z,query-svc,query_cache_hit_ratio,0.9149
2026-07-25T08:13:00Z,billing-worker,invoice_queue_depth,40.4
2026-07-25T08:13:00Z,metric-ingester,buffered_points,38266.3
2026-07-25T08:13:00Z,metric-ingester,container_memory_rss_mb,421.9
2026-07-25T08:13:00Z,metric-ingester,container_restarts,0.0
2026-07-25T08:13:00Z,metric-ingester,cpu_pct,35.2
2026-07-25T08:13:00Z,metric-ingester,points_flushed_per_min,776.7
2026-07-25T08:13:00Z,platform-api,metric_query_p95_ms,208.3
2026-07-25T08:13:00Z,query-svc,query_cache_hit_ratio,0.8917
2026-07-25T08:14:00Z,billing-worker,invoice_queue_depth,41.9
2026-07-25T08:14:00Z,metric-ingester,buffered_points,38623.8
2026-07-25T08:14:00Z,metric-ingester,container_memory_rss_mb,436.4
2026-07-25T08:14:00Z,metric-ingester,container_restarts,0.0
2026-07-25T08:14:00Z,metric-ingester,cpu_pct,35.2
2026-07-25T08:14:00Z,metric-ingester,points_flushed_per_min,773.7
2026-07-25T08:14:00Z,platform-api,metric_query_p95_ms,220.7
2026-07-25T08:14:00Z,query-svc,query_cache_hit_ratio,0.8787
2026-07-25T08:15:00Z,billing-worker,invoice_queue_depth,37.9
2026-07-25T08:15:00Z,metric-ingester,buffered_points,38530.8
2026-07-25T08:15:00Z,metric-ingester,container_memory_rss_mb,407.0
2026-07-25T08:15:00Z,metric-ingester,container_restarts,0.0
2026-07-25T08:15:00Z,metric-ingester,cpu_pct,35.7
2026-07-25T08:15:00Z,metric-ingester,points_flushed_per_min,767.5
2026-07-25T08:15:00Z,platform-api,metric_query_p95_ms,210.1
2026-07-25T08:15:00Z,query-svc,query_cache_hit_ratio,0.881
2026-07-25T08:16:00Z,billing-worker,invoice_queue_depth,38.8
2026-07-25T08:16:00Z,metric-ingester,buffered_points,40460.0
2026-07-25T08:16:00Z,metric-ingester,container_memory_rss_mb,407.0
2026-07-25T08:16:00Z,metric-ingester,container_restarts,0.0
2026-07-25T08:16:00Z,metric-ingester,cpu_pct,35.4
2026-07-25T08:16:00Z,metric-ingester,points_flushed_per_min,771.2
2026-07-25T08:16:00Z,platform-api,metric_query_p95_ms,222.6
2026-07-25T08:16:00Z,query-svc,query_cache_hit_ratio,0.9363
2026-07-25T08:17:00Z,billing-worker,invoice_queue_depth,42.4
2026-07-25T08:17:00Z,metric-ingester,buffered_points,41245.9
2026-07-25T08:17:00Z,metric-ingester,container_memory_rss_mb,430.4
2026-07-25T08:17:00Z,metric-ingester,container_restarts,0.0
2026-07-25T08:17:00Z,metric-ingester,cpu_pct,32.1
2026-07-25T08:17:00Z,metric-ingester,points_flushed_per_min,798.9
2026-07-25T08:17:00Z,platform-api,metric_query_p95_ms,210.6
2026-07-25T08:17:00Z,query-svc,query_cache_hit_ratio,0.9316
2026-07-25T08:18:00Z,billing-worker,invoice_queue_depth,38.3
2026-07-25T08:18:00Z,metric-ingester,buffered_points,38252.0
2026-07-25T08:18:00Z,metric-ingester,container_memory_rss_mb,405.3
2026-07-25T08:18:00Z,metric-ingester,container_restarts,0.0
2026-07-25T08:18:00Z,metric-ingester,cpu_pct,34.3
2026-07-25T08:18:00Z,metric-ingester,points_flushed_per_min,743.8
2026-07-25T08:18:00Z,platform-api,metric_query_p95_ms,213.8
2026-07-25T08:18:00Z,query-svc,query_cache_hit_ratio,0.8751
2026-07-25T08:19:00Z,billing-worker,invoice_queue_depth,40.5
2026-07-25T08:19:00Z,metric-ingester,buffered_points,41123.8
2026-07-25T08:19:00Z,metric-ingester,container_memory_rss_mb,413.1
2026-07-25T08:19:00Z,metric-ingester,container_restarts,0.0
2026-07-25T08:19:00Z,metric-ingester,cpu_pct,35.0
2026-07-25T08:19:00Z,metric-ingester,points_flushed_per_min,733.0
2026-07-25T08:19:00Z,platform-api,metric_query_p95_ms,207.0
2026-07-25T08:19:00Z,query-svc,query_cache_hit_ratio,0.8939
2026-07-25T08:20:00Z,billing-worker,invoice_queue_depth,41.0
2026-07-25T08:20:00Z,metric-ingester,buffered_points,39275.6
2026-07-25T08:20:00Z,metric-ingester,container_memory_rss_mb,416.1
2026-07-25T08:20:00Z,metric-ingester,container_restarts,0.0
2026-07-25T08:20:00Z,metric-ingester,cpu_pct,36.2
2026-07-25T08:20:00Z,metric-ingester,points_flushed_per_min,787.0
2026-07-25T08:20:00Z,platform-api,metric_query_p95_ms,226.6
2026-07-25T08:20:00Z,query-svc,query_cache_hit_ratio,0.8702
2026-07-25T08:21:00Z,billing-worker,invoice_queue_depth,41.2
2026-07-25T08:21:00Z,metric-ingester,buffered_points,38744.2
2026-07-25T08:21:00Z,metric-ingester,container_memory_rss_mb,420.3
2026-07-25T08:21:00Z,metric-ingester,container_restarts,0.0
2026-07-25T08:21:00Z,metric-ingester,cpu_pct,33.9
2026-07-25T08:21:00Z,metric-ingester,points_flushed_per_min,739.8
2026-07-25T08:21:00Z,platform-api,metric_query_p95_ms,221.1
2026-07-25T08:21:00Z,query-svc,query_cache_hit_ratio,0.896
2026-07-25T08:22:00Z,billing-worker,invoice_queue_depth,41.2
2026-07-25T08:22:00Z,metric-ingester,buffered_points,38559.6
2026-07-25T08:22:00Z,metric-ingester,container_memory_rss_mb,426.0
2026-07-25T08:22:00Z,metric-ingester,container_restarts,0.0
2026-07-25T08:22:00Z,metric-ingester,cpu_pct,32.4
2026-07-25T08:22:00Z,metric-ingester,points_flushed_per_min,793.5
2026-07-25T08:22:00Z,platform-api,metric_query_p95_ms,198.4
2026-07-25T08:22:00Z,query-svc,query_cache_hit_ratio,0.913
2026-07-25T08:23:00Z,billing-worker,invoice_queue_depth,38.3
2026-07-25T08:23:00Z,metric-ingester,buffered_points,41452.8
2026-07-25T08:23:00Z,metric-ingester,container_memory_rss_mb,409.7
2026-07-25T08:23:00Z,metric-ingester,container_restarts,0.0
2026-07-25T08:23:00Z,metric-ingester,cpu_pct,36.5
2026-07-25T08:23:00Z,metric-ingester,points_flushed_per_min,765.9
2026-07-25T08:23:00Z,platform-api,metric_query_p95_ms,200.7
2026-07-25T08:23:00Z,query-svc,query_cache_hit_ratio,0.8837
2026-07-25T08:24:00Z,billing-worker,invoice_queue_depth,40.7
2026-07-25T08:24:00Z,metric-ingester,buffered_points,41385.8
2026-07-25T08:24:00Z,metric-ingester,container_memory_rss_mb,407.4
2026-07-25T08:24:00Z,metric-ingester,container_restarts,0.0
2026-07-25T08:24:00Z,metric-ingester,cpu_pct,33.1
2026-07-25T08:24:00Z,metric-ingester,points_flushed_per_min,804.3
2026-07-25T08:24:00Z,platform-api,metric_query_p95_ms,207.5
2026-07-25T08:24:00Z,query-svc,query_cache_hit_ratio,0.945
2026-07-25T08:25:00Z,billing-worker,invoice_queue_depth,41.6
2026-07-25T08:25:00Z,metric-ingester,buffered_points,39005.8
2026-07-25T08:25:00Z,metric-ingester,container_memory_rss_mb,436.8
2026-07-25T08:25:00Z,metric-ingester,container_restarts,0.0
2026-07-25T08:25:00Z,metric-ingester,cpu_pct,35.5
2026-07-25T08:25:00Z,metric-ingester,points_flushed_per_min,841.1
2026-07-25T08:25:00Z,platform-api,metric_query_p95_ms,220.6
2026-07-25T08:25:00Z,query-svc,query_cache_hit_ratio,0.9483
2026-07-25T08:26:00Z,billing-worker,invoice_queue_depth,38.0
2026-07-25T08:26:00Z,metric-ingester,buffered_points,39454.7
2026-07-25T08:26:00Z,metric-ingester,container_memory_rss_mb,434.1
2026-07-25T08:26:00Z,metric-ingester,container_restarts,0.0
2026-07-25T08:26:00Z,metric-ingester,cpu_pct,34.0
2026-07-25T08:26:00Z,metric-ingester,points_flushed_per_min,830.5
2026-07-25T08:26:00Z,platform-api,metric_query_p95_ms,221.3
2026-07-25T08:26:00Z,query-svc,query_cache_hit_ratio,0.917
2026-07-25T08:27:00Z,billing-worker,invoice_queue_depth,40.6
2026-07-25T08:27:00Z,metric-ingester,buffered_points,38877.1
2026-07-25T08:27:00Z,metric-ingester,container_memory_rss_mb,419.4
2026-07-25T08:27:00Z,metric-ingester,container_restarts,0.0
2026-07-25T08:27:00Z,metric-ingester,cpu_pct,32.3
2026-07-25T08:27:00Z,metric-ingester,points_flushed_per_min,788.9
2026-07-25T08:27:00Z,platform-api,metric_query_p95_ms,210.5
2026-07-25T08:27:00Z,query-svc,query_cache_hit_ratio,0.924
2026-07-25T08:28:00Z,billing-worker,invoice_queue_depth,37.9
2026-07-25T08:28:00Z,metric-ingester,buffered_points,38695.6
2026-07-25T08:28:00Z,metric-ingester,container_memory_rss_mb,427.0
2026-07-25T08:28:00Z,metric-ingester,container_restarts,0.0
2026-07-25T08:28:00Z,metric-ingester,cpu_pct,31.8
2026-07-25T08:28:00Z,metric-ingester,points_flushed_per_min,778.3
2026-07-25T08:28:00Z,platform-api,metric_query_p95_ms,212.4
2026-07-25T08:28:00Z,query-svc,query_cache_hit_ratio,0.9381
2026-07-25T08:29:00Z,billing-worker,invoice_queue_depth,42.3
2026-07-25T08:29:00Z,metric-ingester,buffered_points,39466.4
2026-07-25T08:29:00Z,metric-ingester,container_memory_rss_mb,431.1
2026-07-25T08:29:00Z,metric-ingester,container_restarts,0.0
2026-07-25T08:29:00Z,metric-ingester,cpu_pct,33.4
2026-07-25T08:29:00Z,metric-ingester,points_flushed_per_min,815.1
2026-07-25T08:29:00Z,platform-api,metric_query_p95_ms,207.0
2026-07-25T08:29:00Z,query-svc,query_cache_hit_ratio,0.9165
2026-07-25T08:30:00Z,billing-worker,invoice_queue_depth,40.1
2026-07-25T08:30:00Z,metric-ingester,buffered_points,41187.8
2026-07-25T08:30:00Z,metric-ingester,container_memory_rss_mb,412.3
2026-07-25T08:30:00Z,metric-ingester,container_restarts,0.0
2026-07-25T08:30:00Z,metric-ingester,cpu_pct,36.2
2026-07-25T08:30:00Z,metric-ingester,points_flushed_per_min,827.0
2026-07-25T08:30:00Z,platform-api,metric_query_p95_ms,206.5
2026-07-25T08:30:00Z,query-svc,query_cache_hit_ratio,0.8743
2026-07-25T08:31:00Z,billing-worker,invoice_queue_depth,38.3
2026-07-25T08:31:00Z,metric-ingester,buffered_points,40111.6
2026-07-25T08:31:00Z,metric-ingester,container_memory_rss_mb,418.9
2026-07-25T08:31:00Z,metric-ingester,container_restarts,0.0
2026-07-25T08:31:00Z,metric-ingester,cpu_pct,33.0
2026-07-25T08:31:00Z,metric-ingester,points_flushed_per_min,783.6
2026-07-25T08:31:00Z,platform-api,metric_query_p95_ms,202.1
2026-07-25T08:31:00Z,query-svc,query_cache_hit_ratio,0.8881
2026-07-25T08:32:00Z,billing-worker,invoice_queue_depth,38.6
2026-07-25T08:32:00Z,metric-ingester,buffered_points,38879.0
2026-07-25T08:32:00Z,metric-ingester,container_memory_rss_mb,421.6
2026-07-25T08:32:00Z,metric-ingester,container_restarts,0.0
2026-07-25T08:32:00Z,metric-ingester,cpu_pct,34.1
2026-07-25T08:32:00Z,metric-ingester,points_flushed_per_min,747.1
2026-07-25T08:32:00Z,platform-api,metric_query_p95_ms,213.2
2026-07-25T08:32:00Z,query-svc,query_cache_hit_ratio,0.9215
2026-07-25T08:33:00Z,billing-worker,invoice_queue_depth,40.3
2026-07-25T08:33:00Z,metric-ingester,buffered_points,41748.0
2026-07-25T08:33:00Z,metric-ingester,container_memory_rss_mb,409.7
2026-07-25T08:33:00Z,metric-ingester,container_restarts,0.0
2026-07-25T08:33:00Z,metric-ingester,cpu_pct,34.1
2026-07-25T08:33:00Z,metric-ingester,points_flushed_per_min,752.9
2026-07-25T08:33:00Z,platform-api,metric_query_p95_ms,222.3
2026-07-25T08:33:00Z,query-svc,query_cache_hit_ratio,0.9175
2026-07-25T08:34:00Z,billing-worker,invoice_queue_depth,38.4
2026-07-25T08:34:00Z,metric-ingester,buffered_points,38357.9
2026-07-25T08:34:00Z,metric-ingester,container_memory_rss_mb,427.0
2026-07-25T08:34:00Z,metric-ingester,container_restarts,0.0
2026-07-25T08:34:00Z,metric-ingester,cpu_pct,31.7
2026-07-25T08:34:00Z,metric-ingester,points_flushed_per_min,782.1
2026-07-25T08:34:00Z,platform-api,metric_query_p95_ms,207.5
2026-07-25T08:34:00Z,query-svc,query_cache_hit_ratio,0.8759
2026-07-25T08:35:00Z,billing-worker,invoice_queue_depth,40.2
2026-07-25T08:35:00Z,metric-ingester,buffered_points,40424.5
2026-07-25T08:35:00Z,metric-ingester,container_memory_rss_mb,420.3
2026-07-25T08:35:00Z,metric-ingester,container_restarts,0.0
2026-07-25T08:35:00Z,metric-ingester,cpu_pct,32.0
2026-07-25T08:35:00Z,metric-ingester,points_flushed_per_min,768.7
2026-07-25T08:35:00Z,platform-api,metric_query_p95_ms,221.7
2026-07-25T08:35:00Z,query-svc,query_cache_hit_ratio,0.8937
2026-07-25T08:36:00Z,billing-worker,invoice_queue_depth,41.9
2026-07-25T08:36:00Z,metric-ingester,buffered_points,41460.5
2026-07-25T08:36:00Z,metric-ingester,container_memory_rss_mb,422.6
2026-07-25T08:36:00Z,metric-ingester,container_restarts,0.0
2026-07-25T08:36:00Z,metric-ingester,cpu_pct,35.3
2026-07-25T08:36:00Z,metric-ingester,points_flushed_per_min,810.0
2026-07-25T08:36:00Z,platform-api,metric_query_p95_ms,195.1
2026-07-25T08:36:00Z,query-svc,query_cache_hit_ratio,0.9009
2026-07-25T08:37:00Z,billing-worker,invoice_queue_depth,39.9
2026-07-25T08:37:00Z,metric-ingester,buffered_points,39020.8
2026-07-25T08:37:00Z,metric-ingester,container_memory_rss_mb,403.8
2026-07-25T08:37:00Z,metric-ingester,container_restarts,0.0
2026-07-25T08:37:00Z,metric-ingester,cpu_pct,32.4
2026-07-25T08:37:00Z,metric-ingester,points_flushed_per_min,733.3
2026-07-25T08:37:00Z,platform-api,metric_query_p95_ms,199.9
2026-07-25T08:37:00Z,query-svc,query_cache_hit_ratio,0.9115
2026-07-25T08:38:00Z,billing-worker,invoice_queue_depth,39.3
2026-07-25T08:38:00Z,metric-ingester,buffered_points,38685.4
2026-07-25T08:38:00Z,metric-ingester,container_memory_rss_mb,435.4
2026-07-25T08:38:00Z,metric-ingester,container_restarts,0.0
2026-07-25T08:38:00Z,metric-ingester,cpu_pct,35.7
2026-07-25T08:38:00Z,metric-ingester,points_flushed_per_min,730.2
2026-07-25T08:38:00Z,platform-api,metric_query_p95_ms,209.8
2026-07-25T08:38:00Z,query-svc,query_cache_hit_ratio,0.9309
2026-07-25T08:39:00Z,billing-worker,invoice_queue_depth,41.6
2026-07-25T08:39:00Z,metric-ingester,buffered_points,38969.3
2026-07-25T08:39:00Z,metric-ingester,container_memory_rss_mb,426.9
2026-07-25T08:39:00Z,metric-ingester,container_restarts,0.0
2026-07-25T08:39:00Z,metric-ingester,cpu_pct,32.2
2026-07-25T08:39:00Z,metric-ingester,points_flushed_per_min,754.8
2026-07-25T08:39:00Z,platform-api,metric_query_p95_ms,215.8
2026-07-25T08:39:00Z,query-svc,query_cache_hit_ratio,0.8668
2026-07-25T08:40:00Z,billing-worker,invoice_queue_depth,42.1
2026-07-25T08:40:00Z,metric-ingester,buffered_points,41929.0
2026-07-25T08:40:00Z,metric-ingester,container_memory_rss_mb,415.7
2026-07-25T08:40:00Z,metric-ingester,container_restarts,0.0
2026-07-25T08:40:00Z,metric-ingester,cpu_pct,32.3
2026-07-25T08:40:00Z,metric-ingester,points_flushed_per_min,794.8
2026-07-25T08:40:00Z,platform-api,metric_query_p95_ms,225.9
2026-07-25T08:40:00Z,query-svc,query_cache_hit_ratio,0.949
2026-07-25T08:41:00Z,billing-worker,invoice_queue_depth,37.9
2026-07-25T08:41:00Z,metric-ingester,buffered_points,39889.5
2026-07-25T08:41:00Z,metric-ingester,container_memory_rss_mb,416.5
2026-07-25T08:41:00Z,metric-ingester,container_restarts,0.0
2026-07-25T08:41:00Z,metric-ingester,cpu_pct,31.6
2026-07-25T08:41:00Z,metric-ingester,points_flushed_per_min,793.7
2026-07-25T08:41:00Z,platform-api,metric_query_p95_ms,198.3
2026-07-25T08:41:00Z,query-svc,query_cache_hit_ratio,0.9208
2026-07-25T08:42:00Z,billing-worker,invoice_queue_depth,40.1
2026-07-25T08:42:00Z,metric-ingester,buffered_points,40692.3
2026-07-25T08:42:00Z,metric-ingester,container_memory_rss_mb,425.8
2026-07-25T08:42:00Z,metric-ingester,container_restarts,0.0
2026-07-25T08:42:00Z,metric-ingester,cpu_pct,35.2
2026-07-25T08:42:00Z,metric-ingester,points_flushed_per_min,798.6
2026-07-25T08:42:00Z,platform-api,metric_query_p95_ms,199.1
2026-07-25T08:42:00Z,query-svc,query_cache_hit_ratio,0.9009
2026-07-25T08:43:00Z,billing-worker,invoice_queue_depth,37.6
2026-07-25T08:43:00Z,metric-ingester,buffered_points,39657.0
2026-07-25T08:43:00Z,metric-ingester,container_memory_rss_mb,436.2
2026-07-25T08:43:00Z,metric-ingester,container_restarts,0.0
2026-07-25T08:43:00Z,metric-ingester,cpu_pct,36.1
2026-07-25T08:43:00Z,metric-ingester,points_flushed_per_min,727.1
2026-07-25T08:43:00Z,platform-api,metric_query_p95_ms,204.1
2026-07-25T08:43:00Z,query-svc,query_cache_hit_ratio,0.9454
2026-07-25T08:44:00Z,billing-worker,invoice_queue_depth,42.4
2026-07-25T08:44:00Z,metric-ingester,buffered_points,39826.7
2026-07-25T08:44:00Z,metric-ingester,container_memory_rss_mb,407.2
2026-07-25T08:44:00Z,metric-ingester,container_restarts,0.0
2026-07-25T08:44:00Z,metric-ingester,cpu_pct,35.3
2026-07-25T08:44:00Z,metric-ingester,points_flushed_per_min,728.0
2026-07-25T08:44:00Z,platform-api,metric_query_p95_ms,195.3
2026-07-25T08:44:00Z,query-svc,query_cache_hit_ratio,0.8777
2026-07-25T08:45:00Z,billing-worker,invoice_queue_depth,41.5
2026-07-25T08:45:00Z,metric-ingester,buffered_points,39127.6
2026-07-25T08:45:00Z,metric-ingester,container_memory_rss_mb,404.0
2026-07-25T08:45:00Z,metric-ingester,container_restarts,0.0
2026-07-25T08:45:00Z,metric-ingester,cpu_pct,34.9
2026-07-25T08:45:00Z,metric-ingester,points_flushed_per_min,816.9
2026-07-25T08:45:00Z,platform-api,metric_query_p95_ms,219.8
2026-07-25T08:45:00Z,query-svc,query_cache_hit_ratio,0.907
2026-07-25T08:46:00Z,billing-worker,invoice_queue_depth,40.4
2026-07-25T08:46:00Z,metric-ingester,buffered_points,64802.6
2026-07-25T08:46:00Z,metric-ingester,container_memory_rss_mb,460.8
2026-07-25T08:46:00Z,metric-ingester,container_restarts,0.0
2026-07-25T08:46:00Z,metric-ingester,cpu_pct,34.4
2026-07-25T08:46:00Z,metric-ingester,points_flushed_per_min,782.7
2026-07-25T08:46:00Z,platform-api,metric_query_p95_ms,198.0
2026-07-25T08:46:00Z,query-svc,query_cache_hit_ratio,0.899
2026-07-25T08:47:00Z,billing-worker,invoice_queue_depth,38.5
2026-07-25T08:47:00Z,metric-ingester,buffered_points,88209.9
2026-07-25T08:47:00Z,metric-ingester,container_memory_rss_mb,506.3
2026-07-25T08:47:00Z,metric-ingester,container_restarts,0.0
2026-07-25T08:47:00Z,metric-ingester,cpu_pct,33.1
2026-07-25T08:47:00Z,metric-ingester,points_flushed_per_min,797.0
2026-07-25T08:47:00Z,platform-api,metric_query_p95_ms,193.9
2026-07-25T08:47:00Z,query-svc,query_cache_hit_ratio,0.8656
2026-07-25T08:48:00Z,billing-worker,invoice_queue_depth,41.9
2026-07-25T08:48:00Z,metric-ingester,buffered_points,110343.1
2026-07-25T08:48:00Z,metric-ingester,container_memory_rss_mb,543.5
2026-07-25T08:48:00Z,metric-ingester,container_restarts,0.0
2026-07-25T08:48:00Z,metric-ingester,cpu_pct,35.7
2026-07-25T08:48:00Z,metric-ingester,points_flushed_per_min,765.3
2026-07-25T08:48:00Z,platform-api,metric_query_p95_ms,212.6
2026-07-25T08:48:00Z,query-svc,query_cache_hit_ratio,0.9314
2026-07-25T08:49:00Z,billing-worker,invoice_queue_depth,39.0
2026-07-25T08:49:00Z,metric-ingester,buffered_points,139935.1
2026-07-25T08:49:00Z,metric-ingester,container_memory_rss_mb,596.7
2026-07-25T08:49:00Z,metric-ingester,container_restarts,0.0
2026-07-25T08:49:00Z,metric-ingester,cpu_pct,35.2
2026-07-25T08:49:00Z,metric-ingester,points_flushed_per_min,793.3
2026-07-25T08:49:00Z,platform-api,metric_query_p95_ms,197.2
2026-07-25T08:49:00Z,query-svc,query_cache_hit_ratio,0.8765
2026-07-25T08:50:00Z,billing-worker,invoice_queue_depth,41.2
2026-07-25T08:50:00Z,metric-ingester,buffered_points,168503.8
2026-07-25T08:50:00Z,metric-ingester,container_memory_rss_mb,607.5
2026-07-25T08:50:00Z,metric-ingester,container_restarts,0.0
2026-07-25T08:50:00Z,metric-ingester,cpu_pct,35.3
2026-07-25T08:50:00Z,metric-ingester,points_flushed_per_min,713.6
2026-07-25T08:50:00Z,platform-api,metric_query_p95_ms,215.2
2026-07-25T08:50:00Z,query-svc,query_cache_hit_ratio,0.9009
2026-07-25T08:51:00Z,billing-worker,invoice_queue_depth,37.9
2026-07-25T08:51:00Z,metric-ingester,buffered_points,195182.1
2026-07-25T08:51:00Z,metric-ingester,container_memory_rss_mb,671.9
2026-07-25T08:51:00Z,metric-ingester,container_restarts,0.0
2026-07-25T08:51:00Z,metric-ingester,cpu_pct,32.5
2026-07-25T08:51:00Z,metric-ingester,points_flushed_per_min,705.6
2026-07-25T08:51:00Z,platform-api,metric_query_p95_ms,202.8
2026-07-25T08:51:00Z,query-svc,query_cache_hit_ratio,0.9505
2026-07-25T08:52:00Z,billing-worker,invoice_queue_depth,41.0
2026-07-25T08:52:00Z,metric-ingester,buffered_points,204088.4
2026-07-25T08:52:00Z,metric-ingester,container_memory_rss_mb,709.0
2026-07-25T08:52:00Z,metric-ingester,container_restarts,0.0
2026-07-25T08:52:00Z,metric-ingester,cpu_pct,32.8
2026-07-25T08:52:00Z,metric-ingester,points_flushed_per_min,701.7
2026-07-25T08:52:00Z,platform-api,metric_query_p95_ms,193.5
2026-07-25T08:52:00Z,query-svc,query_cache_hit_ratio,0.8677
2026-07-25T08:53:00Z,billing-worker,invoice_queue_depth,40.4
2026-07-25T08:53:00Z,metric-ingester,buffered_points,236953.0
2026-07-25T08:53:00Z,metric-ingester,container_memory_rss_mb,714.4
2026-07-25T08:53:00Z,metric-ingester,container_restarts,0.0
2026-07-25T08:53:00Z,metric-ingester,cpu_pct,33.4
2026-07-25T08:53:00Z,metric-ingester,points_flushed_per_min,766.8
2026-07-25T08:53:00Z,platform-api,metric_query_p95_ms,198.3
2026-07-25T08:53:00Z,query-svc,query_cache_hit_ratio,0.9026
2026-07-25T08:54:00Z,billing-worker,invoice_queue_depth,37.7
2026-07-25T08:54:00Z,metric-ingester,buffered_points,250665.2
2026-07-25T08:54:00Z,metric-ingester,container_memory_rss_mb,766.9
2026-07-25T08:54:00Z,metric-ingester,container_restarts,0.0
2026-07-25T08:54:00Z,metric-ingester,cpu_pct,33.2
2026-07-25T08:54:00Z,metric-ingester,points_flushed_per_min,725.8
2026-07-25T08:54:00Z,platform-api,metric_query_p95_ms,206.7
2026-07-25T08:54:00Z,query-svc,query_cache_hit_ratio,0.9127
2026-07-25T08:55:00Z,billing-worker,invoice_queue_depth,40.1
2026-07-25T08:55:00Z,metric-ingester,buffered_points,281639.1
2026-07-25T08:55:00Z,metric-ingester,container_memory_rss_mb,806.0
2026-07-25T08:55:00Z,metric-ingester,container_restarts,0.0
2026-07-25T08:55:00Z,metric-ingester,cpu_pct,35.6
2026-07-25T08:55:00Z,metric-ingester,points_flushed_per_min,669.9
2026-07-25T08:55:00Z,platform-api,metric_query_p95_ms,197.9
2026-07-25T08:55:00Z,query-svc,query_cache_hit_ratio,0.8828
2026-07-25T08:56:00Z,billing-worker,invoice_queue_depth,40.8
2026-07-25T08:56:00Z,metric-ingester,buffered_points,310622.2
2026-07-25T08:56:00Z,metric-ingester,container_memory_rss_mb,827.1
2026-07-25T08:56:00Z,metric-ingester,container_restarts,0.0
2026-07-25T08:56:00Z,metric-ingester,cpu_pct,34.7
2026-07-25T08:56:00Z,metric-ingester,points_flushed_per_min,651.4
2026-07-25T08:56:00Z,platform-api,metric_query_p95_ms,209.4
2026-07-25T08:56:00Z,query-svc,query_cache_hit_ratio,0.9486
2026-07-25T08:57:00Z,billing-worker,invoice_queue_depth,42.2
2026-07-25T08:57:00Z,metric-ingester,buffered_points,354269.3
2026-07-25T08:57:00Z,metric-ingester,container_memory_rss_mb,879.6
2026-07-25T08:57:00Z,metric-ingester,container_restarts,0.0
2026-07-25T08:57:00Z,metric-ingester,cpu_pct,32.1
2026-07-25T08:57:00Z,metric-ingester,points_flushed_per_min,680.1
2026-07-25T08:57:00Z,platform-api,metric_query_p95_ms,205.6
2026-07-25T08:57:00Z,query-svc,query_cache_hit_ratio,0.917
2026-07-25T08:58:00Z,billing-worker,invoice_queue_depth,37.9
2026-07-25T08:58:00Z,metric-ingester,buffered_points,372227.8
2026-07-25T08:58:00Z,metric-ingester,container_memory_rss_mb,910.9
2026-07-25T08:58:00Z,metric-ingester,container_restarts,0.0
2026-07-25T08:58:00Z,metric-ingester,cpu_pct,33.4
2026-07-25T08:58:00Z,metric-ingester,points_flushed_per_min,718.9
2026-07-25T08:58:00Z,platform-api,metric_query_p95_ms,221.5
2026-07-25T08:58:00Z,query-svc,query_cache_hit_ratio,0.8785
2026-07-25T08:59:00Z,billing-worker,invoice_queue_depth,41.4
2026-07-25T08:59:00Z,metric-ingester,buffered_points,388933.8
2026-07-25T08:59:00Z,metric-ingester,container_memory_rss_mb,937.5
2026-07-25T08:59:00Z,metric-ingester,container_restarts,0.0
2026-07-25T08:59:00Z,metric-ingester,cpu_pct,36.3
2026-07-25T08:59:00Z,metric-ingester,points_flushed_per_min,648.0
2026-07-25T08:59:00Z,platform-api,metric_query_p95_ms,202.7
2026-07-25T08:59:00Z,query-svc,query_cache_hit_ratio,0.868
2026-07-25T09:00:00Z,billing-worker,invoice_queue_depth,41.3
2026-07-25T09:00:00Z,metric-ingester,buffered_points,419207.0
2026-07-25T09:00:00Z,metric-ingester,container_memory_rss_mb,972.1
2026-07-25T09:00:00Z,metric-ingester,container_restarts,0.0
2026-07-25T09:00:00Z,metric-ingester,cpu_pct,33.4
2026-07-25T09:00:00Z,metric-ingester,points_flushed_per_min,620.4
2026-07-25T09:00:00Z,platform-api,metric_query_p95_ms,217.5
2026-07-25T09:00:00Z,query-svc,query_cache_hit_ratio,0.9494
2026-07-25T09:01:00Z,billing-worker,invoice_queue_depth,37.8
2026-07-25T09:01:00Z,metric-ingester,buffered_points,449343.3
2026-07-25T09:01:00Z,metric-ingester,container_memory_rss_mb,1007.7
2026-07-25T09:01:00Z,metric-ingester,container_restarts,0.0
2026-07-25T09:01:00Z,metric-ingester,cpu_pct,34.3
2026-07-25T09:01:00Z,metric-ingester,points_flushed_per_min,629.2
2026-07-25T09:01:00Z,platform-api,metric_query_p95_ms,198.3
2026-07-25T09:01:00Z,query-svc,query_cache_hit_ratio,0.9425
2026-07-25T09:02:00Z,billing-worker,invoice_queue_depth,39.5
2026-07-25T09:02:00Z,metric-ingester,buffered_points,444364.3
2026-07-25T09:02:00Z,metric-ingester,container_memory_rss_mb,1066.2
2026-07-25T09:02:00Z,metric-ingester,container_restarts,0.0
2026-07-25T09:02:00Z,metric-ingester,cpu_pct,32.7
2026-07-25T09:02:00Z,metric-ingester,points_flushed_per_min,691.3
2026-07-25T09:02:00Z,platform-api,metric_query_p95_ms,207.4
2026-07-25T09:02:00Z,query-svc,query_cache_hit_ratio,0.9347
2026-07-25T09:03:00Z,billing-worker,invoice_queue_depth,42.3
2026-07-25T09:03:00Z,metric-ingester,buffered_points,509370.7
2026-07-25T09:03:00Z,metric-ingester,container_memory_rss_mb,1141.5
2026-07-25T09:03:00Z,metric-ingester,container_restarts,0.0
2026-07-25T09:03:00Z,metric-ingester,cpu_pct,32.9
2026-07-25T09:03:00Z,metric-ingester,points_flushed_per_min,635.7
2026-07-25T09:03:00Z,platform-api,metric_query_p95_ms,217.8
2026-07-25T09:03:00Z,query-svc,query_cache_hit_ratio,0.873
2026-07-25T09:04:00Z,billing-worker,invoice_queue_depth,39.3
2026-07-25T09:04:00Z,metric-ingester,buffered_points,526931.4
2026-07-25T09:04:00Z,metric-ingester,container_memory_rss_mb,1149.9
2026-07-25T09:04:00Z,metric-ingester,container_restarts,0.0
2026-07-25T09:04:00Z,metric-ingester,cpu_pct,35.5
2026-07-25T09:04:00Z,metric-ingester,points_flushed_per_min,678.9
2026-07-25T09:04:00Z,platform-api,metric_query_p95_ms,196.1
2026-07-25T09:04:00Z,query-svc,query_cache_hit_ratio,0.9258
2026-07-25T09:05:00Z,billing-worker,invoice_queue_depth,37.7
2026-07-25T09:05:00Z,metric-ingester,buffered_points,544214.1
2026-07-25T09:05:00Z,metric-ingester,container_memory_rss_mb,1162.6
2026-07-25T09:05:00Z,metric-ingester,container_restarts,0.0
2026-07-25T09:05:00Z,metric-ingester,cpu_pct,35.4
2026-07-25T09:05:00Z,metric-ingester,points_flushed_per_min,606.9
2026-07-25T09:05:00Z,platform-api,metric_query_p95_ms,204.8
2026-07-25T09:05:00Z,query-svc,query_cache_hit_ratio,0.8748
2026-07-25T09:06:00Z,billing-worker,invoice_queue_depth,37.8
2026-07-25T09:06:00Z,metric-ingester,buffered_points,560407.6
2026-07-25T09:06:00Z,metric-ingester,container_memory_rss_mb,1264.3
2026-07-25T09:06:00Z,metric-ingester,container_restarts,0.0
2026-07-25T09:06:00Z,metric-ingester,cpu_pct,34.1
2026-07-25T09:06:00Z,metric-ingester,points_flushed_per_min,611.2
2026-07-25T09:06:00Z,platform-api,metric_query_p95_ms,208.7
2026-07-25T09:06:00Z,query-svc,query_cache_hit_ratio,0.8653
2026-07-25T09:07:00Z,billing-worker,invoice_queue_depth,40.9
2026-07-25T09:07:00Z,metric-ingester,buffered_points,597493.3
2026-07-25T09:07:00Z,metric-ingester,container_memory_rss_mb,1299.7
2026-07-25T09:07:00Z,metric-ingester,container_restarts,0.0
2026-07-25T09:07:00Z,metric-ingester,cpu_pct,32.8
2026-07-25T09:07:00Z,metric-ingester,points_flushed_per_min,630.9
2026-07-25T09:07:00Z,platform-api,metric_query_p95_ms,198.9
2026-07-25T09:07:00Z,query-svc,query_cache_hit_ratio,0.9338
2026-07-25T09:08:00Z,billing-worker,invoice_queue_depth,38.9
2026-07-25T09:08:00Z,metric-ingester,buffered_points,604200.3
2026-07-25T09:08:00Z,metric-ingester,container_memory_rss_mb,1341.8
2026-07-25T09:08:00Z,metric-ingester,container_restarts,0.0
2026-07-25T09:08:00Z,metric-ingester,cpu_pct,35.5
2026-07-25T09:08:00Z,metric-ingester,points_flushed_per_min,575.1
2026-07-25T09:08:00Z,platform-api,metric_query_p95_ms,220.4
2026-07-25T09:08:00Z,query-svc,query_cache_hit_ratio,0.9469
2026-07-25T09:09:00Z,billing-worker,invoice_queue_depth,40.0
2026-07-25T09:09:00Z,metric-ingester,buffered_points,620786.5
2026-07-25T09:09:00Z,metric-ingester,container_memory_rss_mb,1302.0
2026-07-25T09:09:00Z,metric-ingester,container_restarts,0.0
2026-07-25T09:09:00Z,metric-ingester,cpu_pct,34.5
2026-07-25T09:09:00Z,metric-ingester,points_flushed_per_min,568.8
2026-07-25T09:09:00Z,platform-api,metric_query_p95_ms,226.7
2026-07-25T09:09:00Z,query-svc,query_cache_hit_ratio,0.945
2026-07-25T09:10:00Z,billing-worker,invoice_queue_depth,39.5
2026-07-25T09:10:00Z,metric-ingester,buffered_points,689449.9
2026-07-25T09:10:00Z,metric-ingester,container_memory_rss_mb,1343.7
2026-07-25T09:10:00Z,metric-ingester,container_restarts,0.0
2026-07-25T09:10:00Z,metric-ingester,cpu_pct,34.8
2026-07-25T09:10:00Z,metric-ingester,points_flushed_per_min,636.8
2026-07-25T09:10:00Z,platform-api,metric_query_p95_ms,197.0
2026-07-25T09:10:00Z,query-svc,query_cache_hit_ratio,0.9237
2026-07-25T09:11:00Z,billing-worker,invoice_queue_depth,39.8
2026-07-25T09:11:00Z,metric-ingester,buffered_points,696708.6
2026-07-25T09:11:00Z,metric-ingester,container_memory_rss_mb,1446.8
2026-07-25T09:11:00Z,metric-ingester,container_restarts,0.0
2026-07-25T09:11:00Z,metric-ingester,cpu_pct,35.9
2026-07-25T09:11:00Z,metric-ingester,points_flushed_per_min,546.2
2026-07-25T09:11:00Z,platform-api,metric_query_p95_ms,220.8
2026-07-25T09:11:00Z,query-svc,query_cache_hit_ratio,0.8846
2026-07-25T09:12:00Z,billing-worker,invoice_queue_depth,41.8
2026-07-25T09:12:00Z,metric-ingester,buffered_points,728577.4
2026-07-25T09:12:00Z,metric-ingester,container_memory_rss_mb,1480.2
2026-07-25T09:12:00Z,metric-ingester,container_restarts,0.0
2026-07-25T09:12:00Z,metric-ingester,cpu_pct,33.9
2026-07-25T09:12:00Z,metric-ingester,points_flushed_per_min,621.6
2026-07-25T09:12:00Z,platform-api,metric_query_p95_ms,211.5
2026-07-25T09:12:00Z,query-svc,query_cache_hit_ratio,0.9156
2026-07-25T09:13:00Z,billing-worker,invoice_queue_depth,39.8
2026-07-25T09:13:00Z,metric-ingester,buffered_points,739895.5
2026-07-25T09:13:00Z,metric-ingester,container_memory_rss_mb,1449.6
2026-07-25T09:13:00Z,metric-ingester,container_restarts,0.0
2026-07-25T09:13:00Z,metric-ingester,cpu_pct,34.2
2026-07-25T09:13:00Z,metric-ingester,points_flushed_per_min,621.5
2026-07-25T09:13:00Z,platform-api,metric_query_p95_ms,205.6
2026-07-25T09:13:00Z,query-svc,query_cache_hit_ratio,0.91
2026-07-25T09:14:00Z,billing-worker,invoice_queue_depth,41.5
2026-07-25T09:14:00Z,metric-ingester,buffered_points,790110.0
2026-07-25T09:14:00Z,metric-ingester,container_memory_rss_mb,1515.8
2026-07-25T09:14:00Z,metric-ingester,container_restarts,0.0
2026-07-25T09:14:00Z,metric-ingester,cpu_pct,36.6
2026-07-25T09:14:00Z,metric-ingester,points_flushed_per_min,586.3
2026-07-25T09:14:00Z,platform-api,metric_query_p95_ms,211.4
2026-07-25T09:14:00Z,query-svc,query_cache_hit_ratio,0.9005
2026-07-25T09:15:00Z,billing-worker,invoice_queue_depth,38.5
2026-07-25T09:15:00Z,metric-ingester,buffered_points,788152.5
2026-07-25T09:15:00Z,metric-ingester,container_memory_rss_mb,1569.6
2026-07-25T09:15:00Z,metric-ingester,container_restarts,0.0
2026-07-25T09:15:00Z,metric-ingester,cpu_pct,33.6
2026-07-25T09:15:00Z,metric-ingester,points_flushed_per_min,563.7
2026-07-25T09:15:00Z,platform-api,metric_query_p95_ms,219.0
2026-07-25T09:15:00Z,query-svc,query_cache_hit_ratio,0.9153
2026-07-25T09:16:00Z,billing-worker,invoice_queue_depth,38.3
2026-07-25T09:16:00Z,metric-ingester,buffered_points,771615.8
2026-07-25T09:16:00Z,metric-ingester,container_memory_rss_mb,1590.9
2026-07-25T09:16:00Z,metric-ingester,container_restarts,0.0
2026-07-25T09:16:00Z,metric-ingester,cpu_pct,35.9
2026-07-25T09:16:00Z,metric-ingester,points_flushed_per_min,546.1
2026-07-25T09:16:00Z,platform-api,metric_query_p95_ms,209.3
2026-07-25T09:16:00Z,query-svc,query_cache_hit_ratio,0.9409
2026-07-25T09:17:00Z,billing-worker,invoice_queue_depth,39.7
2026-07-25T09:17:00Z,metric-ingester,buffered_points,801726.2
2026-07-25T09:17:00Z,metric-ingester,container_memory_rss_mb,1599.2
2026-07-25T09:17:00Z,metric-ingester,container_restarts,0.0
2026-07-25T09:17:00Z,metric-ingester,cpu_pct,32.1
2026-07-25T09:17:00Z,metric-ingester,points_flushed_per_min,544.9
2026-07-25T09:17:00Z,platform-api,metric_query_p95_ms,224.1
2026-07-25T09:17:00Z,query-svc,query_cache_hit_ratio,0.9084
2026-07-25T09:18:00Z,billing-worker,invoice_queue_depth,40.9
2026-07-25T09:18:00Z,metric-ingester,buffered_points,843694.6
2026-07-25T09:18:00Z,metric-ingester,container_memory_rss_mb,1660.0
2026-07-25T09:18:00Z,metric-ingester,container_restarts,0.0
2026-07-25T09:18:00Z,metric-ingester,cpu_pct,36.6
2026-07-25T09:18:00Z,metric-ingester,points_flushed_per_min,550.8
2026-07-25T09:18:00Z,platform-api,metric_query_p95_ms,218.1
2026-07-25T09:18:00Z,query-svc,query_cache_hit_ratio,0.9124
2026-07-25T09:19:00Z,billing-worker,invoice_queue_depth,39.8
2026-07-25T09:19:00Z,metric-ingester,buffered_points,850177.3
2026-07-25T09:19:00Z,metric-ingester,container_memory_rss_mb,1798.9
2026-07-25T09:19:00Z,metric-ingester,container_restarts,0.0
2026-07-25T09:19:00Z,metric-ingester,cpu_pct,33.8
2026-07-25T09:19:00Z,metric-ingester,points_flushed_per_min,512.7
2026-07-25T09:19:00Z,platform-api,metric_query_p95_ms,225.5
2026-07-25T09:19:00Z,query-svc,query_cache_hit_ratio,0.8795
2026-07-25T09:20:00Z,billing-worker,invoice_queue_depth,41.6
2026-07-25T09:20:00Z,metric-ingester,buffered_points,912004.8
2026-07-25T09:20:00Z,metric-ingester,container_memory_rss_mb,1814.3
2026-07-25T09:20:00Z,metric-ingester,container_restarts,0.0
2026-07-25T09:20:00Z,metric-ingester,cpu_pct,34.7
2026-07-25T09:20:00Z,metric-ingester,points_flushed_per_min,567.1
2026-07-25T09:20:00Z,platform-api,metric_query_p95_ms,217.8
2026-07-25T09:20:00Z,query-svc,query_cache_hit_ratio,0.9363
2026-07-25T09:21:00Z,billing-worker,invoice_queue_depth,37.9
2026-07-25T09:21:00Z,metric-ingester,buffered_points,953454.3
2026-07-25T09:21:00Z,metric-ingester,container_memory_rss_mb,1838.1
2026-07-25T09:21:00Z,metric-ingester,container_restarts,0.0
2026-07-25T09:21:00Z,metric-ingester,cpu_pct,34.3
2026-07-25T09:21:00Z,metric-ingester,points_flushed_per_min,527.7
2026-07-25T09:21:00Z,platform-api,metric_query_p95_ms,198.5
2026-07-25T09:21:00Z,query-svc,query_cache_hit_ratio,0.903
2026-07-25T09:22:00Z,billing-worker,invoice_queue_depth,39.3
2026-07-25T09:22:00Z,metric-ingester,buffered_points,973313.4
2026-07-25T09:22:00Z,metric-ingester,container_memory_rss_mb,1855.7
2026-07-25T09:22:00Z,metric-ingester,container_restarts,0.0
2026-07-25T09:22:00Z,metric-ingester,cpu_pct,35.5
2026-07-25T09:22:00Z,metric-ingester,points_flushed_per_min,533.3
2026-07-25T09:22:00Z,platform-api,metric_query_p95_ms,194.1
2026-07-25T09:22:00Z,query-svc,query_cache_hit_ratio,0.8818
2026-07-25T09:23:00Z,billing-worker,invoice_queue_depth,38.1
2026-07-25T09:23:00Z,metric-ingester,buffered_points,998866.8
2026-07-25T09:23:00Z,metric-ingester,container_memory_rss_mb,1950.6
2026-07-25T09:23:00Z,metric-ingester,container_restarts,0.0
2026-07-25T09:23:00Z,metric-ingester,cpu_pct,32.1
2026-07-25T09:23:00Z,metric-ingester,points_flushed_per_min,521.2
2026-07-25T09:23:00Z,platform-api,metric_query_p95_ms,206.5
2026-07-25T09:23:00Z,query-svc,query_cache_hit_ratio,0.8904
2026-07-25T09:24:00Z,billing-worker,invoice_queue_depth,38.1
2026-07-25T09:24:00Z,metric-ingester,buffered_points,1001725.5
2026-07-25T09:24:00Z,metric-ingester,container_memory_rss_mb,1898.2
2026-07-25T09:24:00Z,metric-ingester,container_restarts,0.0
2026-07-25T09:24:00Z,metric-ingester,cpu_pct,33.4
2026-07-25T09:24:00Z,metric-ingester,points_flushed_per_min,531.0
2026-07-25T09:24:00Z,platform-api,metric_query_p95_ms,219.9
2026-07-25T09:24:00Z,query-svc,query_cache_hit_ratio,0.8929
2026-07-25T09:25:00Z,billing-worker,invoice_queue_depth,38.2
2026-07-25T09:25:00Z,metric-ingester,buffered_points,1037552.3
2026-07-25T09:25:00Z,metric-ingester,container_memory_rss_mb,2018.6
2026-07-25T09:25:00Z,metric-ingester,container_restarts,0.0
2026-07-25T09:25:00Z,metric-ingester,cpu_pct,34.8
2026-07-25T09:25:00Z,metric-ingester,points_flushed_per_min,491.3
2026-07-25T09:25:00Z,platform-api,metric_query_p95_ms,200.8
2026-07-25T09:25:00Z,query-svc,query_cache_hit_ratio,0.8813
2026-07-25T09:26:00Z,billing-worker,invoice_queue_depth,42.3
2026-07-25T09:26:00Z,metric-ingester,buffered_points,1097729.1
2026-07-25T09:26:00Z,metric-ingester,container_memory_rss_mb,1996.8
2026-07-25T09:26:00Z,metric-ingester,container_restarts,0.0
2026-07-25T09:26:00Z,metric-ingester,cpu_pct,32.1
2026-07-25T09:26:00Z,metric-ingester,points_flushed_per_min,483.8
2026-07-25T09:26:00Z,platform-api,metric_query_p95_ms,212.7
2026-07-25T09:26:00Z,query-svc,query_cache_hit_ratio,0.9019
2026-07-25T09:27:00Z,billing-worker,invoice_queue_depth,40.9
2026-07-25T09:27:00Z,metric-ingester,buffered_points,1118347.9
2026-07-25T09:27:00Z,metric-ingester,container_memory_rss_mb,1986.5
2026-07-25T09:27:00Z,metric-ingester,container_restarts,0.0
2026-07-25T09:27:00Z,metric-ingester,cpu_pct,35.8
2026-07-25T09:27:00Z,metric-ingester,points_flushed_per_min,453.9
2026-07-25T09:27:00Z,platform-api,metric_query_p95_ms,203.8
2026-07-25T09:27:00Z,query-svc,query_cache_hit_ratio,0.9226
2026-07-25T09:28:00Z,billing-worker,invoice_queue_depth,39.7
2026-07-25T09:28:00Z,metric-ingester,buffered_points,1154606.5
2026-07-25T09:28:00Z,metric-ingester,container_memory_rss_mb,2045.0
2026-07-25T09:28:00Z,metric-ingester,container_restarts,0.0
2026-07-25T09:28:00Z,metric-ingester,cpu_pct,36.3
2026-07-25T09:28:00Z,metric-ingester,points_flushed_per_min,454.2
2026-07-25T09:28:00Z,platform-api,metric_query_p95_ms,205.6
2026-07-25T09:28:00Z,query-svc,query_cache_hit_ratio,0.9287
2026-07-25T09:29:00Z,billing-worker,invoice_queue_depth,38.6
2026-07-25T09:29:00Z,metric-ingester,buffered_points,1176758.8
2026-07-25T09:29:00Z,metric-ingester,container_memory_rss_mb,2079.2
2026-07-25T09:29:00Z,metric-ingester,container_restarts,0.0
2026-07-25T09:29:00Z,metric-ingester,cpu_pct,33.3
2026-07-25T09:29:00Z,metric-ingester,points_flushed_per_min,472.0
2026-07-25T09:29:00Z,platform-api,metric_query_p95_ms,205.5
2026-07-25T09:29:00Z,query-svc,query_cache_hit_ratio,0.9397
2026-07-25T09:30:00Z,billing-worker,invoice_queue_depth,39.8
2026-07-25T09:30:00Z,metric-ingester,buffered_points,1148295.0
2026-07-25T09:30:00Z,metric-ingester,container_memory_rss_mb,2146.4
2026-07-25T09:30:00Z,metric-ingester,container_restarts,0.0
2026-07-25T09:30:00Z,metric-ingester,cpu_pct,33.6
2026-07-25T09:30:00Z,metric-ingester,points_flushed_per_min,437.9
2026-07-25T09:30:00Z,platform-api,metric_query_p95_ms,194.5
2026-07-25T09:30:00Z,query-svc,query_cache_hit_ratio,0.8824
2026-07-25T09:31:00Z,billing-worker,invoice_queue_depth,41.3
2026-07-25T09:31:00Z,metric-ingester,buffered_points,1188730.2
2026-07-25T09:31:00Z,metric-ingester,container_memory_rss_mb,2188.1
2026-07-25T09:31:00Z,metric-ingester,container_restarts,0.0
2026-07-25T09:31:00Z,metric-ingester,cpu_pct,34.2
2026-07-25T09:31:00Z,metric-ingester,points_flushed_per_min,465.8
2026-07-25T09:31:00Z,platform-api,metric_query_p95_ms,208.7
2026-07-25T09:31:00Z,query-svc,query_cache_hit_ratio,0.9351
2026-07-25T09:32:00Z,billing-worker,invoice_queue_depth,38.3
2026-07-25T09:32:00Z,metric-ingester,buffered_points,1225980.0
2026-07-25T09:32:00Z,metric-ingester,container_memory_rss_mb,2261.5
2026-07-25T09:32:00Z,metric-ingester,container_restarts,0.0
2026-07-25T09:32:00Z,metric-ingester,cpu_pct,35.2
2026-07-25T09:32:00Z,metric-ingester,points_flushed_per_min,453.9
2026-07-25T09:32:00Z,platform-api,metric_query_p95_ms,199.8
2026-07-25T09:32:00Z,query-svc,query_cache_hit_ratio,0.8674
2026-07-25T09:33:00Z,billing-worker,invoice_queue_depth,40.0
2026-07-25T09:33:00Z,metric-ingester,buffered_points,1200782.3
2026-07-25T09:33:00Z,metric-ingester,container_memory_rss_mb,2280.2
2026-07-25T09:33:00Z,metric-ingester,container_restarts,0.0
2026-07-25T09:33:00Z,metric-ingester,cpu_pct,31.8
2026-07-25T09:33:00Z,metric-ingester,points_flushed_per_min,439.6
2026-07-25T09:33:00Z,platform-api,metric_query_p95_ms,205.1
2026-07-25T09:33:00Z,query-svc,query_cache_hit_ratio,0.873
2026-07-25T09:34:00Z,billing-worker,invoice_queue_depth,42.3
2026-07-25T09:34:00Z,metric-ingester,buffered_points,1224557.0
2026-07-25T09:34:00Z,metric-ingester,container_memory_rss_mb,2246.9
2026-07-25T09:34:00Z,metric-ingester,container_restarts,0.0
2026-07-25T09:34:00Z,metric-ingester,cpu_pct,34.0
2026-07-25T09:34:00Z,metric-ingester,points_flushed_per_min,441.4
2026-07-25T09:34:00Z,platform-api,metric_query_p95_ms,205.6
2026-07-25T09:34:00Z,query-svc,query_cache_hit_ratio,0.926
2026-07-25T09:35:00Z,billing-worker,invoice_queue_depth,39.7
2026-07-25T09:35:00Z,metric-ingester,buffered_points,1231080.1
2026-07-25T09:35:00Z,metric-ingester,container_memory_rss_mb,2358.0
2026-07-25T09:35:00Z,metric-ingester,container_restarts,0.0
2026-07-25T09:35:00Z,metric-ingester,cpu_pct,32.1
2026-07-25T09:35:00Z,metric-ingester,points_flushed_per_min,392.9
2026-07-25T09:35:00Z,platform-api,metric_query_p95_ms,225.6
2026-07-25T09:35:00Z,query-svc,query_cache_hit_ratio,0.9317
2026-07-25T09:36:00Z,billing-worker,invoice_queue_depth,41.5
2026-07-25T09:36:00Z,metric-ingester,buffered_points,1365651.0
2026-07-25T09:36:00Z,metric-ingester,container_memory_rss_mb,2423.4
2026-07-25T09:36:00Z,metric-ingester,container_restarts,0.0
2026-07-25T09:36:00Z,metric-ingester,cpu_pct,34.0
2026-07-25T09:36:00Z,metric-ingester,points_flushed_per_min,417.6
2026-07-25T09:36:00Z,platform-api,metric_query_p95_ms,210.6
2026-07-25T09:36:00Z,query-svc,query_cache_hit_ratio,0.8785
2026-07-25T09:37:00Z,billing-worker,invoice_queue_depth,39.7
2026-07-25T09:37:00Z,metric-ingester,buffered_points,1330321.6
2026-07-25T09:37:00Z,metric-ingester,container_memory_rss_mb,2368.9
2026-07-25T09:37:00Z,metric-ingester,container_restarts,0.0
2026-07-25T09:37:00Z,metric-ingester,cpu_pct,36.3
2026-07-25T09:37:00Z,metric-ingester,points_flushed_per_min,402.7
2026-07-25T09:37:00Z,platform-api,metric_query_p95_ms,213.4
2026-07-25T09:37:00Z,query-svc,query_cache_hit_ratio,0.8842
2026-07-25T09:38:00Z,billing-worker,invoice_queue_depth,40.9
2026-07-25T09:38:00Z,metric-ingester,buffered_points,1316386.3
2026-07-25T09:38:00Z,metric-ingester,container_memory_rss_mb,2380.5
2026-07-25T09:38:00Z,metric-ingester,container_restarts,0.0
2026-07-25T09:38:00Z,metric-ingester,cpu_pct,34.7
2026-07-25T09:38:00Z,metric-ingester,points_flushed_per_min,426.0
2026-07-25T09:38:00Z,platform-api,metric_query_p95_ms,214.7
2026-07-25T09:38:00Z,query-svc,query_cache_hit_ratio,0.9279
2026-07-25T09:39:00Z,billing-worker,invoice_queue_depth,41.8
2026-07-25T09:39:00Z,metric-ingester,buffered_points,1408085.8
2026-07-25T09:39:00Z,metric-ingester,container_memory_rss_mb,2485.0
2026-07-25T09:39:00Z,metric-ingester,container_restarts,0.0
2026-07-25T09:39:00Z,metric-ingester,cpu_pct,35.6
2026-07-25T09:39:00Z,metric-ingester,points_flushed_per_min,395.6
2026-07-25T09:39:00Z,platform-api,metric_query_p95_ms,225.8
2026-07-25T09:39:00Z,query-svc,query_cache_hit_ratio,0.8646
2026-07-25T09:40:00Z,billing-worker,invoice_queue_depth,39.5
2026-07-25T09:40:00Z,metric-ingester,buffered_points,1456410.7
2026-07-25T09:40:00Z,metric-ingester,container_memory_rss_mb,2529.0
2026-07-25T09:40:00Z,metric-ingester,container_restarts,0.0
2026-07-25T09:40:00Z,metric-ingester,cpu_pct,33.0
2026-07-25T09:40:00Z,metric-ingester,points_flushed_per_min,410.1
2026-07-25T09:40:00Z,platform-api,metric_query_p95_ms,212.2
2026-07-25T09:40:00Z,query-svc,query_cache_hit_ratio,0.9307
2026-07-25T09:41:00Z,billing-worker,invoice_queue_depth,39.7
2026-07-25T09:41:00Z,metric-ingester,buffered_points,1460378.5
2026-07-25T09:41:00Z,metric-ingester,container_memory_rss_mb,2568.8
2026-07-25T09:41:00Z,metric-ingester,container_restarts,0.0
2026-07-25T09:41:00Z,metric-ingester,cpu_pct,35.4
2026-07-25T09:41:00Z,metric-ingester,points_flushed_per_min,401.6
2026-07-25T09:41:00Z,platform-api,metric_query_p95_ms,199.2
2026-07-25T09:41:00Z,query-svc,query_cache_hit_ratio,0.9125
2026-07-25T09:42:00Z,billing-worker,invoice_queue_depth,38.0
2026-07-25T09:42:00Z,metric-ingester,buffered_points,1466490.1
2026-07-25T09:42:00Z,metric-ingester,container_memory_rss_mb,2558.4
2026-07-25T09:42:00Z,metric-ingester,container_restarts,0.0
2026-07-25T09:42:00Z,metric-ingester,cpu_pct,32.3
2026-07-25T09:42:00Z,metric-ingester,points_flushed_per_min,375.3
2026-07-25T09:42:00Z,platform-api,metric_query_p95_ms,195.1
2026-07-25T09:42:00Z,query-svc,query_cache_hit_ratio,0.9442
2026-07-25T09:43:00Z,billing-worker,invoice_queue_depth,42.1
2026-07-25T09:43:00Z,metric-ingester,buffered_points,1472674.5
2026-07-25T09:43:00Z,metric-ingester,container_memory_rss_mb,2734.2
2026-07-25T09:43:00Z,metric-ingester,container_restarts,0.0
2026-07-25T09:43:00Z,metric-ingester,cpu_pct,36.3
2026-07-25T09:43:00Z,metric-ingester,points_flushed_per_min,387.0
2026-07-25T09:43:00Z,platform-api,metric_query_p95_ms,211.6
2026-07-25T09:43:00Z,query-svc,query_cache_hit_ratio,0.9319
2026-07-25T09:44:00Z,billing-worker,invoice_queue_depth,41.7
2026-07-25T09:44:00Z,metric-ingester,buffered_points,1440647.0
2026-07-25T09:44:00Z,metric-ingester,container_memory_rss_mb,2602.6
2026-07-25T09:44:00Z,metric-ingester,container_restarts,0.0
2026-07-25T09:44:00Z,metric-ingester,cpu_pct,31.7
2026-07-25T09:44:00Z,metric-ingester,points_flushed_per_min,342.6
2026-07-25T09:44:00Z,platform-api,metric_query_p95_ms,198.7
2026-07-25T09:44:00Z,query-svc,query_cache_hit_ratio,0.924
2026-07-25T09:45:00Z,billing-worker,invoice_queue_depth,37.6
2026-07-25T09:45:00Z,metric-ingester,buffered_points,1555817.1
2026-07-25T09:45:00Z,metric-ingester,container_memory_rss_mb,2792.9
2026-07-25T09:45:00Z,metric-ingester,container_restarts,0.0
2026-07-25T09:45:00Z,metric-ingester,cpu_pct,33.7
2026-07-25T09:45:00Z,metric-ingester,points_flushed_per_min,335.0
2026-07-25T09:45:00Z,platform-api,metric_query_p95_ms,213.0
2026-07-25T09:45:00Z,query-svc,query_cache_hit_ratio,0.9112
2026-07-25T09:46:00Z,billing-worker,invoice_queue_depth,42.2
2026-07-25T09:46:00Z,metric-ingester,buffered_points,1579830.9
2026-07-25T09:46:00Z,metric-ingester,container_memory_rss_mb,2851.7
2026-07-25T09:46:00Z,metric-ingester,container_restarts,0.0
2026-07-25T09:46:00Z,metric-ingester,cpu_pct,34.0
2026-07-25T09:46:00Z,metric-ingester,points_flushed_per_min,330.9
2026-07-25T09:46:00Z,platform-api,metric_query_p95_ms,204.5
2026-07-25T09:46:00Z,query-svc,query_cache_hit_ratio,0.9138
2026-07-25T09:47:00Z,billing-worker,invoice_queue_depth,38.1
2026-07-25T09:47:00Z,metric-ingester,buffered_points,1625459.7
2026-07-25T09:47:00Z,metric-ingester,container_memory_rss_mb,2734.8
2026-07-25T09:47:00Z,metric-ingester,container_restarts,0.0
2026-07-25T09:47:00Z,metric-ingester,cpu_pct,34.8
2026-07-25T09:47:00Z,metric-ingester,points_flushed_per_min,309.2
2026-07-25T09:47:00Z,platform-api,metric_query_p95_ms,197.6
2026-07-25T09:47:00Z,query-svc,query_cache_hit_ratio,0.9319
2026-07-25T09:48:00Z,billing-worker,invoice_queue_depth,41.5
2026-07-25T09:48:00Z,metric-ingester,buffered_points,1530958.6
2026-07-25T09:48:00Z,metric-ingester,container_memory_rss_mb,2768.3
2026-07-25T09:48:00Z,metric-ingester,container_restarts,0.0
2026-07-25T09:48:00Z,metric-ingester,cpu_pct,36.0
2026-07-25T09:48:00Z,metric-ingester,points_flushed_per_min,328.6
2026-07-25T09:48:00Z,platform-api,metric_query_p95_ms,217.1
2026-07-25T09:48:00Z,query-svc,query_cache_hit_ratio,0.9143
2026-07-25T09:49:00Z,billing-worker,invoice_queue_depth,40.5
2026-07-25T09:49:00Z,metric-ingester,buffered_points,1584429.1
2026-07-25T09:49:00Z,metric-ingester,container_memory_rss_mb,2853.6
2026-07-25T09:49:00Z,metric-ingester,container_restarts,0.0
2026-07-25T09:49:00Z,metric-ingester,cpu_pct,32.4
2026-07-25T09:49:00Z,metric-ingester,points_flushed_per_min,304.3
2026-07-25T09:49:00Z,platform-api,metric_query_p95_ms,210.6
2026-07-25T09:49:00Z,query-svc,query_cache_hit_ratio,0.9209
2026-07-25T09:50:00Z,billing-worker,invoice_queue_depth,38.0
2026-07-25T09:50:00Z,metric-ingester,buffered_points,1735770.0
2026-07-25T09:50:00Z,metric-ingester,container_memory_rss_mb,2831.7
2026-07-25T09:50:00Z,metric-ingester,container_restarts,0.0
2026-07-25T09:50:00Z,metric-ingester,cpu_pct,35.0
2026-07-25T09:50:00Z,metric-ingester,points_flushed_per_min,293.1
2026-07-25T09:50:00Z,platform-api,metric_query_p95_ms,222.3
2026-07-25T09:50:00Z,query-svc,query_cache_hit_ratio,0.8856
2026-07-25T09:51:00Z,billing-worker,invoice_queue_depth,39.5
2026-07-25T09:51:00Z,metric-ingester,buffered_points,1673721.6
2026-07-25T09:51:00Z,metric-ingester,container_memory_rss_mb,2888.6
2026-07-25T09:51:00Z,metric-ingester,container_restarts,0.0
2026-07-25T09:51:00Z,metric-ingester,cpu_pct,35.5
2026-07-25T09:51:00Z,metric-ingester,points_flushed_per_min,284.0
2026-07-25T09:51:00Z,platform-api,metric_query_p95_ms,196.9
2026-07-25T09:51:00Z,query-svc,query_cache_hit_ratio,0.9446
2026-07-25T09:52:00Z,billing-worker,invoice_queue_depth,41.7
2026-07-25T09:52:00Z,metric-ingester,buffered_points,1721588.9
2026-07-25T09:52:00Z,metric-ingester,container_memory_rss_mb,2909.1
2026-07-25T09:52:00Z,metric-ingester,container_restarts,0.0
2026-07-25T09:52:00Z,metric-ingester,cpu_pct,34.8
2026-07-25T09:52:00Z,metric-ingester,points_flushed_per_min,295.4
2026-07-25T09:52:00Z,platform-api,metric_query_p95_ms,221.9
2026-07-25T09:52:00Z,query-svc,query_cache_hit_ratio,0.9273
2026-07-25T09:53:00Z,billing-worker,invoice_queue_depth,41.2
2026-07-25T09:53:00Z,metric-ingester,buffered_points,1732963.7
2026-07-25T09:53:00Z,metric-ingester,container_memory_rss_mb,3068.5
2026-07-25T09:53:00Z,metric-ingester,container_restarts,0.0
2026-07-25T09:53:00Z,metric-ingester,cpu_pct,34.1
2026-07-25T09:53:00Z,metric-ingester,points_flushed_per_min,306.3
2026-07-25T09:53:00Z,platform-api,metric_query_p95_ms,200.2
2026-07-25T09:53:00Z,query-svc,query_cache_hit_ratio,0.9351
2026-07-25T09:54:00Z,billing-worker,invoice_queue_depth,39.4
2026-07-25T09:54:00Z,metric-ingester,buffered_points,1747907.6
2026-07-25T09:54:00Z,metric-ingester,container_memory_rss_mb,3004.2
2026-07-25T09:54:00Z,metric-ingester,container_restarts,0.0
2026-07-25T09:54:00Z,metric-ingester,cpu_pct,35.8
2026-07-25T09:54:00Z,metric-ingester,points_flushed_per_min,303.6
2026-07-25T09:54:00Z,platform-api,metric_query_p95_ms,206.1
2026-07-25T09:54:00Z,query-svc,query_cache_hit_ratio,0.9079
2026-07-25T09:55:00Z,billing-worker,invoice_queue_depth,40.4
2026-07-25T09:55:00Z,metric-ingester,buffered_points,1793880.3
2026-07-25T09:55:00Z,metric-ingester,container_memory_rss_mb,3244.1
2026-07-25T09:55:00Z,metric-ingester,container_restarts,0.0
2026-07-25T09:55:00Z,metric-ingester,cpu_pct,31.7
2026-07-25T09:55:00Z,metric-ingester,points_flushed_per_min,281.6
2026-07-25T09:55:00Z,platform-api,metric_query_p95_ms,210.9
2026-07-25T09:55:00Z,query-svc,query_cache_hit_ratio,0.9528
2026-07-25T09:56:00Z,billing-worker,invoice_queue_depth,40.3
2026-07-25T09:56:00Z,metric-ingester,buffered_points,1741268.1
2026-07-25T09:56:00Z,metric-ingester,container_memory_rss_mb,3249.9
2026-07-25T09:56:00Z,metric-ingester,container_restarts,0.0
2026-07-25T09:56:00Z,metric-ingester,cpu_pct,31.8
2026-07-25T09:56:00Z,metric-ingester,points_flushed_per_min,288.4
2026-07-25T09:56:00Z,platform-api,metric_query_p95_ms,222.7
2026-07-25T09:56:00Z,query-svc,query_cache_hit_ratio,0.9542
2026-07-25T09:57:00Z,billing-worker,invoice_queue_depth,38.9
2026-07-25T09:57:00Z,metric-ingester,buffered_points,1788545.3
2026-07-25T09:57:00Z,metric-ingester,container_memory_rss_mb,3228.6
2026-07-25T09:57:00Z,metric-ingester,container_restarts,0.0
2026-07-25T09:57:00Z,metric-ingester,cpu_pct,31.4
2026-07-25T09:57:00Z,metric-ingester,points_flushed_per_min,272.3
2026-07-25T09:57:00Z,platform-api,metric_query_p95_ms,205.5
2026-07-25T09:57:00Z,query-svc,query_cache_hit_ratio,0.9173
2026-07-25T09:58:00Z,billing-worker,invoice_queue_depth,37.6
2026-07-25T09:58:00Z,metric-ingester,buffered_points,1779723.1
2026-07-25T09:58:00Z,metric-ingester,container_memory_rss_mb,3335.4
2026-07-25T09:58:00Z,metric-ingester,container_restarts,0.0
2026-07-25T09:58:00Z,metric-ingester,cpu_pct,36.6
2026-07-25T09:58:00Z,metric-ingester,points_flushed_per_min,259.9
2026-07-25T09:58:00Z,platform-api,metric_query_p95_ms,214.3
2026-07-25T09:58:00Z,query-svc,query_cache_hit_ratio,0.8856
2026-07-25T09:59:00Z,billing-worker,invoice_queue_depth,41.2
2026-07-25T09:59:00Z,metric-ingester,buffered_points,1790069.3
2026-07-25T09:59:00Z,metric-ingester,container_memory_rss_mb,3353.6
2026-07-25T09:59:00Z,metric-ingester,container_restarts,0.0
2026-07-25T09:59:00Z,metric-ingester,cpu_pct,32.7
2026-07-25T09:59:00Z,metric-ingester,points_flushed_per_min,247.5
2026-07-25T09:59:00Z,platform-api,metric_query_p95_ms,220.0
2026-07-25T09:59:00Z,query-svc,query_cache_hit_ratio,0.9408
2026-07-25T10:00:00Z,billing-worker,invoice_queue_depth,40.8
2026-07-25T10:00:00Z,metric-ingester,buffered_points,1835175.3
2026-07-25T10:00:00Z,metric-ingester,container_memory_rss_mb,3310.3
2026-07-25T10:00:00Z,metric-ingester,container_restarts,0.0
2026-07-25T10:00:00Z,metric-ingester,cpu_pct,32.0
2026-07-25T10:00:00Z,metric-ingester,points_flushed_per_min,230.2
2026-07-25T10:00:00Z,platform-api,metric_query_p95_ms,208.0
2026-07-25T10:00:00Z,query-svc,query_cache_hit_ratio,0.8822
2026-07-25T10:01:00Z,billing-worker,invoice_queue_depth,39.4
2026-07-25T10:01:00Z,metric-ingester,buffered_points,1964179.3
2026-07-25T10:01:00Z,metric-ingester,container_memory_rss_mb,3424.6
2026-07-25T10:01:00Z,metric-ingester,container_restarts,0.0
2026-07-25T10:01:00Z,metric-ingester,cpu_pct,32.7
2026-07-25T10:01:00Z,metric-ingester,points_flushed_per_min,247.2
2026-07-25T10:01:00Z,platform-api,metric_query_p95_ms,214.4
2026-07-25T10:01:00Z,query-svc,query_cache_hit_ratio,0.9303
2026-07-25T10:02:00Z,billing-worker,invoice_queue_depth,39.4
2026-07-25T10:02:00Z,metric-ingester,buffered_points,2022815.4
2026-07-25T10:02:00Z,metric-ingester,container_memory_rss_mb,3513.1
2026-07-25T10:02:00Z,metric-ingester,container_restarts,0.0
2026-07-25T10:02:00Z,metric-ingester,cpu_pct,36.3
2026-07-25T10:02:00Z,metric-ingester,points_flushed_per_min,227.0
2026-07-25T10:02:00Z,platform-api,metric_query_p95_ms,214.3
2026-07-25T10:02:00Z,query-svc,query_cache_hit_ratio,0.9491
2026-07-25T10:03:00Z,billing-worker,invoice_queue_depth,38.4
2026-07-25T10:03:00Z,metric-ingester,buffered_points,2059270.8
2026-07-25T10:03:00Z,metric-ingester,container_memory_rss_mb,3414.5
2026-07-25T10:03:00Z,metric-ingester,container_restarts,0.0
2026-07-25T10:03:00Z,metric-ingester,cpu_pct,36.0
2026-07-25T10:03:00Z,metric-ingester,points_flushed_per_min,222.8
2026-07-25T10:03:00Z,platform-api,metric_query_p95_ms,203.6
2026-07-25T10:03:00Z,query-svc,query_cache_hit_ratio,0.949
2026-07-25T10:04:00Z,billing-worker,invoice_queue_depth,40.4
2026-07-25T10:04:00Z,metric-ingester,buffered_points,2032406.3
2026-07-25T10:04:00Z,metric-ingester,container_memory_rss_mb,3578.1
2026-07-25T10:04:00Z,metric-ingester,container_restarts,0.0
2026-07-25T10:04:00Z,metric-ingester,cpu_pct,34.4
2026-07-25T10:04:00Z,metric-ingester,points_flushed_per_min,219.1
2026-07-25T10:04:00Z,platform-api,metric_query_p95_ms,204.9
2026-07-25T10:04:00Z,query-svc,query_cache_hit_ratio,0.9463
2026-07-25T10:05:00Z,billing-worker,invoice_queue_depth,38.1
2026-07-25T10:05:00Z,metric-ingester,buffered_points,1928353.3
2026-07-25T10:05:00Z,metric-ingester,container_memory_rss_mb,3416.6
2026-07-25T10:05:00Z,metric-ingester,container_restarts,0.0
2026-07-25T10:05:00Z,metric-ingester,cpu_pct,31.4
2026-07-25T10:05:00Z,metric-ingester,points_flushed_per_min,216.5
2026-07-25T10:05:00Z,platform-api,metric_query_p95_ms,216.9
2026-07-25T10:05:00Z,query-svc,query_cache_hit_ratio,0.9462
2026-07-25T10:06:00Z,billing-worker,invoice_queue_depth,40.6
2026-07-25T10:06:00Z,metric-ingester,buffered_points,2089075.5
2026-07-25T10:06:00Z,metric-ingester,container_memory_rss_mb,3686.8
2026-07-25T10:06:00Z,metric-ingester,container_restarts,0.0
2026-07-25T10:06:00Z,metric-ingester,cpu_pct,36.4
2026-07-25T10:06:00Z,metric-ingester,points_flushed_per_min,195.5
2026-07-25T10:06:00Z,platform-api,metric_query_p95_ms,206.7
2026-07-25T10:06:00Z,query-svc,query_cache_hit_ratio,0.8773
2026-07-25T10:07:00Z,billing-worker,invoice_queue_depth,41.5
2026-07-25T10:07:00Z,metric-ingester,buffered_points,2134725.2
2026-07-25T10:07:00Z,metric-ingester,container_memory_rss_mb,3571.6
2026-07-25T10:07:00Z,metric-ingester,container_restarts,0.0
2026-07-25T10:07:00Z,metric-ingester,cpu_pct,35.3
2026-07-25T10:07:00Z,metric-ingester,points_flushed_per_min,186.5
2026-07-25T10:07:00Z,platform-api,metric_query_p95_ms,211.3
2026-07-25T10:07:00Z,query-svc,query_cache_hit_ratio,0.9385
2026-07-25T10:08:00Z,billing-worker,invoice_queue_depth,39.6
2026-07-25T10:08:00Z,metric-ingester,buffered_points,2149037.0
2026-07-25T10:08:00Z,metric-ingester,container_memory_rss_mb,3722.4
2026-07-25T10:08:00Z,metric-ingester,container_restarts,0.0
2026-07-25T10:08:00Z,metric-ingester,cpu_pct,33.9
2026-07-25T10:08:00Z,metric-ingester,points_flushed_per_min,173.1
2026-07-25T10:08:00Z,platform-api,metric_query_p95_ms,221.8
2026-07-25T10:08:00Z,query-svc,query_cache_hit_ratio,0.9135
2026-07-25T10:09:00Z,billing-worker,invoice_queue_depth,40.0
2026-07-25T10:09:00Z,metric-ingester,buffered_points,2175494.4
2026-07-25T10:09:00Z,metric-ingester,container_memory_rss_mb,3668.2
2026-07-25T10:09:00Z,metric-ingester,container_restarts,0.0
2026-07-25T10:09:00Z,metric-ingester,cpu_pct,34.5
2026-07-25T10:09:00Z,metric-ingester,points_flushed_per_min,164.3
2026-07-25T10:09:00Z,platform-api,metric_query_p95_ms,197.9
2026-07-25T10:09:00Z,query-svc,query_cache_hit_ratio,0.9147
2026-07-25T10:10:00Z,billing-worker,invoice_queue_depth,41.9
2026-07-25T10:10:00Z,metric-ingester,buffered_points,2177147.3
2026-07-25T10:10:00Z,metric-ingester,container_memory_rss_mb,3681.3
2026-07-25T10:10:00Z,metric-ingester,container_restarts,0.0
2026-07-25T10:10:00Z,metric-ingester,cpu_pct,35.7
2026-07-25T10:10:00Z,metric-ingester,points_flushed_per_min,157.7
2026-07-25T10:10:00Z,platform-api,metric_query_p95_ms,203.4
2026-07-25T10:10:00Z,query-svc,query_cache_hit_ratio,0.8824
2026-07-25T10:11:00Z,billing-worker,invoice_queue_depth,41.0
2026-07-25T10:11:00Z,metric-ingester,buffered_points,2276449.5
2026-07-25T10:11:00Z,metric-ingester,container_memory_rss_mb,3647.1
2026-07-25T10:11:00Z,metric-ingester,container_restarts,0.0
2026-07-25T10:11:00Z,metric-ingester,cpu_pct,36.2
2026-07-25T10:11:00Z,metric-ingester,points_flushed_per_min,148.1
2026-07-25T10:11:00Z,platform-api,metric_query_p95_ms,205.7
2026-07-25T10:11:00Z,query-svc,query_cache_hit_ratio,0.8772
2026-07-25T10:12:00Z,billing-worker,invoice_queue_depth,39.0
2026-07-25T10:12:00Z,metric-ingester,buffered_points,2263638.8
2026-07-25T10:12:00Z,metric-ingester,container_memory_rss_mb,3846.1
2026-07-25T10:12:00Z,metric-ingester,container_restarts,0.0
2026-07-25T10:12:00Z,metric-ingester,cpu_pct,36.6
2026-07-25T10:12:00Z,metric-ingester,points_flushed_per_min,159.5
2026-07-25T10:12:00Z,platform-api,metric_query_p95_ms,221.2
2026-07-25T10:12:00Z,query-svc,query_cache_hit_ratio,0.9522
2026-07-25T10:13:00Z,billing-worker,invoice_queue_depth,40.8
2026-07-25T10:13:00Z,metric-ingester,buffered_points,2201210.8
2026-07-25T10:13:00Z,metric-ingester,container_memory_rss_mb,3941.7
2026-07-25T10:13:00Z,metric-ingester,container_restarts,0.0
2026-07-25T10:13:00Z,metric-ingester,cpu_pct,35.1
2026-07-25T10:13:00Z,metric-ingester,points_flushed_per_min,140.7
2026-07-25T10:13:00Z,platform-api,metric_query_p95_ms,219.7
2026-07-25T10:13:00Z,query-svc,query_cache_hit_ratio,0.8964
2026-07-25T10:14:00Z,billing-worker,invoice_queue_depth,41.0
2026-07-25T10:14:00Z,metric-ingester,buffered_points,2195604.6
2026-07-25T10:14:00Z,metric-ingester,container_memory_rss_mb,3747.8
2026-07-25T10:14:00Z,metric-ingester,container_restarts,0.0
2026-07-25T10:14:00Z,metric-ingester,cpu_pct,33.4
2026-07-25T10:14:00Z,metric-ingester,points_flushed_per_min,137.2
2026-07-25T10:14:00Z,platform-api,metric_query_p95_ms,195.4
2026-07-25T10:14:00Z,query-svc,query_cache_hit_ratio,0.9419
2026-07-25T10:15:00Z,billing-worker,invoice_queue_depth,41.9
2026-07-25T10:15:00Z,metric-ingester,buffered_points,2215871.2
2026-07-25T10:15:00Z,metric-ingester,container_memory_rss_mb,3910.5
2026-07-25T10:15:00Z,metric-ingester,container_restarts,0.0
2026-07-25T10:15:00Z,metric-ingester,cpu_pct,32.9
2026-07-25T10:15:00Z,metric-ingester,points_flushed_per_min,140.9
2026-07-25T10:15:00Z,platform-api,metric_query_p95_ms,223.6
2026-07-25T10:15:00Z,query-svc,query_cache_hit_ratio,0.8895
2026-07-25T10:16:00Z,billing-worker,invoice_queue_depth,39.3
2026-07-25T10:16:00Z,metric-ingester,buffered_points,2281885.0
2026-07-25T10:16:00Z,metric-ingester,container_memory_rss_mb,3969.5
2026-07-25T10:16:00Z,metric-ingester,container_restarts,0.0
2026-07-25T10:16:00Z,metric-ingester,cpu_pct,35.4
2026-07-25T10:16:00Z,metric-ingester,points_flushed_per_min,127.2
2026-07-25T10:16:00Z,platform-api,metric_query_p95_ms,200.8
2026-07-25T10:16:00Z,query-svc,query_cache_hit_ratio,0.9393
2026-07-25T10:17:00Z,billing-worker,invoice_queue_depth,40.4
2026-07-25T10:17:00Z,metric-ingester,buffered_points,2375287.1
2026-07-25T10:17:00Z,metric-ingester,container_memory_rss_mb,3988.7
2026-07-25T10:17:00Z,metric-ingester,container_restarts,0.0
2026-07-25T10:17:00Z,metric-ingester,cpu_pct,33.7
2026-07-25T10:17:00Z,metric-ingester,points_flushed_per_min,125.3
2026-07-25T10:17:00Z,platform-api,metric_query_p95_ms,224.8
2026-07-25T10:17:00Z,query-svc,query_cache_hit_ratio,0.9499
2026-07-25T10:18:00Z,billing-worker,invoice_queue_depth,40.2
2026-07-25T10:18:00Z,metric-ingester,buffered_points,2446489.5
2026-07-25T10:18:00Z,metric-ingester,container_memory_rss_mb,3873.7
2026-07-25T10:18:00Z,metric-ingester,container_restarts,0.0
2026-07-25T10:18:00Z,metric-ingester,cpu_pct,33.5
2026-07-25T10:18:00Z,metric-ingester,points_flushed_per_min,109.3
2026-07-25T10:18:00Z,platform-api,metric_query_p95_ms,222.4
2026-07-25T10:18:00Z,query-svc,query_cache_hit_ratio,0.8678
2026-07-25T10:19:00Z,billing-worker,invoice_queue_depth,38.6
2026-07-25T10:19:00Z,metric-ingester,buffered_points,2314428.5
2026-07-25T10:19:00Z,metric-ingester,container_memory_rss_mb,3904.9
2026-07-25T10:19:00Z,metric-ingester,container_restarts,0.0
2026-07-25T10:19:00Z,metric-ingester,cpu_pct,36.5
2026-07-25T10:19:00Z,metric-ingester,points_flushed_per_min,109.4
2026-07-25T10:19:00Z,platform-api,metric_query_p95_ms,215.8
2026-07-25T10:19:00Z,query-svc,query_cache_hit_ratio,0.9088
2026-07-25T10:20:00Z,billing-worker,invoice_queue_depth,40.6
2026-07-25T10:20:00Z,metric-ingester,buffered_points,2489177.1
2026-07-25T10:20:00Z,metric-ingester,container_memory_rss_mb,3930.4
2026-07-25T10:20:00Z,metric-ingester,container_restarts,5.0
2026-07-25T10:20:00Z,metric-ingester,cpu_pct,34.1
2026-07-25T10:20:00Z,metric-ingester,points_flushed_per_min,88.4
2026-07-25T10:20:00Z,platform-api,metric_query_p95_ms,211.0
2026-07-25T10:20:00Z,query-svc,query_cache_hit_ratio,0.891
2026-07-25T10:21:00Z,billing-worker,invoice_queue_depth,38.3
2026-07-25T10:21:00Z,metric-ingester,buffered_points,2445457.3
2026-07-25T10:21:00Z,metric-ingester,container_memory_rss_mb,4229.2
2026-07-25T10:21:00Z,metric-ingester,container_restarts,5.0
2026-07-25T10:21:00Z,metric-ingester,cpu_pct,31.5
2026-07-25T10:21:00Z,metric-ingester,points_flushed_per_min,102.2
2026-07-25T10:21:00Z,platform-api,metric_query_p95_ms,354.2
2026-07-25T10:21:00Z,query-svc,query_cache_hit_ratio,0.9061
2026-07-25T10:22:00Z,billing-worker,invoice_queue_depth,37.7
2026-07-25T10:22:00Z,metric-ingester,buffered_points,2507854.5
2026-07-25T10:22:00Z,metric-ingester,container_memory_rss_mb,4230.9
2026-07-25T10:22:00Z,metric-ingester,container_restarts,5.0
2026-07-25T10:22:00Z,metric-ingester,cpu_pct,35.2
2026-07-25T10:22:00Z,metric-ingester,points_flushed_per_min,91.7
2026-07-25T10:22:00Z,platform-api,metric_query_p95_ms,477.9
2026-07-25T10:22:00Z,query-svc,query_cache_hit_ratio,0.8912
2026-07-25T10:23:00Z,billing-worker,invoice_queue_depth,42.3
2026-07-25T10:23:00Z,metric-ingester,buffered_points,2367187.9
2026-07-25T10:23:00Z,metric-ingester,container_memory_rss_mb,4226.7
2026-07-25T10:23:00Z,metric-ingester,container_restarts,5.0
2026-07-25T10:23:00Z,metric-ingester,cpu_pct,32.8
2026-07-25T10:23:00Z,metric-ingester,points_flushed_per_min,93.9
2026-07-25T10:23:00Z,platform-api,metric_query_p95_ms,631.3
2026-07-25T10:23:00Z,query-svc,query_cache_hit_ratio,0.9134
2026-07-25T10:24:00Z,billing-worker,invoice_queue_depth,39.8
2026-07-25T10:24:00Z,metric-ingester,buffered_points,2296729.5
2026-07-25T10:24:00Z,metric-ingester,container_memory_rss_mb,4188.5
2026-07-25T10:24:00Z,metric-ingester,container_restarts,5.0
2026-07-25T10:24:00Z,metric-ingester,cpu_pct,31.5
2026-07-25T10:24:00Z,metric-ingester,points_flushed_per_min,87.5
2026-07-25T10:24:00Z,platform-api,metric_query_p95_ms,765.7
2026-07-25T10:24:00Z,query-svc,query_cache_hit_ratio,0.9397
2026-07-25T10:25:00Z,billing-worker,invoice_queue_depth,38.4
2026-07-25T10:25:00Z,metric-ingester,buffered_points,2309748.6
2026-07-25T10:25:00Z,metric-ingester,container_memory_rss_mb,4202.1
2026-07-25T10:25:00Z,metric-ingester,container_restarts,5.0
2026-07-25T10:25:00Z,metric-ingester,cpu_pct,31.8
2026-07-25T10:25:00Z,metric-ingester,points_flushed_per_min,89.2
2026-07-25T10:25:00Z,platform-api,metric_query_p95_ms,804.5
2026-07-25T10:25:00Z,query-svc,query_cache_hit_ratio,0.9468
2026-07-25T10:26:00Z,billing-worker,invoice_queue_depth,42.0
2026-07-25T10:26:00Z,metric-ingester,buffered_points,2308194.8
2026-07-25T10:26:00Z,metric-ingester,container_memory_rss_mb,4170.4
2026-07-25T10:26:00Z,metric-ingester,container_restarts,5.0
2026-07-25T10:26:00Z,metric-ingester,cpu_pct,33.1
2026-07-25T10:26:00Z,metric-ingester,points_flushed_per_min,98.8
2026-07-25T10:26:00Z,platform-api,metric_query_p95_ms,1044.7
2026-07-25T10:26:00Z,query-svc,query_cache_hit_ratio,0.9338
2026-07-25T10:27:00Z,billing-worker,invoice_queue_depth,37.9
2026-07-25T10:27:00Z,metric-ingester,buffered_points,2368497.0
2026-07-25T10:27:00Z,metric-ingester,container_memory_rss_mb,4067.0
2026-07-25T10:27:00Z,metric-ingester,container_restarts,5.0
2026-07-25T10:27:00Z,metric-ingester,cpu_pct,31.8
2026-07-25T10:27:00Z,metric-ingester,points_flushed_per_min,88.4
2026-07-25T10:27:00Z,platform-api,metric_query_p95_ms,1029.9
2026-07-25T10:27:00Z,query-svc,query_cache_hit_ratio,0.9467
2026-07-25T10:28:00Z,billing-worker,invoice_queue_depth,40.9
2026-07-25T10:28:00Z,metric-ingester,buffered_points,2518513.9
2026-07-25T10:28:00Z,metric-ingester,container_memory_rss_mb,4107.3
2026-07-25T10:28:00Z,metric-ingester,container_restarts,5.0
2026-07-25T10:28:00Z,metric-ingester,cpu_pct,33.5
2026-07-25T10:28:00Z,metric-ingester,points_flushed_per_min,91.1
2026-07-25T10:28:00Z,platform-api,metric_query_p95_ms,1237.6
2026-07-25T10:28:00Z,query-svc,query_cache_hit_ratio,0.8729
2026-07-25T10:29:00Z,billing-worker,invoice_queue_depth,38.4
2026-07-25T10:29:00Z,metric-ingester,buffered_points,2320118.2
2026-07-25T10:29:00Z,metric-ingester,container_memory_rss_mb,3987.5
2026-07-25T10:29:00Z,metric-ingester,container_restarts,5.0
2026-07-25T10:29:00Z,metric-ingester,cpu_pct,34.1
2026-07-25T10:29:00Z,metric-ingester,points_flushed_per_min,93.1
2026-07-25T10:29:00Z,platform-api,metric_query_p95_ms,1343.0
2026-07-25T10:29:00Z,query-svc,query_cache_hit_ratio,0.935
2026-07-25T10:30:00Z,billing-worker,invoice_queue_depth,39.3
2026-07-25T10:30:00Z,metric-ingester,buffered_points,2318101.5
2026-07-25T10:30:00Z,metric-ingester,container_memory_rss_mb,4155.9
2026-07-25T10:30:00Z,metric-ingester,container_restarts,5.0
2026-07-25T10:30:00Z,metric-ingester,cpu_pct,31.7
2026-07-25T10:30:00Z,metric-ingester,points_flushed_per_min,99.5
2026-07-25T10:30:00Z,platform-api,metric_query_p95_ms,1536.1
2026-07-25T10:30:00Z,query-svc,query_cache_hit_ratio,0.9537
2026-07-25T10:31:00Z,billing-worker,invoice_queue_depth,42.4
2026-07-25T10:31:00Z,metric-ingester,buffered_points,2393263.8
2026-07-25T10:31:00Z,metric-ingester,container_memory_rss_mb,3942.7
2026-07-25T10:31:00Z,metric-ingester,container_restarts,5.0
2026-07-25T10:31:00Z,metric-ingester,cpu_pct,36.3
2026-07-25T10:31:00Z,metric-ingester,points_flushed_per_min,95.1
2026-07-25T10:31:00Z,platform-api,metric_query_p95_ms,1549.7
2026-07-25T10:31:00Z,query-svc,query_cache_hit_ratio,0.9031
2026-07-25T10:32:00Z,billing-worker,invoice_queue_depth,40.4
2026-07-25T10:32:00Z,metric-ingester,buffered_points,2506417.2
2026-07-25T10:32:00Z,metric-ingester,container_memory_rss_mb,3960.4
2026-07-25T10:32:00Z,metric-ingester,container_restarts,5.0
2026-07-25T10:32:00Z,metric-ingester,cpu_pct,33.7
2026-07-25T10:32:00Z,metric-ingester,points_flushed_per_min,101.3
2026-07-25T10:32:00Z,platform-api,metric_query_p95_ms,1668.8
2026-07-25T10:32:00Z,query-svc,query_cache_hit_ratio,0.8799
2026-07-25T10:33:00Z,billing-worker,invoice_queue_depth,42.0
2026-07-25T10:33:00Z,metric-ingester,buffered_points,2389512.1
2026-07-25T10:33:00Z,metric-ingester,container_memory_rss_mb,4175.6
2026-07-25T10:33:00Z,metric-ingester,container_restarts,5.0
2026-07-25T10:33:00Z,metric-ingester,cpu_pct,34.5
2026-07-25T10:33:00Z,metric-ingester,points_flushed_per_min,99.9
2026-07-25T10:33:00Z,platform-api,metric_query_p95_ms,1782.2
2026-07-25T10:33:00Z,query-svc,query_cache_hit_ratio,0.921
2026-07-25T10:34:00Z,billing-worker,invoice_queue_depth,40.3
2026-07-25T10:34:00Z,metric-ingester,buffered_points,2346091.9
2026-07-25T10:34:00Z,metric-ingester,container_memory_rss_mb,4097.9
2026-07-25T10:34:00Z,metric-ingester,container_restarts,5.0
2026-07-25T10:34:00Z,metric-ingester,cpu_pct,34.3
2026-07-25T10:34:00Z,metric-ingester,points_flushed_per_min,91.4
2026-07-25T10:34:00Z,platform-api,metric_query_p95_ms,1968.9
2026-07-25T10:34:00Z,query-svc,query_cache_hit_ratio,0.8744
2026-07-25T10:35:00Z,billing-worker,invoice_queue_depth,39.0
2026-07-25T10:35:00Z,metric-ingester,buffered_points,2409584.0
2026-07-25T10:35:00Z,metric-ingester,container_memory_rss_mb,4229.3
2026-07-25T10:35:00Z,metric-ingester,container_restarts,5.0
2026-07-25T10:35:00Z,metric-ingester,cpu_pct,35.9
2026-07-25T10:35:00Z,metric-ingester,points_flushed_per_min,93.4
2026-07-25T10:35:00Z,platform-api,metric_query_p95_ms,1957.4
2026-07-25T10:35:00Z,query-svc,query_cache_hit_ratio,0.8998
2026-07-25T10:36:00Z,billing-worker,invoice_queue_depth,41.8
2026-07-25T10:36:00Z,metric-ingester,buffered_points,2391422.2
2026-07-25T10:36:00Z,metric-ingester,container_memory_rss_mb,4111.6
2026-07-25T10:36:00Z,metric-ingester,container_restarts,5.0
2026-07-25T10:36:00Z,metric-ingester,cpu_pct,32.6
2026-07-25T10:36:00Z,metric-ingester,points_flushed_per_min,97.9
2026-07-25T10:36:00Z,platform-api,metric_query_p95_ms,2376.4
2026-07-25T10:36:00Z,query-svc,query_cache_hit_ratio,0.928
2026-07-25T10:37:00Z,billing-worker,invoice_queue_depth,40.6
2026-07-25T10:37:00Z,metric-ingester,buffered_points,2412962.7
2026-07-25T10:37:00Z,metric-ingester,container_memory_rss_mb,3989.4
2026-07-25T10:37:00Z,metric-ingester,container_restarts,5.0
2026-07-25T10:37:00Z,metric-ingester,cpu_pct,35.0
2026-07-25T10:37:00Z,metric-ingester,points_flushed_per_min,95.0
2026-07-25T10:37:00Z,platform-api,metric_query_p95_ms,2253.0
2026-07-25T10:37:00Z,query-svc,query_cache_hit_ratio,0.9095
2026-07-25T10:38:00Z,billing-worker,invoice_queue_depth,38.5
2026-07-25T10:38:00Z,metric-ingester,buffered_points,2466732.3
2026-07-25T10:38:00Z,metric-ingester,container_memory_rss_mb,4032.8
2026-07-25T10:38:00Z,metric-ingester,container_restarts,5.0
2026-07-25T10:38:00Z,metric-ingester,cpu_pct,36.2
2026-07-25T10:38:00Z,metric-ingester,points_flushed_per_min,87.8
2026-07-25T10:38:00Z,platform-api,metric_query_p95_ms,2553.4
2026-07-25T10:38:00Z,query-svc,query_cache_hit_ratio,0.9445
2026-07-25T10:39:00Z,billing-worker,invoice_queue_depth,38.6
2026-07-25T10:39:00Z,metric-ingester,buffered_points,2400988.3
2026-07-25T10:39:00Z,metric-ingester,container_memory_rss_mb,4112.3
2026-07-25T10:39:00Z,metric-ingester,container_restarts,5.0
2026-07-25T10:39:00Z,metric-ingester,cpu_pct,32.8
2026-07-25T10:39:00Z,metric-ingester,points_flushed_per_min,89.4
2026-07-25T10:39:00Z,platform-api,metric_query_p95_ms,2766.1
2026-07-25T10:39:00Z,query-svc,query_cache_hit_ratio,0.8672
2026-07-25T10:40:00Z,billing-worker,invoice_queue_depth,41.3
2026-07-25T10:40:00Z,metric-ingester,buffered_points,2375557.3
2026-07-25T10:40:00Z,metric-ingester,container_memory_rss_mb,4033.3
2026-07-25T10:40:00Z,metric-ingester,container_restarts,5.0
2026-07-25T10:40:00Z,metric-ingester,cpu_pct,34.6
2026-07-25T10:40:00Z,metric-ingester,points_flushed_per_min,102.1
2026-07-25T10:40:00Z,platform-api,metric_query_p95_ms,2956.4
2026-07-25T10:40:00Z,query-svc,query_cache_hit_ratio,0.8717
2026-07-25T10:41:00Z,billing-worker,invoice_queue_depth,41.2
2026-07-25T10:41:00Z,metric-ingester,buffered_points,2492067.7
2026-07-25T10:41:00Z,metric-ingester,container_memory_rss_mb,4129.3
2026-07-25T10:41:00Z,metric-ingester,container_restarts,5.0
2026-07-25T10:41:00Z,metric-ingester,cpu_pct,32.5
2026-07-25T10:41:00Z,metric-ingester,points_flushed_per_min,89.5
2026-07-25T10:41:00Z,platform-api,metric_query_p95_ms,2673.5
2026-07-25T10:41:00Z,query-svc,query_cache_hit_ratio,0.8673
2026-07-25T10:42:00Z,billing-worker,invoice_queue_depth,38.0
2026-07-25T10:42:00Z,metric-ingester,buffered_points,2467346.9
2026-07-25T10:42:00Z,metric-ingester,container_memory_rss_mb,4244.9
2026-07-25T10:42:00Z,metric-ingester,container_restarts,5.0
2026-07-25T10:42:00Z,metric-ingester,cpu_pct,35.0
2026-07-25T10:42:00Z,metric-ingester,points_flushed_per_min,91.7
2026-07-25T10:42:00Z,platform-api,metric_query_p95_ms,2878.9
2026-07-25T10:42:00Z,query-svc,query_cache_hit_ratio,0.8834
2026-07-25T10:43:00Z,billing-worker,invoice_queue_depth,40.1
2026-07-25T10:43:00Z,metric-ingester,buffered_points,2296198.8
2026-07-25T10:43:00Z,metric-ingester,container_memory_rss_mb,4108.8
2026-07-25T10:43:00Z,metric-ingester,container_restarts,5.0
2026-07-25T10:43:00Z,metric-ingester,cpu_pct,34.0
2026-07-25T10:43:00Z,metric-ingester,points_flushed_per_min,101.4
2026-07-25T10:43:00Z,platform-api,metric_query_p95_ms,3000.9
2026-07-25T10:43:00Z,query-svc,query_cache_hit_ratio,0.8908
2026-07-25T10:44:00Z,billing-worker,invoice_queue_depth,39.7
2026-07-25T10:44:00Z,metric-ingester,buffered_points,2320779.1
2026-07-25T10:44:00Z,metric-ingester,container_memory_rss_mb,3963.4
2026-07-25T10:44:00Z,metric-ingester,container_restarts,5.0
2026-07-25T10:44:00Z,metric-ingester,cpu_pct,35.3
2026-07-25T10:44:00Z,metric-ingester,points_flushed_per_min,97.7
2026-07-25T10:44:00Z,platform-api,metric_query_p95_ms,3238.5
2026-07-25T10:44:00Z,query-svc,query_cache_hit_ratio,0.8946
2026-07-25T10:45:00Z,billing-worker,invoice_queue_depth,40.8
2026-07-25T10:45:00Z,metric-ingester,buffered_points,2355096.5
2026-07-25T10:45:00Z,metric-ingester,container_memory_rss_mb,4110.1
2026-07-25T10:45:00Z,metric-ingester,container_restarts,5.0
2026-07-25T10:45:00Z,metric-ingester,cpu_pct,31.8
2026-07-25T10:45:00Z,metric-ingester,points_flushed_per_min,89.4
2026-07-25T10:45:00Z,platform-api,metric_query_p95_ms,3465.5
2026-07-25T10:45:00Z,query-svc,query_cache_hit_ratio,0.9359
2026-07-25T10:46:00Z,billing-worker,invoice_queue_depth,37.7
2026-07-25T10:46:00Z,metric-ingester,buffered_points,2477389.6
2026-07-25T10:46:00Z,metric-ingester,container_memory_rss_mb,4062.7
2026-07-25T10:46:00Z,metric-ingester,container_restarts,5.0
2026-07-25T10:46:00Z,metric-ingester,cpu_pct,32.0
2026-07-25T10:46:00Z,metric-ingester,points_flushed_per_min,91.3
2026-07-25T10:46:00Z,platform-api,metric_query_p95_ms,3496.1
2026-07-25T10:46:00Z,query-svc,query_cache_hit_ratio,0.9551
2026-07-25T10:47:00Z,billing-worker,invoice_queue_depth,42.1
2026-07-25T10:47:00Z,metric-ingester,buffered_points,2389535.2
2026-07-25T10:47:00Z,metric-ingester,container_memory_rss_mb,4111.2
2026-07-25T10:47:00Z,metric-ingester,container_restarts,5.0
2026-07-25T10:47:00Z,metric-ingester,cpu_pct,31.7
2026-07-25T10:47:00Z,metric-ingester,points_flushed_per_min,101.8
2026-07-25T10:47:00Z,platform-api,metric_query_p95_ms,3280.7
2026-07-25T10:47:00Z,query-svc,query_cache_hit_ratio,0.905
2026-07-25T10:48:00Z,billing-worker,invoice_queue_depth,40.5
2026-07-25T10:48:00Z,metric-ingester,buffered_points,2450344.8
2026-07-25T10:48:00Z,metric-ingester,container_memory_rss_mb,4171.8
2026-07-25T10:48:00Z,metric-ingester,container_restarts,5.0
2026-07-25T10:48:00Z,metric-ingester,cpu_pct,33.6
2026-07-25T10:48:00Z,metric-ingester,points_flushed_per_min,95.4
2026-07-25T10:48:00Z,platform-api,metric_query_p95_ms,3287.2
2026-07-25T10:48:00Z,query-svc,query_cache_hit_ratio,0.8657
2026-07-25T10:49:00Z,billing-worker,invoice_queue_depth,38.1
2026-07-25T10:49:00Z,metric-ingester,buffered_points,2401242.0
2026-07-25T10:49:00Z,metric-ingester,container_memory_rss_mb,4107.2
2026-07-25T10:49:00Z,metric-ingester,container_restarts,5.0
2026-07-25T10:49:00Z,metric-ingester,cpu_pct,33.9
2026-07-25T10:49:00Z,metric-ingester,points_flushed_per_min,99.0
2026-07-25T10:49:00Z,platform-api,metric_query_p95_ms,3395.8
2026-07-25T10:49:00Z,query-svc,query_cache_hit_ratio,0.8841
2026-07-25T10:50:00Z,billing-worker,invoice_queue_depth,41.6
2026-07-25T10:50:00Z,metric-ingester,buffered_points,2486269.6
2026-07-25T10:50:00Z,metric-ingester,container_memory_rss_mb,4100.0
2026-07-25T10:50:00Z,metric-ingester,container_restarts,5.0
2026-07-25T10:50:00Z,metric-ingester,cpu_pct,32.9
2026-07-25T10:50:00Z,metric-ingester,points_flushed_per_min,95.0
2026-07-25T10:50:00Z,platform-api,metric_query_p95_ms,3320.9
2026-07-25T10:50:00Z,query-svc,query_cache_hit_ratio,0.9312
2026-07-25T10:51:00Z,billing-worker,invoice_queue_depth,41.1
2026-07-25T10:51:00Z,metric-ingester,buffered_points,2496446.6
2026-07-25T10:51:00Z,metric-ingester,container_memory_rss_mb,4203.4
2026-07-25T10:51:00Z,metric-ingester,container_restarts,5.0
2026-07-25T10:51:00Z,metric-ingester,cpu_pct,31.7
2026-07-25T10:51:00Z,metric-ingester,points_flushed_per_min,99.8
2026-07-25T10:51:00Z,platform-api,metric_query_p95_ms,3596.9
2026-07-25T10:51:00Z,query-svc,query_cache_hit_ratio,0.8917
2026-07-25T10:52:00Z,billing-worker,invoice_queue_depth,42.0
2026-07-25T10:52:00Z,metric-ingester,buffered_points,2383416.1
2026-07-25T10:52:00Z,metric-ingester,container_memory_rss_mb,4039.8
2026-07-25T10:52:00Z,metric-ingester,container_restarts,5.0
2026-07-25T10:52:00Z,metric-ingester,cpu_pct,34.9
2026-07-25T10:52:00Z,metric-ingester,points_flushed_per_min,100.8
2026-07-25T10:52:00Z,platform-api,metric_query_p95_ms,3130.8
2026-07-25T10:52:00Z,query-svc,query_cache_hit_ratio,0.8765
2026-07-25T10:53:00Z,billing-worker,invoice_queue_depth,40.1
2026-07-25T10:53:00Z,metric-ingester,buffered_points,2288782.1
2026-07-25T10:53:00Z,metric-ingester,container_memory_rss_mb,4173.9
2026-07-25T10:53:00Z,metric-ingester,container_restarts,5.0
2026-07-25T10:53:00Z,metric-ingester,cpu_pct,34.5
2026-07-25T10:53:00Z,metric-ingester,points_flushed_per_min,96.0
2026-07-25T10:53:00Z,platform-api,metric_query_p95_ms,3217.6
2026-07-25T10:53:00Z,query-svc,query_cache_hit_ratio,0.9019
2026-07-25T10:54:00Z,billing-worker,invoice_queue_depth,41.3
2026-07-25T10:54:00Z,metric-ingester,buffered_points,2292478.1
2026-07-25T10:54:00Z,metric-ingester,container_memory_rss_mb,4199.3
2026-07-25T10:54:00Z,metric-ingester,container_restarts,5.0
2026-07-25T10:54:00Z,metric-ingester,cpu_pct,34.7
2026-07-25T10:54:00Z,metric-ingester,points_flushed_per_min,88.0
2026-07-25T10:54:00Z,platform-api,metric_query_p95_ms,3138.7
2026-07-25T10:54:00Z,query-svc,query_cache_hit_ratio,0.9016
2026-07-25T10:55:00Z,billing-worker,invoice_queue_depth,39.1
2026-07-25T10:55:00Z,metric-ingester,buffered_points,2330279.2
2026-07-25T10:55:00Z,metric-ingester,container_memory_rss_mb,4203.8
2026-07-25T10:55:00Z,metric-ingester,container_restarts,5.0
2026-07-25T10:55:00Z,metric-ingester,cpu_pct,32.1
2026-07-25T10:55:00Z,metric-ingester,points_flushed_per_min,88.5
2026-07-25T10:55:00Z,platform-api,metric_query_p95_ms,3315.1
2026-07-25T10:55:00Z,query-svc,query_cache_hit_ratio,0.9227
2026-07-25T10:56:00Z,billing-worker,invoice_queue_depth,41.9
2026-07-25T10:56:00Z,metric-ingester,buffered_points,2479071.2
2026-07-25T10:56:00Z,metric-ingester,container_memory_rss_mb,4110.7
2026-07-25T10:56:00Z,metric-ingester,container_restarts,5.0
2026-07-25T10:56:00Z,metric-ingester,cpu_pct,32.6
2026-07-25T10:56:00Z,metric-ingester,points_flushed_per_min,95.5
2026-07-25T10:56:00Z,platform-api,metric_query_p95_ms,3383.3
2026-07-25T10:56:00Z,query-svc,query_cache_hit_ratio,0.8849
2026-07-25T10:57:00Z,billing-worker,invoice_queue_depth,39.9
2026-07-25T10:57:00Z,metric-ingester,buffered_points,2291769.6
2026-07-25T10:57:00Z,metric-ingester,container_memory_rss_mb,4079.7
2026-07-25T10:57:00Z,metric-ingester,container_restarts,5.0
2026-07-25T10:57:00Z,metric-ingester,cpu_pct,35.2
2026-07-25T10:57:00Z,metric-ingester,points_flushed_per_min,89.1
2026-07-25T10:57:00Z,platform-api,metric_query_p95_ms,3350.1
2026-07-25T10:57:00Z,query-svc,query_cache_hit_ratio,0.9508
2026-07-25T10:58:00Z,billing-worker,invoice_queue_depth,39.4
2026-07-25T10:58:00Z,metric-ingester,buffered_points,2439642.5
2026-07-25T10:58:00Z,metric-ingester,container_memory_rss_mb,4181.2
2026-07-25T10:58:00Z,metric-ingester,container_restarts,5.0
2026-07-25T10:58:00Z,metric-ingester,cpu_pct,36.3
2026-07-25T10:58:00Z,metric-ingester,points_flushed_per_min,100.8
2026-07-25T10:58:00Z,platform-api,metric_query_p95_ms,3237.8
2026-07-25T10:58:00Z,query-svc,query_cache_hit_ratio,0.8883
2026-07-25T10:59:00Z,billing-worker,invoice_queue_depth,40.4
2026-07-25T10:59:00Z,metric-ingester,buffered_points,2387511.3
2026-07-25T10:59:00Z,metric-ingester,container_memory_rss_mb,4125.3
2026-07-25T10:59:00Z,metric-ingester,container_restarts,5.0
2026-07-25T10:59:00Z,metric-ingester,cpu_pct,35.9
2026-07-25T10:59:00Z,metric-ingester,points_flushed_per_min,101.9
2026-07-25T10:59:00Z,platform-api,metric_query_p95_ms,3405.6
2026-07-25T10:59:00Z,query-svc,query_cache_hit_ratio,0.9323
2026-07-25T11:00:00Z,billing-worker,invoice_queue_depth,41.2
2026-07-25T11:00:00Z,metric-ingester,buffered_points,2385039.0
2026-07-25T11:00:00Z,metric-ingester,container_memory_rss_mb,4065.9
2026-07-25T11:00:00Z,metric-ingester,container_restarts,5.0
2026-07-25T11:00:00Z,metric-ingester,cpu_pct,33.5
2026-07-25T11:00:00Z,metric-ingester,points_flushed_per_min,101.9
2026-07-25T11:00:00Z,platform-api,metric_query_p95_ms,3311.6
2026-07-25T11:00:00Z,query-svc,query_cache_hit_ratio,0.91
2026-07-25T11:01:00Z,billing-worker,invoice_queue_depth,40.0
2026-07-25T11:01:00Z,metric-ingester,buffered_points,2346344.6
2026-07-25T11:01:00Z,metric-ingester,container_memory_rss_mb,4190.3
2026-07-25T11:01:00Z,metric-ingester,container_restarts,5.0
2026-07-25T11:01:00Z,metric-ingester,cpu_pct,32.1
2026-07-25T11:01:00Z,metric-ingester,points_flushed_per_min,101.2
2026-07-25T11:01:00Z,platform-api,metric_query_p95_ms,3413.7
2026-07-25T11:01:00Z,query-svc,query_cache_hit_ratio,0.9194
2026-07-25T11:02:00Z,billing-worker,invoice_queue_depth,41.1
2026-07-25T11:02:00Z,metric-ingester,buffered_points,2378103.4
2026-07-25T11:02:00Z,metric-ingester,container_memory_rss_mb,4188.3
2026-07-25T11:02:00Z,metric-ingester,container_restarts,5.0
2026-07-25T11:02:00Z,metric-ingester,cpu_pct,35.5
2026-07-25T11:02:00Z,metric-ingester,points_flushed_per_min,94.7
2026-07-25T11:02:00Z,platform-api,metric_query_p95_ms,3466.0
2026-07-25T11:02:00Z,query-svc,query_cache_hit_ratio,0.8991
2026-07-25T11:03:00Z,billing-worker,invoice_queue_depth,40.4
2026-07-25T11:03:00Z,metric-ingester,buffered_points,2415211.3
2026-07-25T11:03:00Z,metric-ingester,container_memory_rss_mb,4154.5
2026-07-25T11:03:00Z,metric-ingester,container_restarts,5.0
2026-07-25T11:03:00Z,metric-ingester,cpu_pct,35.7
2026-07-25T11:03:00Z,metric-ingester,points_flushed_per_min,91.7
2026-07-25T11:03:00Z,platform-api,metric_query_p95_ms,3629.6
2026-07-25T11:03:00Z,query-svc,query_cache_hit_ratio,0.9222
2026-07-25T11:04:00Z,billing-worker,invoice_queue_depth,37.8
2026-07-25T11:04:00Z,metric-ingester,buffered_points,2364907.0
2026-07-25T11:04:00Z,metric-ingester,container_memory_rss_mb,4181.7
2026-07-25T11:04:00Z,metric-ingester,container_restarts,5.0
2026-07-25T11:04:00Z,metric-ingester,cpu_pct,35.2
2026-07-25T11:04:00Z,metric-ingester,points_flushed_per_min,93.4
2026-07-25T11:04:00Z,platform-api,metric_query_p95_ms,3550.8
2026-07-25T11:04:00Z,query-svc,query_cache_hit_ratio,0.9288
2026-07-25T11:05:00Z,billing-worker,invoice_queue_depth,42.4
2026-07-25T11:05:00Z,metric-ingester,buffered_points,2318216.3
2026-07-25T11:05:00Z,metric-ingester,container_memory_rss_mb,4094.2
2026-07-25T11:05:00Z,metric-ingester,container_restarts,5.0
2026-07-25T11:05:00Z,metric-ingester,cpu_pct,31.8
2026-07-25T11:05:00Z,metric-ingester,points_flushed_per_min,92.3
2026-07-25T11:05:00Z,platform-api,metric_query_p95_ms,3352.2
2026-07-25T11:05:00Z,query-svc,query_cache_hit_ratio,0.9168
2026-07-25T11:06:00Z,billing-worker,invoice_queue_depth,39.6
2026-07-25T11:06:00Z,metric-ingester,buffered_points,2464175.3
2026-07-25T11:06:00Z,metric-ingester,container_memory_rss_mb,3932.1
2026-07-25T11:06:00Z,metric-ingester,container_restarts,5.0
2026-07-25T11:06:00Z,metric-ingester,cpu_pct,35.7
2026-07-25T11:06:00Z,metric-ingester,points_flushed_per_min,100.1
2026-07-25T11:06:00Z,platform-api,metric_query_p95_ms,3402.1
2026-07-25T11:06:00Z,query-svc,query_cache_hit_ratio,0.9247
2026-07-25T11:07:00Z,billing-worker,invoice_queue_depth,41.5
2026-07-25T11:07:00Z,metric-ingester,buffered_points,2328513.9
2026-07-25T11:07:00Z,metric-ingester,container_memory_rss_mb,3954.0
2026-07-25T11:07:00Z,metric-ingester,container_restarts,5.0
2026-07-25T11:07:00Z,metric-ingester,cpu_pct,32.5
2026-07-25T11:07:00Z,metric-ingester,points_flushed_per_min,95.1
2026-07-25T11:07:00Z,platform-api,metric_query_p95_ms,3405.0
2026-07-25T11:07:00Z,query-svc,query_cache_hit_ratio,0.9066
2026-07-25T11:08:00Z,billing-worker,invoice_queue_depth,42.1
2026-07-25T11:08:00Z,metric-ingester,buffered_points,2383887.9
2026-07-25T11:08:00Z,metric-ingester,container_memory_rss_mb,3945.6
2026-07-25T11:08:00Z,metric-ingester,container_restarts,5.0
2026-07-25T11:08:00Z,metric-ingester,cpu_pct,35.1
2026-07-25T11:08:00Z,metric-ingester,points_flushed_per_min,90.9
2026-07-25T11:08:00Z,platform-api,metric_query_p95_ms,3307.3
2026-07-25T11:08:00Z,query-svc,query_cache_hit_ratio,0.9165
2026-07-25T11:09:00Z,billing-worker,invoice_queue_depth,39.1
2026-07-25T11:09:00Z,metric-ingester,buffered_points,2499959.5
2026-07-25T11:09:00Z,metric-ingester,container_memory_rss_mb,4237.1
2026-07-25T11:09:00Z,metric-ingester,container_restarts,5.0
2026-07-25T11:09:00Z,metric-ingester,cpu_pct,36.5
2026-07-25T11:09:00Z,metric-ingester,points_flushed_per_min,101.0
2026-07-25T11:09:00Z,platform-api,metric_query_p95_ms,3359.9
2026-07-25T11:09:00Z,query-svc,query_cache_hit_ratio,0.9312
2026-07-25T11:10:00Z,billing-worker,invoice_queue_depth,39.2
2026-07-25T11:10:00Z,metric-ingester,buffered_points,2470285.2
2026-07-25T11:10:00Z,metric-ingester,container_memory_rss_mb,3952.7
2026-07-25T11:10:00Z,metric-ingester,container_restarts,5.0
2026-07-25T11:10:00Z,metric-ingester,cpu_pct,33.7
2026-07-25T11:10:00Z,metric-ingester,points_flushed_per_min,91.6
2026-07-25T11:10:00Z,platform-api,metric_query_p95_ms,3237.4
2026-07-25T11:10:00Z,query-svc,query_cache_hit_ratio,0.9293
2026-07-25T11:11:00Z,billing-worker,invoice_queue_depth,41.7
2026-07-25T11:11:00Z,metric-ingester,buffered_points,2450531.4
2026-07-25T11:11:00Z,metric-ingester,container_memory_rss_mb,3995.3
2026-07-25T11:11:00Z,metric-ingester,container_restarts,5.0
2026-07-25T11:11:00Z,metric-ingester,cpu_pct,33.8
2026-07-25T11:11:00Z,metric-ingester,points_flushed_per_min,90.2
2026-07-25T11:11:00Z,platform-api,metric_query_p95_ms,3494.9
2026-07-25T11:11:00Z,query-svc,query_cache_hit_ratio,0.9265
2026-07-25T11:12:00Z,billing-worker,invoice_queue_depth,38.9
2026-07-25T11:12:00Z,metric-ingester,buffered_points,2511576.9
2026-07-25T11:12:00Z,metric-ingester,container_memory_rss_mb,4124.9
2026-07-25T11:12:00Z,metric-ingester,container_restarts,5.0
2026-07-25T11:12:00Z,metric-ingester,cpu_pct,33.7
2026-07-25T11:12:00Z,metric-ingester,points_flushed_per_min,99.0
2026-07-25T11:12:00Z,platform-api,metric_query_p95_ms,3458.4
2026-07-25T11:12:00Z,query-svc,query_cache_hit_ratio,0.9485
2026-07-25T11:13:00Z,billing-worker,invoice_queue_depth,40.5
2026-07-25T11:13:00Z,metric-ingester,buffered_points,2284483.5
2026-07-25T11:13:00Z,metric-ingester,container_memory_rss_mb,3941.8
2026-07-25T11:13:00Z,metric-ingester,container_restarts,5.0
2026-07-25T11:13:00Z,metric-ingester,cpu_pct,34.5
2026-07-25T11:13:00Z,metric-ingester,points_flushed_per_min,95.5
2026-07-25T11:13:00Z,platform-api,metric_query_p95_ms,3254.9
2026-07-25T11:13:00Z,query-svc,query_cache_hit_ratio,0.9383
2026-07-25T11:14:00Z,billing-worker,invoice_queue_depth,41.3
2026-07-25T11:14:00Z,metric-ingester,buffered_points,2344158.0
2026-07-25T11:14:00Z,metric-ingester,container_memory_rss_mb,4215.9
2026-07-25T11:14:00Z,metric-ingester,container_restarts,5.0
2026-07-25T11:14:00Z,metric-ingester,cpu_pct,35.7
2026-07-25T11:14:00Z,metric-ingester,points_flushed_per_min,91.1
2026-07-25T11:14:00Z,platform-api,metric_query_p95_ms,3484.2
2026-07-25T11:14:00Z,query-svc,query_cache_hit_ratio,0.9081
2026-07-25T11:15:00Z,billing-worker,invoice_queue_depth,40.9
2026-07-25T11:15:00Z,metric-ingester,buffered_points,2329463.5
2026-07-25T11:15:00Z,metric-ingester,container_memory_rss_mb,4153.4
2026-07-25T11:15:00Z,metric-ingester,container_restarts,5.0
2026-07-25T11:15:00Z,metric-ingester,cpu_pct,31.8
2026-07-25T11:15:00Z,metric-ingester,points_flushed_per_min,89.6
2026-07-25T11:15:00Z,platform-api,metric_query_p95_ms,3299.0
2026-07-25T11:15:00Z,query-svc,query_cache_hit_ratio,0.8828
2026-07-25T11:16:00Z,billing-worker,invoice_queue_depth,41.0
2026-07-25T11:16:00Z,metric-ingester,buffered_points,2394929.8
2026-07-25T11:16:00Z,metric-ingester,container_memory_rss_mb,4136.4
2026-07-25T11:16:00Z,metric-ingester,container_restarts,5.0
2026-07-25T11:16:00Z,metric-ingester,cpu_pct,33.1
2026-07-25T11:16:00Z,metric-ingester,points_flushed_per_min,94.0
2026-07-25T11:16:00Z,platform-api,metric_query_p95_ms,3510.3
2026-07-25T11:16:00Z,query-svc,query_cache_hit_ratio,0.8706
2026-07-25T11:17:00Z,billing-worker,invoice_queue_depth,40.1
2026-07-25T11:17:00Z,metric-ingester,buffered_points,2505980.0
2026-07-25T11:17:00Z,metric-ingester,container_memory_rss_mb,4112.2
2026-07-25T11:17:00Z,metric-ingester,container_restarts,5.0
2026-07-25T11:17:00Z,metric-ingester,cpu_pct,33.6
2026-07-25T11:17:00Z,metric-ingester,points_flushed_per_min,96.8
2026-07-25T11:17:00Z,platform-api,metric_query_p95_ms,3538.9
2026-07-25T11:17:00Z,query-svc,query_cache_hit_ratio,0.9437
2026-07-25T11:18:00Z,billing-worker,invoice_queue_depth,40.1
2026-07-25T11:18:00Z,metric-ingester,buffered_points,2294163.0
2026-07-25T11:18:00Z,metric-ingester,container_memory_rss_mb,4145.2
2026-07-25T11:18:00Z,metric-ingester,container_restarts,5.0
2026-07-25T11:18:00Z,metric-ingester,cpu_pct,36.4
2026-07-25T11:18:00Z,metric-ingester,points_flushed_per_min,101.2
2026-07-25T11:18:00Z,platform-api,metric_query_p95_ms,3476.4
2026-07-25T11:18:00Z,query-svc,query_cache_hit_ratio,0.9426
2026-07-25T11:19:00Z,billing-worker,invoice_queue_depth,37.9
2026-07-25T11:19:00Z,metric-ingester,buffered_points,2303160.8
2026-07-25T11:19:00Z,metric-ingester,container_memory_rss_mb,4143.0
2026-07-25T11:19:00Z,metric-ingester,container_restarts,5.0
2026-07-25T11:19:00Z,metric-ingester,cpu_pct,32.5
2026-07-25T11:19:00Z,metric-ingester,points_flushed_per_min,96.2
2026-07-25T11:19:00Z,platform-api,metric_query_p95_ms,3246.8
2026-07-25T11:19:00Z,query-svc,query_cache_hit_ratio,0.918
2026-07-25T11:20:00Z,billing-worker,invoice_queue_depth,38.3
2026-07-25T11:20:00Z,metric-ingester,buffered_points,2318119.3
2026-07-25T11:20:00Z,metric-ingester,container_memory_rss_mb,3969.7
2026-07-25T11:20:00Z,metric-ingester,container_restarts,5.0
2026-07-25T11:20:00Z,metric-ingester,cpu_pct,36.0
2026-07-25T11:20:00Z,metric-ingester,points_flushed_per_min,92.3
2026-07-25T11:20:00Z,platform-api,metric_query_p95_ms,3453.3
2026-07-25T11:20:00Z,query-svc,query_cache_hit_ratio,0.8954
2026-07-25T11:21:00Z,billing-worker,invoice_queue_depth,37.7
2026-07-25T11:21:00Z,metric-ingester,buffered_points,2320490.7
2026-07-25T11:21:00Z,metric-ingester,container_memory_rss_mb,4215.9
2026-07-25T11:21:00Z,metric-ingester,container_restarts,5.0
2026-07-25T11:21:00Z,metric-ingester,cpu_pct,34.7
2026-07-25T11:21:00Z,metric-ingester,points_flushed_per_min,95.6
2026-07-25T11:21:00Z,platform-api,metric_query_p95_ms,3163.7
2026-07-25T11:21:00Z,query-svc,query_cache_hit_ratio,0.9186
2026-07-25T11:22:00Z,billing-worker,invoice_queue_depth,38.4
2026-07-25T11:22:00Z,metric-ingester,buffered_points,2454470.4
2026-07-25T11:22:00Z,metric-ingester,container_memory_rss_mb,4150.8
2026-07-25T11:22:00Z,metric-ingester,container_restarts,5.0
2026-07-25T11:22:00Z,metric-ingester,cpu_pct,33.0
2026-07-25T11:22:00Z,metric-ingester,points_flushed_per_min,98.8
2026-07-25T11:22:00Z,platform-api,metric_query_p95_ms,3585.3
2026-07-25T11:22:00Z,query-svc,query_cache_hit_ratio,0.8934
2026-07-25T11:23:00Z,billing-worker,invoice_queue_depth,39.5
2026-07-25T11:23:00Z,metric-ingester,buffered_points,2412022.8
2026-07-25T11:23:00Z,metric-ingester,container_memory_rss_mb,4243.9
2026-07-25T11:23:00Z,metric-ingester,container_restarts,5.0
2026-07-25T11:23:00Z,metric-ingester,cpu_pct,32.3
2026-07-25T11:23:00Z,metric-ingester,points_flushed_per_min,99.8
2026-07-25T11:23:00Z,platform-api,metric_query_p95_ms,3528.0
2026-07-25T11:23:00Z,query-svc,query_cache_hit_ratio,0.9516
2026-07-25T11:24:00Z,billing-worker,invoice_queue_depth,38.4
2026-07-25T11:24:00Z,metric-ingester,buffered_points,2373419.6
2026-07-25T11:24:00Z,metric-ingester,container_memory_rss_mb,4229.2
2026-07-25T11:24:00Z,metric-ingester,container_restarts,5.0
2026-07-25T11:24:00Z,metric-ingester,cpu_pct,32.4
2026-07-25T11:24:00Z,metric-ingester,points_flushed_per_min,100.2
2026-07-25T11:24:00Z,platform-api,metric_query_p95_ms,3443.5
2026-07-25T11:24:00Z,query-svc,query_cache_hit_ratio,0.9017
2026-07-25T11:25:00Z,billing-worker,invoice_queue_depth,38.8
2026-07-25T11:25:00Z,metric-ingester,buffered_points,2409437.3
2026-07-25T11:25:00Z,metric-ingester,container_memory_rss_mb,4158.2
2026-07-25T11:25:00Z,metric-ingester,container_restarts,5.0
2026-07-25T11:25:00Z,metric-ingester,cpu_pct,35.1
2026-07-25T11:25:00Z,metric-ingester,points_flushed_per_min,100.4
2026-07-25T11:25:00Z,platform-api,metric_query_p95_ms,3285.4
2026-07-25T11:25:00Z,query-svc,query_cache_hit_ratio,0.8971
2026-07-25T11:26:00Z,billing-worker,invoice_queue_depth,37.8
2026-07-25T11:26:00Z,metric-ingester,buffered_points,2491336.3
2026-07-25T11:26:00Z,metric-ingester,container_memory_rss_mb,4023.8
2026-07-25T11:26:00Z,metric-ingester,container_restarts,5.0
2026-07-25T11:26:00Z,metric-ingester,cpu_pct,35.2
2026-07-25T11:26:00Z,metric-ingester,points_flushed_per_min,98.8
2026-07-25T11:26:00Z,platform-api,metric_query_p95_ms,3155.2
2026-07-25T11:26:00Z,query-svc,query_cache_hit_ratio,0.9297
2026-07-25T11:27:00Z,billing-worker,invoice_queue_depth,39.3
2026-07-25T11:27:00Z,metric-ingester,buffered_points,2307140.2
2026-07-25T11:27:00Z,metric-ingester,container_memory_rss_mb,4004.2
2026-07-25T11:27:00Z,metric-ingester,container_restarts,5.0
2026-07-25T11:27:00Z,metric-ingester,cpu_pct,35.3
2026-07-25T11:27:00Z,metric-ingester,points_flushed_per_min,101.3
2026-07-25T11:27:00Z,platform-api,metric_query_p95_ms,3238.5
2026-07-25T11:27:00Z,query-svc,query_cache_hit_ratio,0.8992
2026-07-25T11:28:00Z,billing-worker,invoice_queue_depth,40.8
2026-07-25T11:28:00Z,metric-ingester,buffered_points,2459713.2
2026-07-25T11:28:00Z,metric-ingester,container_memory_rss_mb,4184.7
2026-07-25T11:28:00Z,metric-ingester,container_restarts,5.0
2026-07-25T11:28:00Z,metric-ingester,cpu_pct,31.9
2026-07-25T11:28:00Z,metric-ingester,points_flushed_per_min,95.2
2026-07-25T11:28:00Z,platform-api,metric_query_p95_ms,3308.6
2026-07-25T11:28:00Z,query-svc,query_cache_hit_ratio,0.9381
2026-07-25T11:29:00Z,billing-worker,invoice_queue_depth,37.9
2026-07-25T11:29:00Z,metric-ingester,buffered_points,2412989.7
2026-07-25T11:29:00Z,metric-ingester,container_memory_rss_mb,4074.8
2026-07-25T11:29:00Z,metric-ingester,container_restarts,5.0
2026-07-25T11:29:00Z,metric-ingester,cpu_pct,31.9
2026-07-25T11:29:00Z,metric-ingester,points_flushed_per_min,89.2
2026-07-25T11:29:00Z,platform-api,metric_query_p95_ms,3668.6
2026-07-25T11:29:00Z,query-svc,query_cache_hit_ratio,0.921
2026-07-25T11:30:00Z,billing-worker,invoice_queue_depth,39.0
2026-07-25T11:30:00Z,metric-ingester,buffered_points,2403929.1
2026-07-25T11:30:00Z,metric-ingester,container_memory_rss_mb,4041.0
2026-07-25T11:30:00Z,metric-ingester,container_restarts,5.0
2026-07-25T11:30:00Z,metric-ingester,cpu_pct,32.7
2026-07-25T11:30:00Z,metric-ingester,points_flushed_per_min,100.2
2026-07-25T11:30:00Z,platform-api,metric_query_p95_ms,3479.5
2026-07-25T11:30:00Z,query-svc,query_cache_hit_ratio,0.8685
