timestamp,service,metric,value
2026-07-21T05:00:00Z,notification-svc,container_memory_rss_mb,300.2
2026-07-21T05:00:00Z,notification-svc,container_restarts,0.0
2026-07-21T05:00:00Z,notification-svc,dispatch_queue_depth,12.5
2026-07-21T05:00:00Z,platform-api,api_request_p95_ms,93.3
2026-07-21T05:00:00Z,workflow-engine,notification_dispatch_error_ratio,0.0089
2026-07-21T05:00:00Z,workflow-engine,step_retry_count,1.927
2026-07-21T05:01:00Z,notification-svc,container_memory_rss_mb,312.1
2026-07-21T05:01:00Z,notification-svc,container_restarts,0.0
2026-07-21T05:01:00Z,notification-svc,dispatch_queue_depth,12.5
2026-07-21T05:01:00Z,platform-api,api_request_p95_ms,95.7
2026-07-21T05:01:00Z,workflow-engine,notification_dispatch_error_ratio,0.011
2026-07-21T05:01:00Z,workflow-engine,step_retry_count,2.0314
2026-07-21T05:02:00Z,notification-svc,container_memory_rss_mb,314.1
2026-07-21T05:02:00Z,notification-svc,container_restarts,0.0
2026-07-21T05:02:00Z,notification-svc,dispatch_queue_depth,11.9
2026-07-21T05:02:00Z,platform-api,api_request_p95_ms,92.4
2026-07-21T05:02:00Z,workflow-engine,notification_dispatch_error_ratio,0.0091
2026-07-21T05:02:00Z,workflow-engine,step_retry_count,1.9204
2026-07-21T05:03:00Z,notification-svc,container_memory_rss_mb,303.3
2026-07-21T05:03:00Z,notification-svc,container_restarts,0.0
2026-07-21T05:03:00Z,notification-svc,dispatch_queue_depth,11.9
2026-07-21T05:03:00Z,platform-api,api_request_p95_ms,90.4
2026-07-21T05:03:00Z,workflow-engine,notification_dispatch_error_ratio,0.0082
2026-07-21T05:03:00Z,workflow-engine,step_retry_count,2.0697
2026-07-21T05:04:00Z,notification-svc,container_memory_rss_mb,299.9
2026-07-21T05:04:00Z,notification-svc,container_restarts,0.0
2026-07-21T05:04:00Z,notification-svc,dispatch_queue_depth,11.4
2026-07-21T05:04:00Z,platform-api,api_request_p95_ms,97.8
2026-07-21T05:04:00Z,workflow-engine,notification_dispatch_error_ratio,0.0114
2026-07-21T05:04:00Z,workflow-engine,step_retry_count,2.0584
2026-07-21T05:05:00Z,notification-svc,container_memory_rss_mb,318.6
2026-07-21T05:05:00Z,notification-svc,container_restarts,0.0
2026-07-21T05:05:00Z,notification-svc,dispatch_queue_depth,11.8
2026-07-21T05:05:00Z,platform-api,api_request_p95_ms,96.2
2026-07-21T05:05:00Z,workflow-engine,notification_dispatch_error_ratio,0.0103
2026-07-21T05:05:00Z,workflow-engine,step_retry_count,1.9449
2026-07-21T05:06:00Z,notification-svc,container_memory_rss_mb,313.6
2026-07-21T05:06:00Z,notification-svc,container_restarts,0.0
2026-07-21T05:06:00Z,notification-svc,dispatch_queue_depth,12.2
2026-07-21T05:06:00Z,platform-api,api_request_p95_ms,90.6
2026-07-21T05:06:00Z,workflow-engine,notification_dispatch_error_ratio,0.0099
2026-07-21T05:06:00Z,workflow-engine,step_retry_count,2.0034
2026-07-21T05:07:00Z,notification-svc,container_memory_rss_mb,300.2
2026-07-21T05:07:00Z,notification-svc,container_restarts,0.0
2026-07-21T05:07:00Z,notification-svc,dispatch_queue_depth,12.5
2026-07-21T05:07:00Z,platform-api,api_request_p95_ms,98.9
2026-07-21T05:07:00Z,workflow-engine,notification_dispatch_error_ratio,0.011
2026-07-21T05:07:00Z,workflow-engine,step_retry_count,1.958
2026-07-21T05:08:00Z,notification-svc,container_memory_rss_mb,312.1
2026-07-21T05:08:00Z,notification-svc,container_restarts,0.0
2026-07-21T05:08:00Z,notification-svc,dispatch_queue_depth,12.1
2026-07-21T05:08:00Z,platform-api,api_request_p95_ms,98.7
2026-07-21T05:08:00Z,workflow-engine,notification_dispatch_error_ratio,0.0107
2026-07-21T05:08:00Z,workflow-engine,step_retry_count,1.9662
2026-07-21T05:09:00Z,notification-svc,container_memory_rss_mb,316.0
2026-07-21T05:09:00Z,notification-svc,container_restarts,0.0
2026-07-21T05:09:00Z,notification-svc,dispatch_queue_depth,11.8
2026-07-21T05:09:00Z,platform-api,api_request_p95_ms,92.2
2026-07-21T05:09:00Z,workflow-engine,notification_dispatch_error_ratio,0.0087
2026-07-21T05:09:00Z,workflow-engine,step_retry_count,1.9661
2026-07-21T05:10:00Z,notification-svc,container_memory_rss_mb,316.2
2026-07-21T05:10:00Z,notification-svc,container_restarts,0.0
2026-07-21T05:10:00Z,notification-svc,dispatch_queue_depth,11.8
2026-07-21T05:10:00Z,platform-api,api_request_p95_ms,90.6
2026-07-21T05:10:00Z,workflow-engine,notification_dispatch_error_ratio,0.0091
2026-07-21T05:10:00Z,workflow-engine,step_retry_count,2.0475
2026-07-21T05:11:00Z,notification-svc,container_memory_rss_mb,320.0
2026-07-21T05:11:00Z,notification-svc,container_restarts,0.0
2026-07-21T05:11:00Z,notification-svc,dispatch_queue_depth,12.1
2026-07-21T05:11:00Z,platform-api,api_request_p95_ms,93.7
2026-07-21T05:11:00Z,workflow-engine,notification_dispatch_error_ratio,0.009
2026-07-21T05:11:00Z,workflow-engine,step_retry_count,2.0174
2026-07-21T05:12:00Z,notification-svc,container_memory_rss_mb,324.0
2026-07-21T05:12:00Z,notification-svc,container_restarts,0.0
2026-07-21T05:12:00Z,notification-svc,dispatch_queue_depth,12.2
2026-07-21T05:12:00Z,platform-api,api_request_p95_ms,93.1
2026-07-21T05:12:00Z,workflow-engine,notification_dispatch_error_ratio,0.0088
2026-07-21T05:12:00Z,workflow-engine,step_retry_count,2.0246
2026-07-21T05:13:00Z,notification-svc,container_memory_rss_mb,315.7
2026-07-21T05:13:00Z,notification-svc,container_restarts,0.0
2026-07-21T05:13:00Z,notification-svc,dispatch_queue_depth,11.9
2026-07-21T05:13:00Z,platform-api,api_request_p95_ms,97.3
2026-07-21T05:13:00Z,workflow-engine,notification_dispatch_error_ratio,0.0115
2026-07-21T05:13:00Z,workflow-engine,step_retry_count,2.0347
2026-07-21T05:14:00Z,notification-svc,container_memory_rss_mb,324.7
2026-07-21T05:14:00Z,notification-svc,container_restarts,0.0
2026-07-21T05:14:00Z,notification-svc,dispatch_queue_depth,12.1
2026-07-21T05:14:00Z,platform-api,api_request_p95_ms,90.6
2026-07-21T05:14:00Z,workflow-engine,notification_dispatch_error_ratio,0.0087
2026-07-21T05:14:00Z,workflow-engine,step_retry_count,1.9289
2026-07-21T05:15:00Z,notification-svc,container_memory_rss_mb,309.8
2026-07-21T05:15:00Z,notification-svc,container_restarts,0.0
2026-07-21T05:15:00Z,notification-svc,dispatch_queue_depth,11.9
2026-07-21T05:15:00Z,platform-api,api_request_p95_ms,98.1
2026-07-21T05:15:00Z,workflow-engine,notification_dispatch_error_ratio,0.0087
2026-07-21T05:15:00Z,workflow-engine,step_retry_count,2.0549
2026-07-21T05:16:00Z,notification-svc,container_memory_rss_mb,302.6
2026-07-21T05:16:00Z,notification-svc,container_restarts,0.0
2026-07-21T05:16:00Z,notification-svc,dispatch_queue_depth,12.5
2026-07-21T05:16:00Z,platform-api,api_request_p95_ms,94.4
2026-07-21T05:16:00Z,workflow-engine,notification_dispatch_error_ratio,0.0081
2026-07-21T05:16:00Z,workflow-engine,step_retry_count,1.9604
2026-07-21T05:17:00Z,notification-svc,container_memory_rss_mb,323.1
2026-07-21T05:17:00Z,notification-svc,container_restarts,0.0
2026-07-21T05:17:00Z,notification-svc,dispatch_queue_depth,11.4
2026-07-21T05:17:00Z,platform-api,api_request_p95_ms,96.5
2026-07-21T05:17:00Z,workflow-engine,notification_dispatch_error_ratio,0.0115
2026-07-21T05:17:00Z,workflow-engine,step_retry_count,2.0056
2026-07-21T05:18:00Z,notification-svc,container_memory_rss_mb,302.8
2026-07-21T05:18:00Z,notification-svc,container_restarts,0.0
2026-07-21T05:18:00Z,notification-svc,dispatch_queue_depth,12.1
2026-07-21T05:18:00Z,platform-api,api_request_p95_ms,96.6
2026-07-21T05:18:00Z,workflow-engine,notification_dispatch_error_ratio,0.0084
2026-07-21T05:18:00Z,workflow-engine,step_retry_count,2.0863
2026-07-21T05:19:00Z,notification-svc,container_memory_rss_mb,299.1
2026-07-21T05:19:00Z,notification-svc,container_restarts,0.0
2026-07-21T05:19:00Z,notification-svc,dispatch_queue_depth,12.4
2026-07-21T05:19:00Z,platform-api,api_request_p95_ms,90.6
2026-07-21T05:19:00Z,workflow-engine,notification_dispatch_error_ratio,0.009
2026-07-21T05:19:00Z,workflow-engine,step_retry_count,1.9431
2026-07-21T05:20:00Z,notification-svc,container_memory_rss_mb,298.6
2026-07-21T05:20:00Z,notification-svc,container_restarts,0.0
2026-07-21T05:20:00Z,notification-svc,dispatch_queue_depth,11.9
2026-07-21T05:20:00Z,platform-api,api_request_p95_ms,93.6
2026-07-21T05:20:00Z,workflow-engine,notification_dispatch_error_ratio,0.0118
2026-07-21T05:20:00Z,workflow-engine,step_retry_count,1.9199
2026-07-21T05:21:00Z,notification-svc,container_memory_rss_mb,311.2
2026-07-21T05:21:00Z,notification-svc,container_restarts,0.0
2026-07-21T05:21:00Z,notification-svc,dispatch_queue_depth,12.2
2026-07-21T05:21:00Z,platform-api,api_request_p95_ms,90.8
2026-07-21T05:21:00Z,workflow-engine,notification_dispatch_error_ratio,0.0102
2026-07-21T05:21:00Z,workflow-engine,step_retry_count,1.9206
2026-07-21T05:22:00Z,notification-svc,container_memory_rss_mb,322.7
2026-07-21T05:22:00Z,notification-svc,container_restarts,0.0
2026-07-21T05:22:00Z,notification-svc,dispatch_queue_depth,12.2
2026-07-21T05:22:00Z,platform-api,api_request_p95_ms,92.9
2026-07-21T05:22:00Z,workflow-engine,notification_dispatch_error_ratio,0.0089
2026-07-21T05:22:00Z,workflow-engine,step_retry_count,2.0975
2026-07-21T05:23:00Z,notification-svc,container_memory_rss_mb,305.5
2026-07-21T05:23:00Z,notification-svc,container_restarts,0.0
2026-07-21T05:23:00Z,notification-svc,dispatch_queue_depth,11.7
2026-07-21T05:23:00Z,platform-api,api_request_p95_ms,95.8
2026-07-21T05:23:00Z,workflow-engine,notification_dispatch_error_ratio,0.0099
2026-07-21T05:23:00Z,workflow-engine,step_retry_count,1.9442
2026-07-21T05:24:00Z,notification-svc,container_memory_rss_mb,324.1
2026-07-21T05:24:00Z,notification-svc,container_restarts,0.0
2026-07-21T05:24:00Z,notification-svc,dispatch_queue_depth,11.8
2026-07-21T05:24:00Z,platform-api,api_request_p95_ms,96.9
2026-07-21T05:24:00Z,workflow-engine,notification_dispatch_error_ratio,0.0105
2026-07-21T05:24:00Z,workflow-engine,step_retry_count,2.0892
2026-07-21T05:25:00Z,notification-svc,container_memory_rss_mb,321.9
2026-07-21T05:25:00Z,notification-svc,container_restarts,0.0
2026-07-21T05:25:00Z,notification-svc,dispatch_queue_depth,12.4
2026-07-21T05:25:00Z,platform-api,api_request_p95_ms,93.1
2026-07-21T05:25:00Z,workflow-engine,notification_dispatch_error_ratio,0.0089
2026-07-21T05:25:00Z,workflow-engine,step_retry_count,1.963
2026-07-21T05:26:00Z,notification-svc,container_memory_rss_mb,302.2
2026-07-21T05:26:00Z,notification-svc,container_restarts,0.0
2026-07-21T05:26:00Z,notification-svc,dispatch_queue_depth,12.4
2026-07-21T05:26:00Z,platform-api,api_request_p95_ms,96.7
2026-07-21T05:26:00Z,workflow-engine,notification_dispatch_error_ratio,0.0114
2026-07-21T05:26:00Z,workflow-engine,step_retry_count,1.9383
2026-07-21T05:27:00Z,notification-svc,container_memory_rss_mb,309.9
2026-07-21T05:27:00Z,notification-svc,container_restarts,0.0
2026-07-21T05:27:00Z,notification-svc,dispatch_queue_depth,11.9
2026-07-21T05:27:00Z,platform-api,api_request_p95_ms,97.7
2026-07-21T05:27:00Z,workflow-engine,notification_dispatch_error_ratio,0.0085
2026-07-21T05:27:00Z,workflow-engine,step_retry_count,2.0714
2026-07-21T05:28:00Z,notification-svc,container_memory_rss_mb,312.8
2026-07-21T05:28:00Z,notification-svc,container_restarts,0.0
2026-07-21T05:28:00Z,notification-svc,dispatch_queue_depth,11.7
2026-07-21T05:28:00Z,platform-api,api_request_p95_ms,93.3
2026-07-21T05:28:00Z,workflow-engine,notification_dispatch_error_ratio,0.0104
2026-07-21T05:28:00Z,workflow-engine,step_retry_count,1.9701
2026-07-21T05:29:00Z,notification-svc,container_memory_rss_mb,314.8
2026-07-21T05:29:00Z,notification-svc,container_restarts,0.0
2026-07-21T05:29:00Z,notification-svc,dispatch_queue_depth,12.0
2026-07-21T05:29:00Z,platform-api,api_request_p95_ms,95.1
2026-07-21T05:29:00Z,workflow-engine,notification_dispatch_error_ratio,0.0084
2026-07-21T05:29:00Z,workflow-engine,step_retry_count,1.9701
2026-07-21T05:30:00Z,notification-svc,container_memory_rss_mb,315.7
2026-07-21T05:30:00Z,notification-svc,container_restarts,0.0
2026-07-21T05:30:00Z,notification-svc,dispatch_queue_depth,11.9
2026-07-21T05:30:00Z,platform-api,api_request_p95_ms,94.3
2026-07-21T05:30:00Z,workflow-engine,notification_dispatch_error_ratio,0.0092
2026-07-21T05:30:00Z,workflow-engine,step_retry_count,2.0992
2026-07-21T05:31:00Z,notification-svc,container_memory_rss_mb,296.5
2026-07-21T05:31:00Z,notification-svc,container_restarts,0.0
2026-07-21T05:31:00Z,notification-svc,dispatch_queue_depth,11.5
2026-07-21T05:31:00Z,platform-api,api_request_p95_ms,98.6
2026-07-21T05:31:00Z,workflow-engine,notification_dispatch_error_ratio,0.0083
2026-07-21T05:31:00Z,workflow-engine,step_retry_count,1.9957
2026-07-21T05:32:00Z,notification-svc,container_memory_rss_mb,316.1
2026-07-21T05:32:00Z,notification-svc,container_restarts,0.0
2026-07-21T05:32:00Z,notification-svc,dispatch_queue_depth,12.1
2026-07-21T05:32:00Z,platform-api,api_request_p95_ms,98.0
2026-07-21T05:32:00Z,workflow-engine,notification_dispatch_error_ratio,0.0108
2026-07-21T05:32:00Z,workflow-engine,step_retry_count,1.9104
2026-07-21T05:33:00Z,notification-svc,container_memory_rss_mb,299.6
2026-07-21T05:33:00Z,notification-svc,container_restarts,0.0
2026-07-21T05:33:00Z,notification-svc,dispatch_queue_depth,12.4
2026-07-21T05:33:00Z,platform-api,api_request_p95_ms,95.6
2026-07-21T05:33:00Z,workflow-engine,notification_dispatch_error_ratio,0.0095
2026-07-21T05:33:00Z,workflow-engine,step_retry_count,2.0616
2026-07-21T05:34:00Z,notification-svc,container_memory_rss_mb,309.8
2026-07-21T05:34:00Z,notification-svc,container_restarts,0.0
2026-07-21T05:34:00Z,notification-svc,dispatch_queue_depth,11.7
2026-07-21T05:34:00Z,platform-api,api_request_p95_ms,99.3
2026-07-21T05:34:00Z,workflow-engine,notification_dispatch_error_ratio,0.0112
2026-07-21T05:34:00Z,workflow-engine,step_retry_count,2.0466
2026-07-21T05:35:00Z,notification-svc,container_memory_rss_mb,310.9
2026-07-21T05:35:00Z,notification-svc,container_restarts,0.0
2026-07-21T05:35:00Z,notification-svc,dispatch_queue_depth,12.2
2026-07-21T05:35:00Z,platform-api,api_request_p95_ms,91.7
2026-07-21T05:35:00Z,workflow-engine,notification_dispatch_error_ratio,0.0096
2026-07-21T05:35:00Z,workflow-engine,step_retry_count,1.9141
2026-07-21T05:36:00Z,notification-svc,container_memory_rss_mb,297.9
2026-07-21T05:36:00Z,notification-svc,container_restarts,0.0
2026-07-21T05:36:00Z,notification-svc,dispatch_queue_depth,12.2
2026-07-21T05:36:00Z,platform-api,api_request_p95_ms,99.2
2026-07-21T05:36:00Z,workflow-engine,notification_dispatch_error_ratio,0.0107
2026-07-21T05:36:00Z,workflow-engine,step_retry_count,2.0642
2026-07-21T05:37:00Z,notification-svc,container_memory_rss_mb,314.3
2026-07-21T05:37:00Z,notification-svc,container_restarts,0.0
2026-07-21T05:37:00Z,notification-svc,dispatch_queue_depth,12.2
2026-07-21T05:37:00Z,platform-api,api_request_p95_ms,98.1
2026-07-21T05:37:00Z,workflow-engine,notification_dispatch_error_ratio,0.0097
2026-07-21T05:37:00Z,workflow-engine,step_retry_count,1.9031
2026-07-21T05:38:00Z,notification-svc,container_memory_rss_mb,312.2
2026-07-21T05:38:00Z,notification-svc,container_restarts,0.0
2026-07-21T05:38:00Z,notification-svc,dispatch_queue_depth,11.6
2026-07-21T05:38:00Z,platform-api,api_request_p95_ms,99.3
2026-07-21T05:38:00Z,workflow-engine,notification_dispatch_error_ratio,0.0119
2026-07-21T05:38:00Z,workflow-engine,step_retry_count,1.9416
2026-07-21T05:39:00Z,notification-svc,container_memory_rss_mb,301.9
2026-07-21T05:39:00Z,notification-svc,container_restarts,0.0
2026-07-21T05:39:00Z,notification-svc,dispatch_queue_depth,12.1
2026-07-21T05:39:00Z,platform-api,api_request_p95_ms,98.3
2026-07-21T05:39:00Z,workflow-engine,notification_dispatch_error_ratio,0.0083
2026-07-21T05:39:00Z,workflow-engine,step_retry_count,1.9091
2026-07-21T05:40:00Z,notification-svc,container_memory_rss_mb,318.0
2026-07-21T05:40:00Z,notification-svc,container_restarts,0.0
2026-07-21T05:40:00Z,notification-svc,dispatch_queue_depth,12.2
2026-07-21T05:40:00Z,platform-api,api_request_p95_ms,97.7
2026-07-21T05:40:00Z,workflow-engine,notification_dispatch_error_ratio,0.0115
2026-07-21T05:40:00Z,workflow-engine,step_retry_count,2.0334
2026-07-21T05:41:00Z,notification-svc,container_memory_rss_mb,298.9
2026-07-21T05:41:00Z,notification-svc,container_restarts,0.0
2026-07-21T05:41:00Z,notification-svc,dispatch_queue_depth,11.7
2026-07-21T05:41:00Z,platform-api,api_request_p95_ms,99.7
2026-07-21T05:41:00Z,workflow-engine,notification_dispatch_error_ratio,0.0086
2026-07-21T05:41:00Z,workflow-engine,step_retry_count,1.9819
2026-07-21T05:42:00Z,notification-svc,container_memory_rss_mb,323.1
2026-07-21T05:42:00Z,notification-svc,container_restarts,0.0
2026-07-21T05:42:00Z,notification-svc,dispatch_queue_depth,12.1
2026-07-21T05:42:00Z,platform-api,api_request_p95_ms,97.4
2026-07-21T05:42:00Z,workflow-engine,notification_dispatch_error_ratio,0.01
2026-07-21T05:42:00Z,workflow-engine,step_retry_count,1.9798
2026-07-21T05:43:00Z,notification-svc,container_memory_rss_mb,296.9
2026-07-21T05:43:00Z,notification-svc,container_restarts,0.0
2026-07-21T05:43:00Z,notification-svc,dispatch_queue_depth,11.4
2026-07-21T05:43:00Z,platform-api,api_request_p95_ms,98.7
2026-07-21T05:43:00Z,workflow-engine,notification_dispatch_error_ratio,0.0102
2026-07-21T05:43:00Z,workflow-engine,step_retry_count,1.9713
2026-07-21T05:44:00Z,notification-svc,container_memory_rss_mb,319.5
2026-07-21T05:44:00Z,notification-svc,container_restarts,0.0
2026-07-21T05:44:00Z,notification-svc,dispatch_queue_depth,11.7
2026-07-21T05:44:00Z,platform-api,api_request_p95_ms,98.3
2026-07-21T05:44:00Z,workflow-engine,notification_dispatch_error_ratio,0.0088
2026-07-21T05:44:00Z,workflow-engine,step_retry_count,1.9071
2026-07-21T05:45:00Z,notification-svc,container_memory_rss_mb,311.3
2026-07-21T05:45:00Z,notification-svc,container_restarts,0.0
2026-07-21T05:45:00Z,notification-svc,dispatch_queue_depth,11.6
2026-07-21T05:45:00Z,platform-api,api_request_p95_ms,96.1
2026-07-21T05:45:00Z,workflow-engine,notification_dispatch_error_ratio,0.0114
2026-07-21T05:45:00Z,workflow-engine,step_retry_count,2.0684
2026-07-21T05:46:00Z,notification-svc,container_memory_rss_mb,299.0
2026-07-21T05:46:00Z,notification-svc,container_restarts,0.0
2026-07-21T05:46:00Z,notification-svc,dispatch_queue_depth,11.9
2026-07-21T05:46:00Z,platform-api,api_request_p95_ms,93.5
2026-07-21T05:46:00Z,workflow-engine,notification_dispatch_error_ratio,0.0082
2026-07-21T05:46:00Z,workflow-engine,step_retry_count,2.0677
2026-07-21T05:47:00Z,notification-svc,container_memory_rss_mb,303.0
2026-07-21T05:47:00Z,notification-svc,container_restarts,0.0
2026-07-21T05:47:00Z,notification-svc,dispatch_queue_depth,12.5
2026-07-21T05:47:00Z,platform-api,api_request_p95_ms,91.1
2026-07-21T05:47:00Z,workflow-engine,notification_dispatch_error_ratio,0.0088
2026-07-21T05:47:00Z,workflow-engine,step_retry_count,2.0139
2026-07-21T05:48:00Z,notification-svc,container_memory_rss_mb,324.5
2026-07-21T05:48:00Z,notification-svc,container_restarts,0.0
2026-07-21T05:48:00Z,notification-svc,dispatch_queue_depth,12.1
2026-07-21T05:48:00Z,platform-api,api_request_p95_ms,97.2
2026-07-21T05:48:00Z,workflow-engine,notification_dispatch_error_ratio,0.0081
2026-07-21T05:48:00Z,workflow-engine,step_retry_count,2.0593
2026-07-21T05:49:00Z,notification-svc,container_memory_rss_mb,315.4
2026-07-21T05:49:00Z,notification-svc,container_restarts,0.0
2026-07-21T05:49:00Z,notification-svc,dispatch_queue_depth,11.6
2026-07-21T05:49:00Z,platform-api,api_request_p95_ms,99.2
2026-07-21T05:49:00Z,workflow-engine,notification_dispatch_error_ratio,0.0093
2026-07-21T05:49:00Z,workflow-engine,step_retry_count,1.9143
2026-07-21T05:50:00Z,notification-svc,container_memory_rss_mb,313.0
2026-07-21T05:50:00Z,notification-svc,container_restarts,0.0
2026-07-21T05:50:00Z,notification-svc,dispatch_queue_depth,11.8
2026-07-21T05:50:00Z,platform-api,api_request_p95_ms,96.8
2026-07-21T05:50:00Z,workflow-engine,notification_dispatch_error_ratio,0.0114
2026-07-21T05:50:00Z,workflow-engine,step_retry_count,1.9517
2026-07-21T05:51:00Z,notification-svc,container_memory_rss_mb,316.4
2026-07-21T05:51:00Z,notification-svc,container_restarts,0.0
2026-07-21T05:51:00Z,notification-svc,dispatch_queue_depth,11.9
2026-07-21T05:51:00Z,platform-api,api_request_p95_ms,98.0
2026-07-21T05:51:00Z,workflow-engine,notification_dispatch_error_ratio,0.0114
2026-07-21T05:51:00Z,workflow-engine,step_retry_count,1.9674
2026-07-21T05:52:00Z,notification-svc,container_memory_rss_mb,299.5
2026-07-21T05:52:00Z,notification-svc,container_restarts,0.0
2026-07-21T05:52:00Z,notification-svc,dispatch_queue_depth,12.0
2026-07-21T05:52:00Z,platform-api,api_request_p95_ms,91.0
2026-07-21T05:52:00Z,workflow-engine,notification_dispatch_error_ratio,0.0109
2026-07-21T05:52:00Z,workflow-engine,step_retry_count,1.937
2026-07-21T05:53:00Z,notification-svc,container_memory_rss_mb,310.9
2026-07-21T05:53:00Z,notification-svc,container_restarts,0.0
2026-07-21T05:53:00Z,notification-svc,dispatch_queue_depth,12.5
2026-07-21T05:53:00Z,platform-api,api_request_p95_ms,92.6
2026-07-21T05:53:00Z,workflow-engine,notification_dispatch_error_ratio,0.011
2026-07-21T05:53:00Z,workflow-engine,step_retry_count,1.9825
2026-07-21T05:54:00Z,notification-svc,container_memory_rss_mb,321.9
2026-07-21T05:54:00Z,notification-svc,container_restarts,0.0
2026-07-21T05:54:00Z,notification-svc,dispatch_queue_depth,11.9
2026-07-21T05:54:00Z,platform-api,api_request_p95_ms,95.1
2026-07-21T05:54:00Z,workflow-engine,notification_dispatch_error_ratio,0.009
2026-07-21T05:54:00Z,workflow-engine,step_retry_count,2.0496
2026-07-21T05:55:00Z,notification-svc,container_memory_rss_mb,303.8
2026-07-21T05:55:00Z,notification-svc,container_restarts,0.0
2026-07-21T05:55:00Z,notification-svc,dispatch_queue_depth,12.3
2026-07-21T05:55:00Z,platform-api,api_request_p95_ms,98.7
2026-07-21T05:55:00Z,workflow-engine,notification_dispatch_error_ratio,0.0098
2026-07-21T05:55:00Z,workflow-engine,step_retry_count,1.9345
2026-07-21T05:56:00Z,notification-svc,container_memory_rss_mb,308.2
2026-07-21T05:56:00Z,notification-svc,container_restarts,0.0
2026-07-21T05:56:00Z,notification-svc,dispatch_queue_depth,12.1
2026-07-21T05:56:00Z,platform-api,api_request_p95_ms,94.8
2026-07-21T05:56:00Z,workflow-engine,notification_dispatch_error_ratio,0.0112
2026-07-21T05:56:00Z,workflow-engine,step_retry_count,2.0758
2026-07-21T05:57:00Z,notification-svc,container_memory_rss_mb,325.5
2026-07-21T05:57:00Z,notification-svc,container_restarts,0.0
2026-07-21T05:57:00Z,notification-svc,dispatch_queue_depth,11.4
2026-07-21T05:57:00Z,platform-api,api_request_p95_ms,95.2
2026-07-21T05:57:00Z,workflow-engine,notification_dispatch_error_ratio,0.0104
2026-07-21T05:57:00Z,workflow-engine,step_retry_count,2.0861
2026-07-21T05:58:00Z,notification-svc,container_memory_rss_mb,322.7
2026-07-21T05:58:00Z,notification-svc,container_restarts,0.0
2026-07-21T05:58:00Z,notification-svc,dispatch_queue_depth,12.2
2026-07-21T05:58:00Z,platform-api,api_request_p95_ms,93.5
2026-07-21T05:58:00Z,workflow-engine,notification_dispatch_error_ratio,0.0115
2026-07-21T05:58:00Z,workflow-engine,step_retry_count,1.922
2026-07-21T05:59:00Z,notification-svc,container_memory_rss_mb,304.0
2026-07-21T05:59:00Z,notification-svc,container_restarts,0.0
2026-07-21T05:59:00Z,notification-svc,dispatch_queue_depth,12.5
2026-07-21T05:59:00Z,platform-api,api_request_p95_ms,90.3
2026-07-21T05:59:00Z,workflow-engine,notification_dispatch_error_ratio,0.0089
2026-07-21T05:59:00Z,workflow-engine,step_retry_count,2.0033
2026-07-21T06:00:00Z,notification-svc,container_memory_rss_mb,323.5
2026-07-21T06:00:00Z,notification-svc,container_restarts,0.0
2026-07-21T06:00:00Z,notification-svc,dispatch_queue_depth,11.6
2026-07-21T06:00:00Z,platform-api,api_request_p95_ms,97.6
2026-07-21T06:00:00Z,workflow-engine,notification_dispatch_error_ratio,0.0111
2026-07-21T06:00:00Z,workflow-engine,step_retry_count,1.9237
2026-07-21T06:01:00Z,notification-svc,container_memory_rss_mb,294.8
2026-07-21T06:01:00Z,notification-svc,container_restarts,0.0
2026-07-21T06:01:00Z,notification-svc,dispatch_queue_depth,11.6
2026-07-21T06:01:00Z,platform-api,api_request_p95_ms,98.8
2026-07-21T06:01:00Z,workflow-engine,notification_dispatch_error_ratio,0.009
2026-07-21T06:01:00Z,workflow-engine,step_retry_count,2.0121
2026-07-21T06:02:00Z,notification-svc,container_memory_rss_mb,311.5
2026-07-21T06:02:00Z,notification-svc,container_restarts,0.0
2026-07-21T06:02:00Z,notification-svc,dispatch_queue_depth,11.6
2026-07-21T06:02:00Z,platform-api,api_request_p95_ms,91.6
2026-07-21T06:02:00Z,workflow-engine,notification_dispatch_error_ratio,0.0103
2026-07-21T06:02:00Z,workflow-engine,step_retry_count,2.0043
2026-07-21T06:03:00Z,notification-svc,container_memory_rss_mb,320.7
2026-07-21T06:03:00Z,notification-svc,container_restarts,0.0
2026-07-21T06:03:00Z,notification-svc,dispatch_queue_depth,12.5
2026-07-21T06:03:00Z,platform-api,api_request_p95_ms,93.3
2026-07-21T06:03:00Z,workflow-engine,notification_dispatch_error_ratio,0.0111
2026-07-21T06:03:00Z,workflow-engine,step_retry_count,2.0414
2026-07-21T06:04:00Z,notification-svc,container_memory_rss_mb,316.8
2026-07-21T06:04:00Z,notification-svc,container_restarts,0.0
2026-07-21T06:04:00Z,notification-svc,dispatch_queue_depth,12.5
2026-07-21T06:04:00Z,platform-api,api_request_p95_ms,97.4
2026-07-21T06:04:00Z,workflow-engine,notification_dispatch_error_ratio,0.0115
2026-07-21T06:04:00Z,workflow-engine,step_retry_count,2.0599
2026-07-21T06:05:00Z,notification-svc,container_memory_rss_mb,313.3
2026-07-21T06:05:00Z,notification-svc,container_restarts,0.0
2026-07-21T06:05:00Z,notification-svc,dispatch_queue_depth,11.4
2026-07-21T06:05:00Z,platform-api,api_request_p95_ms,97.2
2026-07-21T06:05:00Z,workflow-engine,notification_dispatch_error_ratio,0.0103
2026-07-21T06:05:00Z,workflow-engine,step_retry_count,1.9607
2026-07-21T06:06:00Z,notification-svc,container_memory_rss_mb,303.2
2026-07-21T06:06:00Z,notification-svc,container_restarts,0.0
2026-07-21T06:06:00Z,notification-svc,dispatch_queue_depth,11.6
2026-07-21T06:06:00Z,platform-api,api_request_p95_ms,98.3
2026-07-21T06:06:00Z,workflow-engine,notification_dispatch_error_ratio,0.0117
2026-07-21T06:06:00Z,workflow-engine,step_retry_count,2.0981
2026-07-21T06:07:00Z,notification-svc,container_memory_rss_mb,324.4
2026-07-21T06:07:00Z,notification-svc,container_restarts,0.0
2026-07-21T06:07:00Z,notification-svc,dispatch_queue_depth,11.5
2026-07-21T06:07:00Z,platform-api,api_request_p95_ms,94.1
2026-07-21T06:07:00Z,workflow-engine,notification_dispatch_error_ratio,0.0087
2026-07-21T06:07:00Z,workflow-engine,step_retry_count,1.9713
2026-07-21T06:08:00Z,notification-svc,container_memory_rss_mb,311.9
2026-07-21T06:08:00Z,notification-svc,container_restarts,0.0
2026-07-21T06:08:00Z,notification-svc,dispatch_queue_depth,11.6
2026-07-21T06:08:00Z,platform-api,api_request_p95_ms,91.8
2026-07-21T06:08:00Z,workflow-engine,notification_dispatch_error_ratio,0.0082
2026-07-21T06:08:00Z,workflow-engine,step_retry_count,2.0927
2026-07-21T06:09:00Z,notification-svc,container_memory_rss_mb,322.6
2026-07-21T06:09:00Z,notification-svc,container_restarts,0.0
2026-07-21T06:09:00Z,notification-svc,dispatch_queue_depth,11.9
2026-07-21T06:09:00Z,platform-api,api_request_p95_ms,95.2
2026-07-21T06:09:00Z,workflow-engine,notification_dispatch_error_ratio,0.0109
2026-07-21T06:09:00Z,workflow-engine,step_retry_count,1.9843
2026-07-21T06:10:00Z,notification-svc,container_memory_rss_mb,323.1
2026-07-21T06:10:00Z,notification-svc,container_restarts,0.0
2026-07-21T06:10:00Z,notification-svc,dispatch_queue_depth,11.6
2026-07-21T06:10:00Z,platform-api,api_request_p95_ms,99.7
2026-07-21T06:10:00Z,workflow-engine,notification_dispatch_error_ratio,0.0084
2026-07-21T06:10:00Z,workflow-engine,step_retry_count,1.929
2026-07-21T06:11:00Z,notification-svc,container_memory_rss_mb,316.0
2026-07-21T06:11:00Z,notification-svc,container_restarts,0.0
2026-07-21T06:11:00Z,notification-svc,dispatch_queue_depth,12.1
2026-07-21T06:11:00Z,platform-api,api_request_p95_ms,93.9
2026-07-21T06:11:00Z,workflow-engine,notification_dispatch_error_ratio,0.0087
2026-07-21T06:11:00Z,workflow-engine,step_retry_count,2.0583
2026-07-21T06:12:00Z,notification-svc,container_memory_rss_mb,309.5
2026-07-21T06:12:00Z,notification-svc,container_restarts,0.0
2026-07-21T06:12:00Z,notification-svc,dispatch_queue_depth,12.1
2026-07-21T06:12:00Z,platform-api,api_request_p95_ms,96.9
2026-07-21T06:12:00Z,workflow-engine,notification_dispatch_error_ratio,0.0088
2026-07-21T06:12:00Z,workflow-engine,step_retry_count,2.0712
2026-07-21T06:13:00Z,notification-svc,container_memory_rss_mb,315.3
2026-07-21T06:13:00Z,notification-svc,container_restarts,0.0
2026-07-21T06:13:00Z,notification-svc,dispatch_queue_depth,12.5
2026-07-21T06:13:00Z,platform-api,api_request_p95_ms,99.2
2026-07-21T06:13:00Z,workflow-engine,notification_dispatch_error_ratio,0.0097
2026-07-21T06:13:00Z,workflow-engine,step_retry_count,1.9577
2026-07-21T06:14:00Z,notification-svc,container_memory_rss_mb,299.8
2026-07-21T06:14:00Z,notification-svc,container_restarts,0.0
2026-07-21T06:14:00Z,notification-svc,dispatch_queue_depth,12.1
2026-07-21T06:14:00Z,platform-api,api_request_p95_ms,98.4
2026-07-21T06:14:00Z,workflow-engine,notification_dispatch_error_ratio,0.0082
2026-07-21T06:14:00Z,workflow-engine,step_retry_count,2.0628
2026-07-21T06:15:00Z,notification-svc,container_memory_rss_mb,305.4
2026-07-21T06:15:00Z,notification-svc,container_restarts,0.0
2026-07-21T06:15:00Z,notification-svc,dispatch_queue_depth,11.6
2026-07-21T06:15:00Z,platform-api,api_request_p95_ms,99.4
2026-07-21T06:15:00Z,workflow-engine,notification_dispatch_error_ratio,0.0081
2026-07-21T06:15:00Z,workflow-engine,step_retry_count,1.9862
2026-07-21T06:16:00Z,notification-svc,container_memory_rss_mb,324.7
2026-07-21T06:16:00Z,notification-svc,container_restarts,0.0
2026-07-21T06:16:00Z,notification-svc,dispatch_queue_depth,12.6
2026-07-21T06:16:00Z,platform-api,api_request_p95_ms,95.4
2026-07-21T06:16:00Z,workflow-engine,notification_dispatch_error_ratio,0.008
2026-07-21T06:16:00Z,workflow-engine,step_retry_count,1.9468
2026-07-21T06:17:00Z,notification-svc,container_memory_rss_mb,299.5
2026-07-21T06:17:00Z,notification-svc,container_restarts,0.0
2026-07-21T06:17:00Z,notification-svc,dispatch_queue_depth,11.6
2026-07-21T06:17:00Z,platform-api,api_request_p95_ms,92.5
2026-07-21T06:17:00Z,workflow-engine,notification_dispatch_error_ratio,0.0119
2026-07-21T06:17:00Z,workflow-engine,step_retry_count,2.022
2026-07-21T06:18:00Z,notification-svc,container_memory_rss_mb,295.5
2026-07-21T06:18:00Z,notification-svc,container_restarts,0.0
2026-07-21T06:18:00Z,notification-svc,dispatch_queue_depth,12.3
2026-07-21T06:18:00Z,platform-api,api_request_p95_ms,97.1
2026-07-21T06:18:00Z,workflow-engine,notification_dispatch_error_ratio,0.0118
2026-07-21T06:18:00Z,workflow-engine,step_retry_count,1.9092
2026-07-21T06:19:00Z,notification-svc,container_memory_rss_mb,322.3
2026-07-21T06:19:00Z,notification-svc,container_restarts,0.0
2026-07-21T06:19:00Z,notification-svc,dispatch_queue_depth,11.5
2026-07-21T06:19:00Z,platform-api,api_request_p95_ms,97.9
2026-07-21T06:19:00Z,workflow-engine,notification_dispatch_error_ratio,0.0096
2026-07-21T06:19:00Z,workflow-engine,step_retry_count,2.0784
2026-07-21T06:20:00Z,notification-svc,container_memory_rss_mb,310.0
2026-07-21T06:20:00Z,notification-svc,container_restarts,0.0
2026-07-21T06:20:00Z,notification-svc,dispatch_queue_depth,11.9
2026-07-21T06:20:00Z,platform-api,api_request_p95_ms,98.9
2026-07-21T06:20:00Z,workflow-engine,notification_dispatch_error_ratio,0.0097
2026-07-21T06:20:00Z,workflow-engine,step_retry_count,2.0295
2026-07-21T06:21:00Z,notification-svc,container_memory_rss_mb,303.1
2026-07-21T06:21:00Z,notification-svc,container_restarts,0.0
2026-07-21T06:21:00Z,notification-svc,dispatch_queue_depth,11.6
2026-07-21T06:21:00Z,platform-api,api_request_p95_ms,92.5
2026-07-21T06:21:00Z,workflow-engine,notification_dispatch_error_ratio,0.0093
2026-07-21T06:21:00Z,workflow-engine,step_retry_count,1.9964
2026-07-21T06:22:00Z,notification-svc,container_memory_rss_mb,323.2
2026-07-21T06:22:00Z,notification-svc,container_restarts,0.0
2026-07-21T06:22:00Z,notification-svc,dispatch_queue_depth,11.5
2026-07-21T06:22:00Z,platform-api,api_request_p95_ms,96.3
2026-07-21T06:22:00Z,workflow-engine,notification_dispatch_error_ratio,0.0109
2026-07-21T06:22:00Z,workflow-engine,step_retry_count,2.0337
2026-07-21T06:23:00Z,notification-svc,container_memory_rss_mb,318.3
2026-07-21T06:23:00Z,notification-svc,container_restarts,0.0
2026-07-21T06:23:00Z,notification-svc,dispatch_queue_depth,11.5
2026-07-21T06:23:00Z,platform-api,api_request_p95_ms,94.5
2026-07-21T06:23:00Z,workflow-engine,notification_dispatch_error_ratio,0.011
2026-07-21T06:23:00Z,workflow-engine,step_retry_count,1.9227
2026-07-21T06:24:00Z,notification-svc,container_memory_rss_mb,308.4
2026-07-21T06:24:00Z,notification-svc,container_restarts,0.0
2026-07-21T06:24:00Z,notification-svc,dispatch_queue_depth,12.2
2026-07-21T06:24:00Z,platform-api,api_request_p95_ms,97.7
2026-07-21T06:24:00Z,workflow-engine,notification_dispatch_error_ratio,0.0115
2026-07-21T06:24:00Z,workflow-engine,step_retry_count,1.9135
2026-07-21T06:25:00Z,notification-svc,container_memory_rss_mb,309.6
2026-07-21T06:25:00Z,notification-svc,container_restarts,0.0
2026-07-21T06:25:00Z,notification-svc,dispatch_queue_depth,11.9
2026-07-21T06:25:00Z,platform-api,api_request_p95_ms,93.2
2026-07-21T06:25:00Z,workflow-engine,notification_dispatch_error_ratio,0.0085
2026-07-21T06:25:00Z,workflow-engine,step_retry_count,2.0418
2026-07-21T06:26:00Z,notification-svc,container_memory_rss_mb,304.3
2026-07-21T06:26:00Z,notification-svc,container_restarts,0.0
2026-07-21T06:26:00Z,notification-svc,dispatch_queue_depth,11.5
2026-07-21T06:26:00Z,platform-api,api_request_p95_ms,93.1
2026-07-21T06:26:00Z,workflow-engine,notification_dispatch_error_ratio,0.0107
2026-07-21T06:26:00Z,workflow-engine,step_retry_count,2.0906
2026-07-21T06:27:00Z,notification-svc,container_memory_rss_mb,309.4
2026-07-21T06:27:00Z,notification-svc,container_restarts,0.0
2026-07-21T06:27:00Z,notification-svc,dispatch_queue_depth,11.4
2026-07-21T06:27:00Z,platform-api,api_request_p95_ms,92.1
2026-07-21T06:27:00Z,workflow-engine,notification_dispatch_error_ratio,0.0094
2026-07-21T06:27:00Z,workflow-engine,step_retry_count,2.0805
2026-07-21T06:28:00Z,notification-svc,container_memory_rss_mb,315.3
2026-07-21T06:28:00Z,notification-svc,container_restarts,0.0
2026-07-21T06:28:00Z,notification-svc,dispatch_queue_depth,11.5
2026-07-21T06:28:00Z,platform-api,api_request_p95_ms,91.0
2026-07-21T06:28:00Z,workflow-engine,notification_dispatch_error_ratio,0.0092
2026-07-21T06:28:00Z,workflow-engine,step_retry_count,2.0692
2026-07-21T06:29:00Z,notification-svc,container_memory_rss_mb,315.4
2026-07-21T06:29:00Z,notification-svc,container_restarts,0.0
2026-07-21T06:29:00Z,notification-svc,dispatch_queue_depth,12.5
2026-07-21T06:29:00Z,platform-api,api_request_p95_ms,97.6
2026-07-21T06:29:00Z,workflow-engine,notification_dispatch_error_ratio,0.0104
2026-07-21T06:29:00Z,workflow-engine,step_retry_count,1.9078
2026-07-21T06:30:00Z,notification-svc,container_memory_rss_mb,304.2
2026-07-21T06:30:00Z,notification-svc,container_restarts,0.0
2026-07-21T06:30:00Z,notification-svc,dispatch_queue_depth,12.5
2026-07-21T06:30:00Z,platform-api,api_request_p95_ms,94.9
2026-07-21T06:30:00Z,workflow-engine,notification_dispatch_error_ratio,0.0101
2026-07-21T06:30:00Z,workflow-engine,step_retry_count,2.0468
2026-07-21T06:31:00Z,notification-svc,container_memory_rss_mb,322.6
2026-07-21T06:31:00Z,notification-svc,container_restarts,0.0
2026-07-21T06:31:00Z,notification-svc,dispatch_queue_depth,11.6
2026-07-21T06:31:00Z,platform-api,api_request_p95_ms,90.4
2026-07-21T06:31:00Z,workflow-engine,notification_dispatch_error_ratio,0.0094
2026-07-21T06:31:00Z,workflow-engine,step_retry_count,1.9181
2026-07-21T06:32:00Z,notification-svc,container_memory_rss_mb,296.8
2026-07-21T06:32:00Z,notification-svc,container_restarts,0.0
2026-07-21T06:32:00Z,notification-svc,dispatch_queue_depth,12.0
2026-07-21T06:32:00Z,platform-api,api_request_p95_ms,99.0
2026-07-21T06:32:00Z,workflow-engine,notification_dispatch_error_ratio,0.0089
2026-07-21T06:32:00Z,workflow-engine,step_retry_count,1.9508
2026-07-21T06:33:00Z,notification-svc,container_memory_rss_mb,324.8
2026-07-21T06:33:00Z,notification-svc,container_restarts,0.0
2026-07-21T06:33:00Z,notification-svc,dispatch_queue_depth,12.5
2026-07-21T06:33:00Z,platform-api,api_request_p95_ms,97.7
2026-07-21T06:33:00Z,workflow-engine,notification_dispatch_error_ratio,0.0118
2026-07-21T06:33:00Z,workflow-engine,step_retry_count,1.9221
2026-07-21T06:34:00Z,notification-svc,container_memory_rss_mb,317.9
2026-07-21T06:34:00Z,notification-svc,container_restarts,0.0
2026-07-21T06:34:00Z,notification-svc,dispatch_queue_depth,12.5
2026-07-21T06:34:00Z,platform-api,api_request_p95_ms,94.6
2026-07-21T06:34:00Z,workflow-engine,notification_dispatch_error_ratio,0.0091
2026-07-21T06:34:00Z,workflow-engine,step_retry_count,2.0753
2026-07-21T06:35:00Z,notification-svc,container_memory_rss_mb,299.8
2026-07-21T06:35:00Z,notification-svc,container_restarts,0.0
2026-07-21T06:35:00Z,notification-svc,dispatch_queue_depth,12.2
2026-07-21T06:35:00Z,platform-api,api_request_p95_ms,91.6
2026-07-21T06:35:00Z,workflow-engine,notification_dispatch_error_ratio,0.0118
2026-07-21T06:35:00Z,workflow-engine,step_retry_count,1.9541
2026-07-21T06:36:00Z,notification-svc,container_memory_rss_mb,316.2
2026-07-21T06:36:00Z,notification-svc,container_restarts,0.0
2026-07-21T06:36:00Z,notification-svc,dispatch_queue_depth,11.8
2026-07-21T06:36:00Z,platform-api,api_request_p95_ms,90.4
2026-07-21T06:36:00Z,workflow-engine,notification_dispatch_error_ratio,0.0114
2026-07-21T06:36:00Z,workflow-engine,step_retry_count,2.0437
2026-07-21T06:37:00Z,notification-svc,container_memory_rss_mb,324.4
2026-07-21T06:37:00Z,notification-svc,container_restarts,0.0
2026-07-21T06:37:00Z,notification-svc,dispatch_queue_depth,12.5
2026-07-21T06:37:00Z,platform-api,api_request_p95_ms,97.2
2026-07-21T06:37:00Z,workflow-engine,notification_dispatch_error_ratio,0.0089
2026-07-21T06:37:00Z,workflow-engine,step_retry_count,1.9526
2026-07-21T06:38:00Z,notification-svc,container_memory_rss_mb,315.3
2026-07-21T06:38:00Z,notification-svc,container_restarts,0.0
2026-07-21T06:38:00Z,notification-svc,dispatch_queue_depth,11.5
2026-07-21T06:38:00Z,platform-api,api_request_p95_ms,93.0
2026-07-21T06:38:00Z,workflow-engine,notification_dispatch_error_ratio,0.0114
2026-07-21T06:38:00Z,workflow-engine,step_retry_count,1.9437
2026-07-21T06:39:00Z,notification-svc,container_memory_rss_mb,306.9
2026-07-21T06:39:00Z,notification-svc,container_restarts,0.0
2026-07-21T06:39:00Z,notification-svc,dispatch_queue_depth,12.4
2026-07-21T06:39:00Z,platform-api,api_request_p95_ms,98.4
2026-07-21T06:39:00Z,workflow-engine,notification_dispatch_error_ratio,0.0088
2026-07-21T06:39:00Z,workflow-engine,step_retry_count,2.0754
2026-07-21T06:40:00Z,notification-svc,container_memory_rss_mb,320.2
2026-07-21T06:40:00Z,notification-svc,container_restarts,0.0
2026-07-21T06:40:00Z,notification-svc,dispatch_queue_depth,11.8
2026-07-21T06:40:00Z,platform-api,api_request_p95_ms,95.3
2026-07-21T06:40:00Z,workflow-engine,notification_dispatch_error_ratio,0.0103
2026-07-21T06:40:00Z,workflow-engine,step_retry_count,1.9588
2026-07-21T06:41:00Z,notification-svc,container_memory_rss_mb,313.1
2026-07-21T06:41:00Z,notification-svc,container_restarts,0.0
2026-07-21T06:41:00Z,notification-svc,dispatch_queue_depth,11.7
2026-07-21T06:41:00Z,platform-api,api_request_p95_ms,96.0
2026-07-21T06:41:00Z,workflow-engine,notification_dispatch_error_ratio,0.0096
2026-07-21T06:41:00Z,workflow-engine,step_retry_count,1.9087
2026-07-21T06:42:00Z,notification-svc,container_memory_rss_mb,318.4
2026-07-21T06:42:00Z,notification-svc,container_restarts,0.0
2026-07-21T06:42:00Z,notification-svc,dispatch_queue_depth,12.5
2026-07-21T06:42:00Z,platform-api,api_request_p95_ms,90.3
2026-07-21T06:42:00Z,workflow-engine,notification_dispatch_error_ratio,0.0116
2026-07-21T06:42:00Z,workflow-engine,step_retry_count,2.0136
2026-07-21T06:43:00Z,notification-svc,container_memory_rss_mb,295.4
2026-07-21T06:43:00Z,notification-svc,container_restarts,0.0
2026-07-21T06:43:00Z,notification-svc,dispatch_queue_depth,12.4
2026-07-21T06:43:00Z,platform-api,api_request_p95_ms,94.4
2026-07-21T06:43:00Z,workflow-engine,notification_dispatch_error_ratio,0.0118
2026-07-21T06:43:00Z,workflow-engine,step_retry_count,1.9429
2026-07-21T06:44:00Z,notification-svc,container_memory_rss_mb,308.1
2026-07-21T06:44:00Z,notification-svc,container_restarts,0.0
2026-07-21T06:44:00Z,notification-svc,dispatch_queue_depth,12.0
2026-07-21T06:44:00Z,platform-api,api_request_p95_ms,98.1
2026-07-21T06:44:00Z,workflow-engine,notification_dispatch_error_ratio,0.0095
2026-07-21T06:44:00Z,workflow-engine,step_retry_count,2.0204
2026-07-21T06:45:00Z,notification-svc,container_memory_rss_mb,321.0
2026-07-21T06:45:00Z,notification-svc,container_restarts,0.0
2026-07-21T06:45:00Z,notification-svc,dispatch_queue_depth,11.8
2026-07-21T06:45:00Z,platform-api,api_request_p95_ms,90.5
2026-07-21T06:45:00Z,workflow-engine,notification_dispatch_error_ratio,0.0094
2026-07-21T06:45:00Z,workflow-engine,step_retry_count,2.0489
2026-07-21T06:46:00Z,notification-svc,container_memory_rss_mb,309.1
2026-07-21T06:46:00Z,notification-svc,container_restarts,0.0
2026-07-21T06:46:00Z,notification-svc,dispatch_queue_depth,12.1
2026-07-21T06:46:00Z,platform-api,api_request_p95_ms,97.1
2026-07-21T06:46:00Z,workflow-engine,notification_dispatch_error_ratio,0.012
2026-07-21T06:46:00Z,workflow-engine,step_retry_count,2.0503
2026-07-21T06:47:00Z,notification-svc,container_memory_rss_mb,324.0
2026-07-21T06:47:00Z,notification-svc,container_restarts,0.0
2026-07-21T06:47:00Z,notification-svc,dispatch_queue_depth,12.0
2026-07-21T06:47:00Z,platform-api,api_request_p95_ms,97.6
2026-07-21T06:47:00Z,workflow-engine,notification_dispatch_error_ratio,0.0105
2026-07-21T06:47:00Z,workflow-engine,step_retry_count,1.9435
2026-07-21T06:48:00Z,notification-svc,container_memory_rss_mb,310.6
2026-07-21T06:48:00Z,notification-svc,container_restarts,0.0
2026-07-21T06:48:00Z,notification-svc,dispatch_queue_depth,12.2
2026-07-21T06:48:00Z,platform-api,api_request_p95_ms,97.6
2026-07-21T06:48:00Z,workflow-engine,notification_dispatch_error_ratio,0.0106
2026-07-21T06:48:00Z,workflow-engine,step_retry_count,2.0237
2026-07-21T06:49:00Z,notification-svc,container_memory_rss_mb,298.5
2026-07-21T06:49:00Z,notification-svc,container_restarts,0.0
2026-07-21T06:49:00Z,notification-svc,dispatch_queue_depth,12.0
2026-07-21T06:49:00Z,platform-api,api_request_p95_ms,90.8
2026-07-21T06:49:00Z,workflow-engine,notification_dispatch_error_ratio,0.0116
2026-07-21T06:49:00Z,workflow-engine,step_retry_count,2.0538
2026-07-21T06:50:00Z,notification-svc,container_memory_rss_mb,316.0
2026-07-21T06:50:00Z,notification-svc,container_restarts,0.0
2026-07-21T06:50:00Z,notification-svc,dispatch_queue_depth,11.9
2026-07-21T06:50:00Z,platform-api,api_request_p95_ms,97.0
2026-07-21T06:50:00Z,workflow-engine,notification_dispatch_error_ratio,0.011
2026-07-21T06:50:00Z,workflow-engine,step_retry_count,2.0633
2026-07-21T06:51:00Z,notification-svc,container_memory_rss_mb,297.0
2026-07-21T06:51:00Z,notification-svc,container_restarts,0.0
2026-07-21T06:51:00Z,notification-svc,dispatch_queue_depth,12.1
2026-07-21T06:51:00Z,platform-api,api_request_p95_ms,92.3
2026-07-21T06:51:00Z,workflow-engine,notification_dispatch_error_ratio,0.0082
2026-07-21T06:51:00Z,workflow-engine,step_retry_count,2.0155
2026-07-21T06:52:00Z,notification-svc,container_memory_rss_mb,302.0
2026-07-21T06:52:00Z,notification-svc,container_restarts,0.0
2026-07-21T06:52:00Z,notification-svc,dispatch_queue_depth,12.2
2026-07-21T06:52:00Z,platform-api,api_request_p95_ms,97.0
2026-07-21T06:52:00Z,workflow-engine,notification_dispatch_error_ratio,0.0089
2026-07-21T06:52:00Z,workflow-engine,step_retry_count,1.9328
2026-07-21T06:53:00Z,notification-svc,container_memory_rss_mb,320.2
2026-07-21T06:53:00Z,notification-svc,container_restarts,0.0
2026-07-21T06:53:00Z,notification-svc,dispatch_queue_depth,12.0
2026-07-21T06:53:00Z,platform-api,api_request_p95_ms,90.4
2026-07-21T06:53:00Z,workflow-engine,notification_dispatch_error_ratio,0.0104
2026-07-21T06:53:00Z,workflow-engine,step_retry_count,2.0197
2026-07-21T06:54:00Z,notification-svc,container_memory_rss_mb,314.4
2026-07-21T06:54:00Z,notification-svc,container_restarts,0.0
2026-07-21T06:54:00Z,notification-svc,dispatch_queue_depth,12.4
2026-07-21T06:54:00Z,platform-api,api_request_p95_ms,93.2
2026-07-21T06:54:00Z,workflow-engine,notification_dispatch_error_ratio,0.0095
2026-07-21T06:54:00Z,workflow-engine,step_retry_count,2.0386
2026-07-21T06:55:00Z,notification-svc,container_memory_rss_mb,298.4
2026-07-21T06:55:00Z,notification-svc,container_restarts,0.0
2026-07-21T06:55:00Z,notification-svc,dispatch_queue_depth,12.5
2026-07-21T06:55:00Z,platform-api,api_request_p95_ms,96.7
2026-07-21T06:55:00Z,workflow-engine,notification_dispatch_error_ratio,0.0092
2026-07-21T06:55:00Z,workflow-engine,step_retry_count,1.9781
2026-07-21T06:56:00Z,notification-svc,container_memory_rss_mb,295.4
2026-07-21T06:56:00Z,notification-svc,container_restarts,0.0
2026-07-21T06:56:00Z,notification-svc,dispatch_queue_depth,12.4
2026-07-21T06:56:00Z,platform-api,api_request_p95_ms,95.7
2026-07-21T06:56:00Z,workflow-engine,notification_dispatch_error_ratio,0.0096
2026-07-21T06:56:00Z,workflow-engine,step_retry_count,1.9131
2026-07-21T06:57:00Z,notification-svc,container_memory_rss_mb,309.9
2026-07-21T06:57:00Z,notification-svc,container_restarts,0.0
2026-07-21T06:57:00Z,notification-svc,dispatch_queue_depth,11.9
2026-07-21T06:57:00Z,platform-api,api_request_p95_ms,97.2
2026-07-21T06:57:00Z,workflow-engine,notification_dispatch_error_ratio,0.0115
2026-07-21T06:57:00Z,workflow-engine,step_retry_count,2.0582
2026-07-21T06:58:00Z,notification-svc,container_memory_rss_mb,296.2
2026-07-21T06:58:00Z,notification-svc,container_restarts,0.0
2026-07-21T06:58:00Z,notification-svc,dispatch_queue_depth,11.9
2026-07-21T06:58:00Z,platform-api,api_request_p95_ms,96.4
2026-07-21T06:58:00Z,workflow-engine,notification_dispatch_error_ratio,0.0103
2026-07-21T06:58:00Z,workflow-engine,step_retry_count,2.0017
2026-07-21T06:59:00Z,notification-svc,container_memory_rss_mb,299.7
2026-07-21T06:59:00Z,notification-svc,container_restarts,0.0
2026-07-21T06:59:00Z,notification-svc,dispatch_queue_depth,12.3
2026-07-21T06:59:00Z,platform-api,api_request_p95_ms,92.6
2026-07-21T06:59:00Z,workflow-engine,notification_dispatch_error_ratio,0.0091
2026-07-21T06:59:00Z,workflow-engine,step_retry_count,1.9471
2026-07-21T07:00:00Z,notification-svc,container_memory_rss_mb,308.4
2026-07-21T07:00:00Z,notification-svc,container_restarts,0.0
2026-07-21T07:00:00Z,notification-svc,dispatch_queue_depth,12.3
2026-07-21T07:00:00Z,platform-api,api_request_p95_ms,94.1
2026-07-21T07:00:00Z,workflow-engine,notification_dispatch_error_ratio,0.0111
2026-07-21T07:00:00Z,workflow-engine,step_retry_count,2.0067
2026-07-21T07:01:00Z,notification-svc,container_memory_rss_mb,306.3
2026-07-21T07:01:00Z,notification-svc,container_restarts,0.0
2026-07-21T07:01:00Z,notification-svc,dispatch_queue_depth,12.5
2026-07-21T07:01:00Z,platform-api,api_request_p95_ms,96.8
2026-07-21T07:01:00Z,workflow-engine,notification_dispatch_error_ratio,0.0116
2026-07-21T07:01:00Z,workflow-engine,step_retry_count,4.985
2026-07-21T07:02:00Z,notification-svc,container_memory_rss_mb,307.7
2026-07-21T07:02:00Z,notification-svc,container_restarts,0.0
2026-07-21T07:02:00Z,notification-svc,dispatch_queue_depth,11.6
2026-07-21T07:02:00Z,platform-api,api_request_p95_ms,95.8
2026-07-21T07:02:00Z,workflow-engine,notification_dispatch_error_ratio,0.0086
2026-07-21T07:02:00Z,workflow-engine,step_retry_count,7.8988
2026-07-21T07:03:00Z,notification-svc,container_memory_rss_mb,315.0
2026-07-21T07:03:00Z,notification-svc,container_restarts,0.0
2026-07-21T07:03:00Z,notification-svc,dispatch_queue_depth,11.5
2026-07-21T07:03:00Z,platform-api,api_request_p95_ms,92.2
2026-07-21T07:03:00Z,workflow-engine,notification_dispatch_error_ratio,0.0116
2026-07-21T07:03:00Z,workflow-engine,step_retry_count,10.4365
2026-07-21T07:04:00Z,notification-svc,container_memory_rss_mb,303.4
2026-07-21T07:04:00Z,notification-svc,container_restarts,0.0
2026-07-21T07:04:00Z,notification-svc,dispatch_queue_depth,12.3
2026-07-21T07:04:00Z,platform-api,api_request_p95_ms,91.4
2026-07-21T07:04:00Z,workflow-engine,notification_dispatch_error_ratio,0.0081
2026-07-21T07:04:00Z,workflow-engine,step_retry_count,14.1607
2026-07-21T07:05:00Z,notification-svc,container_memory_rss_mb,312.9
2026-07-21T07:05:00Z,notification-svc,container_restarts,0.0
2026-07-21T07:05:00Z,notification-svc,dispatch_queue_depth,11.8
2026-07-21T07:05:00Z,platform-api,api_request_p95_ms,92.0
2026-07-21T07:05:00Z,workflow-engine,notification_dispatch_error_ratio,0.0089
2026-07-21T07:05:00Z,workflow-engine,step_retry_count,16.9072
2026-07-21T07:06:00Z,notification-svc,container_memory_rss_mb,299.6
2026-07-21T07:06:00Z,notification-svc,container_restarts,0.0
2026-07-21T07:06:00Z,notification-svc,dispatch_queue_depth,11.9
2026-07-21T07:06:00Z,platform-api,api_request_p95_ms,98.0
2026-07-21T07:06:00Z,workflow-engine,notification_dispatch_error_ratio,0.0091
2026-07-21T07:06:00Z,workflow-engine,step_retry_count,19.5478
2026-07-21T07:07:00Z,notification-svc,container_memory_rss_mb,317.2
2026-07-21T07:07:00Z,notification-svc,container_restarts,0.0
2026-07-21T07:07:00Z,notification-svc,dispatch_queue_depth,12.6
2026-07-21T07:07:00Z,platform-api,api_request_p95_ms,98.6
2026-07-21T07:07:00Z,workflow-engine,notification_dispatch_error_ratio,0.0117
2026-07-21T07:07:00Z,workflow-engine,step_retry_count,22.6028
2026-07-21T07:08:00Z,notification-svc,container_memory_rss_mb,319.1
2026-07-21T07:08:00Z,notification-svc,container_restarts,0.0
2026-07-21T07:08:00Z,notification-svc,dispatch_queue_depth,12.3
2026-07-21T07:08:00Z,platform-api,api_request_p95_ms,91.9
2026-07-21T07:08:00Z,workflow-engine,notification_dispatch_error_ratio,0.0109
2026-07-21T07:08:00Z,workflow-engine,step_retry_count,26.3367
2026-07-21T07:09:00Z,notification-svc,container_memory_rss_mb,320.6
2026-07-21T07:09:00Z,notification-svc,container_restarts,0.0
2026-07-21T07:09:00Z,notification-svc,dispatch_queue_depth,12.3
2026-07-21T07:09:00Z,platform-api,api_request_p95_ms,99.7
2026-07-21T07:09:00Z,workflow-engine,notification_dispatch_error_ratio,0.0082
2026-07-21T07:09:00Z,workflow-engine,step_retry_count,27.7696
2026-07-21T07:10:00Z,notification-svc,container_memory_rss_mb,300.0
2026-07-21T07:10:00Z,notification-svc,container_restarts,0.0
2026-07-21T07:10:00Z,notification-svc,dispatch_queue_depth,11.9
2026-07-21T07:10:00Z,platform-api,api_request_p95_ms,98.9
2026-07-21T07:10:00Z,workflow-engine,notification_dispatch_error_ratio,0.0085
2026-07-21T07:10:00Z,workflow-engine,step_retry_count,30.9233
2026-07-21T07:11:00Z,notification-svc,container_memory_rss_mb,324.3
2026-07-21T07:11:00Z,notification-svc,container_restarts,0.0
2026-07-21T07:11:00Z,notification-svc,dispatch_queue_depth,11.9
2026-07-21T07:11:00Z,platform-api,api_request_p95_ms,92.4
2026-07-21T07:11:00Z,workflow-engine,notification_dispatch_error_ratio,0.0082
2026-07-21T07:11:00Z,workflow-engine,step_retry_count,33.1236
2026-07-21T07:12:00Z,notification-svc,container_memory_rss_mb,318.0
2026-07-21T07:12:00Z,notification-svc,container_restarts,0.0
2026-07-21T07:12:00Z,notification-svc,dispatch_queue_depth,12.5
2026-07-21T07:12:00Z,platform-api,api_request_p95_ms,93.6
2026-07-21T07:12:00Z,workflow-engine,notification_dispatch_error_ratio,0.0106
2026-07-21T07:12:00Z,workflow-engine,step_retry_count,38.4547
2026-07-21T07:13:00Z,notification-svc,container_memory_rss_mb,321.0
2026-07-21T07:13:00Z,notification-svc,container_restarts,0.0
2026-07-21T07:13:00Z,notification-svc,dispatch_queue_depth,12.3
2026-07-21T07:13:00Z,platform-api,api_request_p95_ms,91.1
2026-07-21T07:13:00Z,workflow-engine,notification_dispatch_error_ratio,0.0097
2026-07-21T07:13:00Z,workflow-engine,step_retry_count,41.5498
2026-07-21T07:14:00Z,notification-svc,container_memory_rss_mb,309.2
2026-07-21T07:14:00Z,notification-svc,container_restarts,0.0
2026-07-21T07:14:00Z,notification-svc,dispatch_queue_depth,12.3
2026-07-21T07:14:00Z,platform-api,api_request_p95_ms,94.1
2026-07-21T07:14:00Z,workflow-engine,notification_dispatch_error_ratio,0.0104
2026-07-21T07:14:00Z,workflow-engine,step_retry_count,42.8903
2026-07-21T07:15:00Z,notification-svc,container_memory_rss_mb,314.6
2026-07-21T07:15:00Z,notification-svc,container_restarts,0.0
2026-07-21T07:15:00Z,notification-svc,dispatch_queue_depth,12.2
2026-07-21T07:15:00Z,platform-api,api_request_p95_ms,91.0
2026-07-21T07:15:00Z,workflow-engine,notification_dispatch_error_ratio,0.0096
2026-07-21T07:15:00Z,workflow-engine,step_retry_count,47.2749
2026-07-21T07:16:00Z,notification-svc,container_memory_rss_mb,296.9
2026-07-21T07:16:00Z,notification-svc,container_restarts,0.0
2026-07-21T07:16:00Z,notification-svc,dispatch_queue_depth,11.7
2026-07-21T07:16:00Z,platform-api,api_request_p95_ms,97.6
2026-07-21T07:16:00Z,workflow-engine,notification_dispatch_error_ratio,0.0115
2026-07-21T07:16:00Z,workflow-engine,step_retry_count,44.8291
2026-07-21T07:17:00Z,notification-svc,container_memory_rss_mb,324.4
2026-07-21T07:17:00Z,notification-svc,container_restarts,0.0
2026-07-21T07:17:00Z,notification-svc,dispatch_queue_depth,11.6
2026-07-21T07:17:00Z,platform-api,api_request_p95_ms,94.6
2026-07-21T07:17:00Z,workflow-engine,notification_dispatch_error_ratio,0.0086
2026-07-21T07:17:00Z,workflow-engine,step_retry_count,38.1476
2026-07-21T07:18:00Z,notification-svc,container_memory_rss_mb,296.0
2026-07-21T07:18:00Z,notification-svc,container_restarts,0.0
2026-07-21T07:18:00Z,notification-svc,dispatch_queue_depth,12.5
2026-07-21T07:18:00Z,platform-api,api_request_p95_ms,97.8
2026-07-21T07:18:00Z,workflow-engine,notification_dispatch_error_ratio,0.0087
2026-07-21T07:18:00Z,workflow-engine,step_retry_count,36.4353
2026-07-21T07:19:00Z,notification-svc,container_memory_rss_mb,309.6
2026-07-21T07:19:00Z,notification-svc,container_restarts,0.0
2026-07-21T07:19:00Z,notification-svc,dispatch_queue_depth,11.5
2026-07-21T07:19:00Z,platform-api,api_request_p95_ms,95.0
2026-07-21T07:19:00Z,workflow-engine,notification_dispatch_error_ratio,0.0115
2026-07-21T07:19:00Z,workflow-engine,step_retry_count,32.9244
2026-07-21T07:20:00Z,notification-svc,container_memory_rss_mb,300.8
2026-07-21T07:20:00Z,notification-svc,container_restarts,0.0
2026-07-21T07:20:00Z,notification-svc,dispatch_queue_depth,11.7
2026-07-21T07:20:00Z,platform-api,api_request_p95_ms,97.6
2026-07-21T07:20:00Z,workflow-engine,notification_dispatch_error_ratio,0.0111
2026-07-21T07:20:00Z,workflow-engine,step_retry_count,31.5686
2026-07-21T07:21:00Z,notification-svc,container_memory_rss_mb,325.3
2026-07-21T07:21:00Z,notification-svc,container_restarts,0.0
2026-07-21T07:21:00Z,notification-svc,dispatch_queue_depth,12.6
2026-07-21T07:21:00Z,platform-api,api_request_p95_ms,97.9
2026-07-21T07:21:00Z,workflow-engine,notification_dispatch_error_ratio,0.0099
2026-07-21T07:21:00Z,workflow-engine,step_retry_count,27.7435
2026-07-21T07:22:00Z,notification-svc,container_memory_rss_mb,311.9
2026-07-21T07:22:00Z,notification-svc,container_restarts,0.0
2026-07-21T07:22:00Z,notification-svc,dispatch_queue_depth,11.7
2026-07-21T07:22:00Z,platform-api,api_request_p95_ms,98.3
2026-07-21T07:22:00Z,workflow-engine,notification_dispatch_error_ratio,0.0093
2026-07-21T07:22:00Z,workflow-engine,step_retry_count,24.5174
2026-07-21T07:23:00Z,notification-svc,container_memory_rss_mb,307.2
2026-07-21T07:23:00Z,notification-svc,container_restarts,0.0
2026-07-21T07:23:00Z,notification-svc,dispatch_queue_depth,11.6
2026-07-21T07:23:00Z,platform-api,api_request_p95_ms,92.6
2026-07-21T07:23:00Z,workflow-engine,notification_dispatch_error_ratio,0.0088
2026-07-21T07:23:00Z,workflow-engine,step_retry_count,21.9035
2026-07-21T07:24:00Z,notification-svc,container_memory_rss_mb,312.1
2026-07-21T07:24:00Z,notification-svc,container_restarts,0.0
2026-07-21T07:24:00Z,notification-svc,dispatch_queue_depth,12.1
2026-07-21T07:24:00Z,platform-api,api_request_p95_ms,95.0
2026-07-21T07:24:00Z,workflow-engine,notification_dispatch_error_ratio,0.0087
2026-07-21T07:24:00Z,workflow-engine,step_retry_count,18.945
2026-07-21T07:25:00Z,notification-svc,container_memory_rss_mb,317.2
2026-07-21T07:25:00Z,notification-svc,container_restarts,0.0
2026-07-21T07:25:00Z,notification-svc,dispatch_queue_depth,12.2
2026-07-21T07:25:00Z,platform-api,api_request_p95_ms,98.8
2026-07-21T07:25:00Z,workflow-engine,notification_dispatch_error_ratio,0.0109
2026-07-21T07:25:00Z,workflow-engine,step_retry_count,16.0598
2026-07-21T07:26:00Z,notification-svc,container_memory_rss_mb,296.5
2026-07-21T07:26:00Z,notification-svc,container_restarts,0.0
2026-07-21T07:26:00Z,notification-svc,dispatch_queue_depth,11.5
2026-07-21T07:26:00Z,platform-api,api_request_p95_ms,97.3
2026-07-21T07:26:00Z,workflow-engine,notification_dispatch_error_ratio,0.0104
2026-07-21T07:26:00Z,workflow-engine,step_retry_count,13.1317
2026-07-21T07:27:00Z,notification-svc,container_memory_rss_mb,304.3
2026-07-21T07:27:00Z,notification-svc,container_restarts,0.0
2026-07-21T07:27:00Z,notification-svc,dispatch_queue_depth,11.4
2026-07-21T07:27:00Z,platform-api,api_request_p95_ms,96.0
2026-07-21T07:27:00Z,workflow-engine,notification_dispatch_error_ratio,0.0106
2026-07-21T07:27:00Z,workflow-engine,step_retry_count,11.1177
2026-07-21T07:28:00Z,notification-svc,container_memory_rss_mb,305.7
2026-07-21T07:28:00Z,notification-svc,container_restarts,0.0
2026-07-21T07:28:00Z,notification-svc,dispatch_queue_depth,12.4
2026-07-21T07:28:00Z,platform-api,api_request_p95_ms,91.5
2026-07-21T07:28:00Z,workflow-engine,notification_dispatch_error_ratio,0.0094
2026-07-21T07:28:00Z,workflow-engine,step_retry_count,7.7714
2026-07-21T07:29:00Z,notification-svc,container_memory_rss_mb,313.8
2026-07-21T07:29:00Z,notification-svc,container_restarts,0.0
2026-07-21T07:29:00Z,notification-svc,dispatch_queue_depth,11.7
2026-07-21T07:29:00Z,platform-api,api_request_p95_ms,95.1
2026-07-21T07:29:00Z,workflow-engine,notification_dispatch_error_ratio,0.0084
2026-07-21T07:29:00Z,workflow-engine,step_retry_count,5.0828
2026-07-21T07:30:00Z,notification-svc,container_memory_rss_mb,297.4
2026-07-21T07:30:00Z,notification-svc,container_restarts,0.0
2026-07-21T07:30:00Z,notification-svc,dispatch_queue_depth,11.5
2026-07-21T07:30:00Z,platform-api,api_request_p95_ms,96.9
2026-07-21T07:30:00Z,workflow-engine,notification_dispatch_error_ratio,0.0108
2026-07-21T07:30:00Z,workflow-engine,step_retry_count,2.0142
2026-07-21T07:31:00Z,notification-svc,container_memory_rss_mb,314.2
2026-07-21T07:31:00Z,notification-svc,container_restarts,0.0
2026-07-21T07:31:00Z,notification-svc,dispatch_queue_depth,11.7
2026-07-21T07:31:00Z,platform-api,api_request_p95_ms,94.3
2026-07-21T07:31:00Z,workflow-engine,notification_dispatch_error_ratio,0.0091
2026-07-21T07:31:00Z,workflow-engine,step_retry_count,2.0062
2026-07-21T07:32:00Z,notification-svc,container_memory_rss_mb,308.9
2026-07-21T07:32:00Z,notification-svc,container_restarts,0.0
2026-07-21T07:32:00Z,notification-svc,dispatch_queue_depth,12.6
2026-07-21T07:32:00Z,platform-api,api_request_p95_ms,99.2
2026-07-21T07:32:00Z,workflow-engine,notification_dispatch_error_ratio,0.0092
2026-07-21T07:32:00Z,workflow-engine,step_retry_count,1.9061
2026-07-21T07:33:00Z,notification-svc,container_memory_rss_mb,315.9
2026-07-21T07:33:00Z,notification-svc,container_restarts,0.0
2026-07-21T07:33:00Z,notification-svc,dispatch_queue_depth,11.8
2026-07-21T07:33:00Z,platform-api,api_request_p95_ms,99.5
2026-07-21T07:33:00Z,workflow-engine,notification_dispatch_error_ratio,0.0095
2026-07-21T07:33:00Z,workflow-engine,step_retry_count,2.0068
2026-07-21T07:34:00Z,notification-svc,container_memory_rss_mb,307.3
2026-07-21T07:34:00Z,notification-svc,container_restarts,0.0
2026-07-21T07:34:00Z,notification-svc,dispatch_queue_depth,12.4
2026-07-21T07:34:00Z,platform-api,api_request_p95_ms,92.7
2026-07-21T07:34:00Z,workflow-engine,notification_dispatch_error_ratio,0.0089
2026-07-21T07:34:00Z,workflow-engine,step_retry_count,2.0741
2026-07-21T07:35:00Z,notification-svc,container_memory_rss_mb,296.6
2026-07-21T07:35:00Z,notification-svc,container_restarts,0.0
2026-07-21T07:35:00Z,notification-svc,dispatch_queue_depth,12.5
2026-07-21T07:35:00Z,platform-api,api_request_p95_ms,98.8
2026-07-21T07:35:00Z,workflow-engine,notification_dispatch_error_ratio,0.0089
2026-07-21T07:35:00Z,workflow-engine,step_retry_count,2.0981
2026-07-21T07:36:00Z,notification-svc,container_memory_rss_mb,311.1
2026-07-21T07:36:00Z,notification-svc,container_restarts,0.0
2026-07-21T07:36:00Z,notification-svc,dispatch_queue_depth,11.6
2026-07-21T07:36:00Z,platform-api,api_request_p95_ms,93.9
2026-07-21T07:36:00Z,workflow-engine,notification_dispatch_error_ratio,0.0089
2026-07-21T07:36:00Z,workflow-engine,step_retry_count,2.0713
2026-07-21T07:37:00Z,notification-svc,container_memory_rss_mb,296.7
2026-07-21T07:37:00Z,notification-svc,container_restarts,0.0
2026-07-21T07:37:00Z,notification-svc,dispatch_queue_depth,12.4
2026-07-21T07:37:00Z,platform-api,api_request_p95_ms,91.4
2026-07-21T07:37:00Z,workflow-engine,notification_dispatch_error_ratio,0.0105
2026-07-21T07:37:00Z,workflow-engine,step_retry_count,1.9163
2026-07-21T07:38:00Z,notification-svc,container_memory_rss_mb,306.6
2026-07-21T07:38:00Z,notification-svc,container_restarts,0.0
2026-07-21T07:38:00Z,notification-svc,dispatch_queue_depth,12.3
2026-07-21T07:38:00Z,platform-api,api_request_p95_ms,97.6
2026-07-21T07:38:00Z,workflow-engine,notification_dispatch_error_ratio,0.0115
2026-07-21T07:38:00Z,workflow-engine,step_retry_count,1.9819
2026-07-21T07:39:00Z,notification-svc,container_memory_rss_mb,297.4
2026-07-21T07:39:00Z,notification-svc,container_restarts,0.0
2026-07-21T07:39:00Z,notification-svc,dispatch_queue_depth,11.8
2026-07-21T07:39:00Z,platform-api,api_request_p95_ms,91.2
2026-07-21T07:39:00Z,workflow-engine,notification_dispatch_error_ratio,0.0093
2026-07-21T07:39:00Z,workflow-engine,step_retry_count,1.9419
2026-07-21T07:40:00Z,notification-svc,container_memory_rss_mb,322.3
2026-07-21T07:40:00Z,notification-svc,container_restarts,0.0
2026-07-21T07:40:00Z,notification-svc,dispatch_queue_depth,12.6
2026-07-21T07:40:00Z,platform-api,api_request_p95_ms,92.4
2026-07-21T07:40:00Z,workflow-engine,notification_dispatch_error_ratio,0.0088
2026-07-21T07:40:00Z,workflow-engine,step_retry_count,2.0104
2026-07-21T07:41:00Z,notification-svc,container_memory_rss_mb,313.5
2026-07-21T07:41:00Z,notification-svc,container_restarts,0.0
2026-07-21T07:41:00Z,notification-svc,dispatch_queue_depth,12.4
2026-07-21T07:41:00Z,platform-api,api_request_p95_ms,98.9
2026-07-21T07:41:00Z,workflow-engine,notification_dispatch_error_ratio,0.0083
2026-07-21T07:41:00Z,workflow-engine,step_retry_count,1.9556
2026-07-21T07:42:00Z,notification-svc,container_memory_rss_mb,305.9
2026-07-21T07:42:00Z,notification-svc,container_restarts,0.0
2026-07-21T07:42:00Z,notification-svc,dispatch_queue_depth,11.9
2026-07-21T07:42:00Z,platform-api,api_request_p95_ms,99.3
2026-07-21T07:42:00Z,workflow-engine,notification_dispatch_error_ratio,0.0083
2026-07-21T07:42:00Z,workflow-engine,step_retry_count,1.9262
2026-07-21T07:43:00Z,notification-svc,container_memory_rss_mb,301.6
2026-07-21T07:43:00Z,notification-svc,container_restarts,0.0
2026-07-21T07:43:00Z,notification-svc,dispatch_queue_depth,12.3
2026-07-21T07:43:00Z,platform-api,api_request_p95_ms,99.1
2026-07-21T07:43:00Z,workflow-engine,notification_dispatch_error_ratio,0.0101
2026-07-21T07:43:00Z,workflow-engine,step_retry_count,1.9954
2026-07-21T07:44:00Z,notification-svc,container_memory_rss_mb,305.1
2026-07-21T07:44:00Z,notification-svc,container_restarts,0.0
2026-07-21T07:44:00Z,notification-svc,dispatch_queue_depth,11.6
2026-07-21T07:44:00Z,platform-api,api_request_p95_ms,91.0
2026-07-21T07:44:00Z,workflow-engine,notification_dispatch_error_ratio,0.0087
2026-07-21T07:44:00Z,workflow-engine,step_retry_count,2.0215
2026-07-21T07:45:00Z,notification-svc,container_memory_rss_mb,303.4
2026-07-21T07:45:00Z,notification-svc,container_restarts,0.0
2026-07-21T07:45:00Z,notification-svc,dispatch_queue_depth,12.1
2026-07-21T07:45:00Z,platform-api,api_request_p95_ms,99.2
2026-07-21T07:45:00Z,workflow-engine,notification_dispatch_error_ratio,0.0091
2026-07-21T07:45:00Z,workflow-engine,step_retry_count,1.9957
2026-07-21T07:46:00Z,notification-svc,container_memory_rss_mb,320.1
2026-07-21T07:46:00Z,notification-svc,container_restarts,0.0
2026-07-21T07:46:00Z,notification-svc,dispatch_queue_depth,12.2
2026-07-21T07:46:00Z,platform-api,api_request_p95_ms,92.4
2026-07-21T07:46:00Z,workflow-engine,notification_dispatch_error_ratio,0.0109
2026-07-21T07:46:00Z,workflow-engine,step_retry_count,1.9736
2026-07-21T07:47:00Z,notification-svc,container_memory_rss_mb,311.5
2026-07-21T07:47:00Z,notification-svc,container_restarts,0.0
2026-07-21T07:47:00Z,notification-svc,dispatch_queue_depth,12.6
2026-07-21T07:47:00Z,platform-api,api_request_p95_ms,94.1
2026-07-21T07:47:00Z,workflow-engine,notification_dispatch_error_ratio,0.0103
2026-07-21T07:47:00Z,workflow-engine,step_retry_count,1.9185
2026-07-21T07:48:00Z,notification-svc,container_memory_rss_mb,304.1
2026-07-21T07:48:00Z,notification-svc,container_restarts,0.0
2026-07-21T07:48:00Z,notification-svc,dispatch_queue_depth,11.5
2026-07-21T07:48:00Z,platform-api,api_request_p95_ms,90.8
2026-07-21T07:48:00Z,workflow-engine,notification_dispatch_error_ratio,0.0103
2026-07-21T07:48:00Z,workflow-engine,step_retry_count,2.0098
2026-07-21T07:49:00Z,notification-svc,container_memory_rss_mb,302.1
2026-07-21T07:49:00Z,notification-svc,container_restarts,0.0
2026-07-21T07:49:00Z,notification-svc,dispatch_queue_depth,11.7
2026-07-21T07:49:00Z,platform-api,api_request_p95_ms,92.1
2026-07-21T07:49:00Z,workflow-engine,notification_dispatch_error_ratio,0.0087
2026-07-21T07:49:00Z,workflow-engine,step_retry_count,2.0546
2026-07-21T07:50:00Z,notification-svc,container_memory_rss_mb,316.4
2026-07-21T07:50:00Z,notification-svc,container_restarts,0.0
2026-07-21T07:50:00Z,notification-svc,dispatch_queue_depth,12.4
2026-07-21T07:50:00Z,platform-api,api_request_p95_ms,97.8
2026-07-21T07:50:00Z,workflow-engine,notification_dispatch_error_ratio,0.0115
2026-07-21T07:50:00Z,workflow-engine,step_retry_count,2.0781
2026-07-21T07:51:00Z,notification-svc,container_memory_rss_mb,302.0
2026-07-21T07:51:00Z,notification-svc,container_restarts,0.0
2026-07-21T07:51:00Z,notification-svc,dispatch_queue_depth,12.1
2026-07-21T07:51:00Z,platform-api,api_request_p95_ms,93.9
2026-07-21T07:51:00Z,workflow-engine,notification_dispatch_error_ratio,0.0084
2026-07-21T07:51:00Z,workflow-engine,step_retry_count,2.0794
2026-07-21T07:52:00Z,notification-svc,container_memory_rss_mb,323.0
2026-07-21T07:52:00Z,notification-svc,container_restarts,0.0
2026-07-21T07:52:00Z,notification-svc,dispatch_queue_depth,11.6
2026-07-21T07:52:00Z,platform-api,api_request_p95_ms,91.4
2026-07-21T07:52:00Z,workflow-engine,notification_dispatch_error_ratio,0.0116
2026-07-21T07:52:00Z,workflow-engine,step_retry_count,2.0042
2026-07-21T07:53:00Z,notification-svc,container_memory_rss_mb,316.6
2026-07-21T07:53:00Z,notification-svc,container_restarts,0.0
2026-07-21T07:53:00Z,notification-svc,dispatch_queue_depth,12.1
2026-07-21T07:53:00Z,platform-api,api_request_p95_ms,94.0
2026-07-21T07:53:00Z,workflow-engine,notification_dispatch_error_ratio,0.0115
2026-07-21T07:53:00Z,workflow-engine,step_retry_count,2.004
2026-07-21T07:54:00Z,notification-svc,container_memory_rss_mb,313.4
2026-07-21T07:54:00Z,notification-svc,container_restarts,0.0
2026-07-21T07:54:00Z,notification-svc,dispatch_queue_depth,12.0
2026-07-21T07:54:00Z,platform-api,api_request_p95_ms,94.5
2026-07-21T07:54:00Z,workflow-engine,notification_dispatch_error_ratio,0.0108
2026-07-21T07:54:00Z,workflow-engine,step_retry_count,1.9008
2026-07-21T07:55:00Z,notification-svc,container_memory_rss_mb,298.7
2026-07-21T07:55:00Z,notification-svc,container_restarts,0.0
2026-07-21T07:55:00Z,notification-svc,dispatch_queue_depth,11.9
2026-07-21T07:55:00Z,platform-api,api_request_p95_ms,96.2
2026-07-21T07:55:00Z,workflow-engine,notification_dispatch_error_ratio,0.0089
2026-07-21T07:55:00Z,workflow-engine,step_retry_count,1.9739
2026-07-21T07:56:00Z,notification-svc,container_memory_rss_mb,324.2
2026-07-21T07:56:00Z,notification-svc,container_restarts,0.0
2026-07-21T07:56:00Z,notification-svc,dispatch_queue_depth,12.3
2026-07-21T07:56:00Z,platform-api,api_request_p95_ms,92.5
2026-07-21T07:56:00Z,workflow-engine,notification_dispatch_error_ratio,0.0119
2026-07-21T07:56:00Z,workflow-engine,step_retry_count,1.9093
2026-07-21T07:57:00Z,notification-svc,container_memory_rss_mb,306.7
2026-07-21T07:57:00Z,notification-svc,container_restarts,0.0
2026-07-21T07:57:00Z,notification-svc,dispatch_queue_depth,12.5
2026-07-21T07:57:00Z,platform-api,api_request_p95_ms,99.4
2026-07-21T07:57:00Z,workflow-engine,notification_dispatch_error_ratio,0.0118
2026-07-21T07:57:00Z,workflow-engine,step_retry_count,1.936
2026-07-21T07:58:00Z,notification-svc,container_memory_rss_mb,315.6
2026-07-21T07:58:00Z,notification-svc,container_restarts,0.0
2026-07-21T07:58:00Z,notification-svc,dispatch_queue_depth,12.3
2026-07-21T07:58:00Z,platform-api,api_request_p95_ms,99.6
2026-07-21T07:58:00Z,workflow-engine,notification_dispatch_error_ratio,0.0087
2026-07-21T07:58:00Z,workflow-engine,step_retry_count,1.9859
2026-07-21T07:59:00Z,notification-svc,container_memory_rss_mb,321.0
2026-07-21T07:59:00Z,notification-svc,container_restarts,0.0
2026-07-21T07:59:00Z,notification-svc,dispatch_queue_depth,11.8
2026-07-21T07:59:00Z,platform-api,api_request_p95_ms,98.3
2026-07-21T07:59:00Z,workflow-engine,notification_dispatch_error_ratio,0.0085
2026-07-21T07:59:00Z,workflow-engine,step_retry_count,2.0157
2026-07-21T08:00:00Z,notification-svc,container_memory_rss_mb,323.0
2026-07-21T08:00:00Z,notification-svc,container_restarts,0.0
2026-07-21T08:00:00Z,notification-svc,dispatch_queue_depth,12.0
2026-07-21T08:00:00Z,platform-api,api_request_p95_ms,97.7
2026-07-21T08:00:00Z,workflow-engine,notification_dispatch_error_ratio,0.0109
2026-07-21T08:00:00Z,workflow-engine,step_retry_count,1.9256
2026-07-21T08:01:00Z,notification-svc,container_memory_rss_mb,302.6
2026-07-21T08:01:00Z,notification-svc,container_restarts,0.0
2026-07-21T08:01:00Z,notification-svc,dispatch_queue_depth,12.1
2026-07-21T08:01:00Z,platform-api,api_request_p95_ms,98.0
2026-07-21T08:01:00Z,workflow-engine,notification_dispatch_error_ratio,0.0113
2026-07-21T08:01:00Z,workflow-engine,step_retry_count,2.0901
2026-07-21T08:02:00Z,notification-svc,container_memory_rss_mb,324.0
2026-07-21T08:02:00Z,notification-svc,container_restarts,0.0
2026-07-21T08:02:00Z,notification-svc,dispatch_queue_depth,12.0
2026-07-21T08:02:00Z,platform-api,api_request_p95_ms,90.8
2026-07-21T08:02:00Z,workflow-engine,notification_dispatch_error_ratio,0.0098
2026-07-21T08:02:00Z,workflow-engine,step_retry_count,2.0237
2026-07-21T08:03:00Z,notification-svc,container_memory_rss_mb,295.2
2026-07-21T08:03:00Z,notification-svc,container_restarts,0.0
2026-07-21T08:03:00Z,notification-svc,dispatch_queue_depth,11.8
2026-07-21T08:03:00Z,platform-api,api_request_p95_ms,99.7
2026-07-21T08:03:00Z,workflow-engine,notification_dispatch_error_ratio,0.0084
2026-07-21T08:03:00Z,workflow-engine,step_retry_count,2.0343
2026-07-21T08:04:00Z,notification-svc,container_memory_rss_mb,299.4
2026-07-21T08:04:00Z,notification-svc,container_restarts,0.0
2026-07-21T08:04:00Z,notification-svc,dispatch_queue_depth,12.6
2026-07-21T08:04:00Z,platform-api,api_request_p95_ms,97.9
2026-07-21T08:04:00Z,workflow-engine,notification_dispatch_error_ratio,0.0107
2026-07-21T08:04:00Z,workflow-engine,step_retry_count,1.9887
2026-07-21T08:05:00Z,notification-svc,container_memory_rss_mb,316.4
2026-07-21T08:05:00Z,notification-svc,container_restarts,0.0
2026-07-21T08:05:00Z,notification-svc,dispatch_queue_depth,11.7
2026-07-21T08:05:00Z,platform-api,api_request_p95_ms,91.2
2026-07-21T08:05:00Z,workflow-engine,notification_dispatch_error_ratio,0.0082
2026-07-21T08:05:00Z,workflow-engine,step_retry_count,1.9714
2026-07-21T08:06:00Z,notification-svc,container_memory_rss_mb,314.7
2026-07-21T08:06:00Z,notification-svc,container_restarts,0.0
2026-07-21T08:06:00Z,notification-svc,dispatch_queue_depth,12.2
2026-07-21T08:06:00Z,platform-api,api_request_p95_ms,98.5
2026-07-21T08:06:00Z,workflow-engine,notification_dispatch_error_ratio,0.0094
2026-07-21T08:06:00Z,workflow-engine,step_retry_count,1.9557
2026-07-21T08:07:00Z,notification-svc,container_memory_rss_mb,323.7
2026-07-21T08:07:00Z,notification-svc,container_restarts,0.0
2026-07-21T08:07:00Z,notification-svc,dispatch_queue_depth,11.5
2026-07-21T08:07:00Z,platform-api,api_request_p95_ms,99.3
2026-07-21T08:07:00Z,workflow-engine,notification_dispatch_error_ratio,0.0117
2026-07-21T08:07:00Z,workflow-engine,step_retry_count,2.0259
2026-07-21T08:08:00Z,notification-svc,container_memory_rss_mb,298.4
2026-07-21T08:08:00Z,notification-svc,container_restarts,0.0
2026-07-21T08:08:00Z,notification-svc,dispatch_queue_depth,11.9
2026-07-21T08:08:00Z,platform-api,api_request_p95_ms,93.4
2026-07-21T08:08:00Z,workflow-engine,notification_dispatch_error_ratio,0.0087
2026-07-21T08:08:00Z,workflow-engine,step_retry_count,2.0519
2026-07-21T08:09:00Z,notification-svc,container_memory_rss_mb,302.6
2026-07-21T08:09:00Z,notification-svc,container_restarts,0.0
2026-07-21T08:09:00Z,notification-svc,dispatch_queue_depth,12.5
2026-07-21T08:09:00Z,platform-api,api_request_p95_ms,96.8
2026-07-21T08:09:00Z,workflow-engine,notification_dispatch_error_ratio,0.0091
2026-07-21T08:09:00Z,workflow-engine,step_retry_count,2.0373
2026-07-21T08:10:00Z,notification-svc,container_memory_rss_mb,300.0
2026-07-21T08:10:00Z,notification-svc,container_restarts,0.0
2026-07-21T08:10:00Z,notification-svc,dispatch_queue_depth,11.6
2026-07-21T08:10:00Z,platform-api,api_request_p95_ms,96.2
2026-07-21T08:10:00Z,workflow-engine,notification_dispatch_error_ratio,0.0096
2026-07-21T08:10:00Z,workflow-engine,step_retry_count,2.0703
2026-07-21T08:11:00Z,notification-svc,container_memory_rss_mb,304.6
2026-07-21T08:11:00Z,notification-svc,container_restarts,0.0
2026-07-21T08:11:00Z,notification-svc,dispatch_queue_depth,11.4
2026-07-21T08:11:00Z,platform-api,api_request_p95_ms,93.8
2026-07-21T08:11:00Z,workflow-engine,notification_dispatch_error_ratio,0.0094
2026-07-21T08:11:00Z,workflow-engine,step_retry_count,2.0729
2026-07-21T08:12:00Z,notification-svc,container_memory_rss_mb,294.9
2026-07-21T08:12:00Z,notification-svc,container_restarts,0.0
2026-07-21T08:12:00Z,notification-svc,dispatch_queue_depth,12.4
2026-07-21T08:12:00Z,platform-api,api_request_p95_ms,94.0
2026-07-21T08:12:00Z,workflow-engine,notification_dispatch_error_ratio,0.0093
2026-07-21T08:12:00Z,workflow-engine,step_retry_count,1.931
2026-07-21T08:13:00Z,notification-svc,container_memory_rss_mb,309.5
2026-07-21T08:13:00Z,notification-svc,container_restarts,0.0
2026-07-21T08:13:00Z,notification-svc,dispatch_queue_depth,12.5
2026-07-21T08:13:00Z,platform-api,api_request_p95_ms,90.6
2026-07-21T08:13:00Z,workflow-engine,notification_dispatch_error_ratio,0.0115
2026-07-21T08:13:00Z,workflow-engine,step_retry_count,2.0371
2026-07-21T08:14:00Z,notification-svc,container_memory_rss_mb,321.7
2026-07-21T08:14:00Z,notification-svc,container_restarts,0.0
2026-07-21T08:14:00Z,notification-svc,dispatch_queue_depth,12.4
2026-07-21T08:14:00Z,platform-api,api_request_p95_ms,93.3
2026-07-21T08:14:00Z,workflow-engine,notification_dispatch_error_ratio,0.0103
2026-07-21T08:14:00Z,workflow-engine,step_retry_count,1.9626
2026-07-21T08:15:00Z,notification-svc,container_memory_rss_mb,323.3
2026-07-21T08:15:00Z,notification-svc,container_restarts,0.0
2026-07-21T08:15:00Z,notification-svc,dispatch_queue_depth,11.5
2026-07-21T08:15:00Z,platform-api,api_request_p95_ms,96.7
2026-07-21T08:15:00Z,workflow-engine,notification_dispatch_error_ratio,0.0109
2026-07-21T08:15:00Z,workflow-engine,step_retry_count,2.0521
2026-07-21T08:16:00Z,notification-svc,container_memory_rss_mb,303.7
2026-07-21T08:16:00Z,notification-svc,container_restarts,0.0
2026-07-21T08:16:00Z,notification-svc,dispatch_queue_depth,12.5
2026-07-21T08:16:00Z,platform-api,api_request_p95_ms,97.3
2026-07-21T08:16:00Z,workflow-engine,notification_dispatch_error_ratio,0.0091
2026-07-21T08:16:00Z,workflow-engine,step_retry_count,1.9096
2026-07-21T08:17:00Z,notification-svc,container_memory_rss_mb,307.3
2026-07-21T08:17:00Z,notification-svc,container_restarts,0.0
2026-07-21T08:17:00Z,notification-svc,dispatch_queue_depth,12.0
2026-07-21T08:17:00Z,platform-api,api_request_p95_ms,97.3
2026-07-21T08:17:00Z,workflow-engine,notification_dispatch_error_ratio,0.0093
2026-07-21T08:17:00Z,workflow-engine,step_retry_count,2.0151
2026-07-21T08:18:00Z,notification-svc,container_memory_rss_mb,300.0
2026-07-21T08:18:00Z,notification-svc,container_restarts,0.0
2026-07-21T08:18:00Z,notification-svc,dispatch_queue_depth,12.3
2026-07-21T08:18:00Z,platform-api,api_request_p95_ms,98.2
2026-07-21T08:18:00Z,workflow-engine,notification_dispatch_error_ratio,0.0118
2026-07-21T08:18:00Z,workflow-engine,step_retry_count,2.0166
2026-07-21T08:19:00Z,notification-svc,container_memory_rss_mb,310.7
2026-07-21T08:19:00Z,notification-svc,container_restarts,0.0
2026-07-21T08:19:00Z,notification-svc,dispatch_queue_depth,12.3
2026-07-21T08:19:00Z,platform-api,api_request_p95_ms,98.4
2026-07-21T08:19:00Z,workflow-engine,notification_dispatch_error_ratio,0.0102
2026-07-21T08:19:00Z,workflow-engine,step_retry_count,1.9427
2026-07-21T08:20:00Z,notification-svc,container_memory_rss_mb,318.0
2026-07-21T08:20:00Z,notification-svc,container_restarts,0.0
2026-07-21T08:20:00Z,notification-svc,dispatch_queue_depth,11.5
2026-07-21T08:20:00Z,platform-api,api_request_p95_ms,96.6
2026-07-21T08:20:00Z,workflow-engine,notification_dispatch_error_ratio,0.0119
2026-07-21T08:20:00Z,workflow-engine,step_retry_count,1.9884
2026-07-21T08:21:00Z,notification-svc,container_memory_rss_mb,315.8
2026-07-21T08:21:00Z,notification-svc,container_restarts,0.0
2026-07-21T08:21:00Z,notification-svc,dispatch_queue_depth,11.9
2026-07-21T08:21:00Z,platform-api,api_request_p95_ms,99.1
2026-07-21T08:21:00Z,workflow-engine,notification_dispatch_error_ratio,0.0092
2026-07-21T08:21:00Z,workflow-engine,step_retry_count,2.0007
2026-07-21T08:22:00Z,notification-svc,container_memory_rss_mb,296.7
2026-07-21T08:22:00Z,notification-svc,container_restarts,0.0
2026-07-21T08:22:00Z,notification-svc,dispatch_queue_depth,11.6
2026-07-21T08:22:00Z,platform-api,api_request_p95_ms,91.6
2026-07-21T08:22:00Z,workflow-engine,notification_dispatch_error_ratio,0.0115
2026-07-21T08:22:00Z,workflow-engine,step_retry_count,2.0088
2026-07-21T08:23:00Z,notification-svc,container_memory_rss_mb,303.1
2026-07-21T08:23:00Z,notification-svc,container_restarts,0.0
2026-07-21T08:23:00Z,notification-svc,dispatch_queue_depth,11.4
2026-07-21T08:23:00Z,platform-api,api_request_p95_ms,93.9
2026-07-21T08:23:00Z,workflow-engine,notification_dispatch_error_ratio,0.0102
2026-07-21T08:23:00Z,workflow-engine,step_retry_count,2.0643
2026-07-21T08:24:00Z,notification-svc,container_memory_rss_mb,305.7
2026-07-21T08:24:00Z,notification-svc,container_restarts,0.0
2026-07-21T08:24:00Z,notification-svc,dispatch_queue_depth,12.4
2026-07-21T08:24:00Z,platform-api,api_request_p95_ms,98.8
2026-07-21T08:24:00Z,workflow-engine,notification_dispatch_error_ratio,0.0118
2026-07-21T08:24:00Z,workflow-engine,step_retry_count,1.9948
2026-07-21T08:25:00Z,notification-svc,container_memory_rss_mb,308.5
2026-07-21T08:25:00Z,notification-svc,container_restarts,0.0
2026-07-21T08:25:00Z,notification-svc,dispatch_queue_depth,12.0
2026-07-21T08:25:00Z,platform-api,api_request_p95_ms,92.5
2026-07-21T08:25:00Z,workflow-engine,notification_dispatch_error_ratio,0.0098
2026-07-21T08:25:00Z,workflow-engine,step_retry_count,1.9089
2026-07-21T08:26:00Z,notification-svc,container_memory_rss_mb,322.7
2026-07-21T08:26:00Z,notification-svc,container_restarts,0.0
2026-07-21T08:26:00Z,notification-svc,dispatch_queue_depth,12.1
2026-07-21T08:26:00Z,platform-api,api_request_p95_ms,95.3
2026-07-21T08:26:00Z,workflow-engine,notification_dispatch_error_ratio,0.0115
2026-07-21T08:26:00Z,workflow-engine,step_retry_count,1.9778
2026-07-21T08:27:00Z,notification-svc,container_memory_rss_mb,300.6
2026-07-21T08:27:00Z,notification-svc,container_restarts,0.0
2026-07-21T08:27:00Z,notification-svc,dispatch_queue_depth,12.0
2026-07-21T08:27:00Z,platform-api,api_request_p95_ms,96.1
2026-07-21T08:27:00Z,workflow-engine,notification_dispatch_error_ratio,0.0108
2026-07-21T08:27:00Z,workflow-engine,step_retry_count,2.0074
2026-07-21T08:28:00Z,notification-svc,container_memory_rss_mb,320.4
2026-07-21T08:28:00Z,notification-svc,container_restarts,0.0
2026-07-21T08:28:00Z,notification-svc,dispatch_queue_depth,12.5
2026-07-21T08:28:00Z,platform-api,api_request_p95_ms,90.4
2026-07-21T08:28:00Z,workflow-engine,notification_dispatch_error_ratio,0.0111
2026-07-21T08:28:00Z,workflow-engine,step_retry_count,1.926
2026-07-21T08:29:00Z,notification-svc,container_memory_rss_mb,302.6
2026-07-21T08:29:00Z,notification-svc,container_restarts,0.0
2026-07-21T08:29:00Z,notification-svc,dispatch_queue_depth,11.9
2026-07-21T08:29:00Z,platform-api,api_request_p95_ms,91.1
2026-07-21T08:29:00Z,workflow-engine,notification_dispatch_error_ratio,0.0083
2026-07-21T08:29:00Z,workflow-engine,step_retry_count,2.0868
2026-07-21T08:30:00Z,notification-svc,container_memory_rss_mb,319.7
2026-07-21T08:30:00Z,notification-svc,container_restarts,0.0
2026-07-21T08:30:00Z,notification-svc,dispatch_queue_depth,12.4
2026-07-21T08:30:00Z,platform-api,api_request_p95_ms,94.8
2026-07-21T08:30:00Z,workflow-engine,notification_dispatch_error_ratio,0.0117
2026-07-21T08:30:00Z,workflow-engine,step_retry_count,2.0667
2026-07-21T08:31:00Z,notification-svc,container_memory_rss_mb,320.7
2026-07-21T08:31:00Z,notification-svc,container_restarts,0.0
2026-07-21T08:31:00Z,notification-svc,dispatch_queue_depth,11.7
2026-07-21T08:31:00Z,platform-api,api_request_p95_ms,95.8
2026-07-21T08:31:00Z,workflow-engine,notification_dispatch_error_ratio,0.0108
2026-07-21T08:31:00Z,workflow-engine,step_retry_count,2.0088
2026-07-21T08:32:00Z,notification-svc,container_memory_rss_mb,300.3
2026-07-21T08:32:00Z,notification-svc,container_restarts,0.0
2026-07-21T08:32:00Z,notification-svc,dispatch_queue_depth,11.7
2026-07-21T08:32:00Z,platform-api,api_request_p95_ms,94.3
2026-07-21T08:32:00Z,workflow-engine,notification_dispatch_error_ratio,0.0089
2026-07-21T08:32:00Z,workflow-engine,step_retry_count,2.0899
2026-07-21T08:33:00Z,notification-svc,container_memory_rss_mb,317.2
2026-07-21T08:33:00Z,notification-svc,container_restarts,0.0
2026-07-21T08:33:00Z,notification-svc,dispatch_queue_depth,11.5
2026-07-21T08:33:00Z,platform-api,api_request_p95_ms,98.1
2026-07-21T08:33:00Z,workflow-engine,notification_dispatch_error_ratio,0.0112
2026-07-21T08:33:00Z,workflow-engine,step_retry_count,1.9679
2026-07-21T08:34:00Z,notification-svc,container_memory_rss_mb,325.3
2026-07-21T08:34:00Z,notification-svc,container_restarts,0.0
2026-07-21T08:34:00Z,notification-svc,dispatch_queue_depth,11.6
2026-07-21T08:34:00Z,platform-api,api_request_p95_ms,92.7
2026-07-21T08:34:00Z,workflow-engine,notification_dispatch_error_ratio,0.0082
2026-07-21T08:34:00Z,workflow-engine,step_retry_count,2.0746
2026-07-21T08:35:00Z,notification-svc,container_memory_rss_mb,320.8
2026-07-21T08:35:00Z,notification-svc,container_restarts,0.0
2026-07-21T08:35:00Z,notification-svc,dispatch_queue_depth,11.4
2026-07-21T08:35:00Z,platform-api,api_request_p95_ms,98.7
2026-07-21T08:35:00Z,workflow-engine,notification_dispatch_error_ratio,0.0111
2026-07-21T08:35:00Z,workflow-engine,step_retry_count,2.0873
2026-07-21T08:36:00Z,notification-svc,container_memory_rss_mb,315.0
2026-07-21T08:36:00Z,notification-svc,container_restarts,0.0
2026-07-21T08:36:00Z,notification-svc,dispatch_queue_depth,11.6
2026-07-21T08:36:00Z,platform-api,api_request_p95_ms,91.4
2026-07-21T08:36:00Z,workflow-engine,notification_dispatch_error_ratio,0.009
2026-07-21T08:36:00Z,workflow-engine,step_retry_count,1.9669
2026-07-21T08:37:00Z,notification-svc,container_memory_rss_mb,321.3
2026-07-21T08:37:00Z,notification-svc,container_restarts,0.0
2026-07-21T08:37:00Z,notification-svc,dispatch_queue_depth,11.7
2026-07-21T08:37:00Z,platform-api,api_request_p95_ms,93.4
2026-07-21T08:37:00Z,workflow-engine,notification_dispatch_error_ratio,0.0113
2026-07-21T08:37:00Z,workflow-engine,step_retry_count,2.0098
2026-07-21T08:38:00Z,notification-svc,container_memory_rss_mb,310.8
2026-07-21T08:38:00Z,notification-svc,container_restarts,0.0
2026-07-21T08:38:00Z,notification-svc,dispatch_queue_depth,12.2
2026-07-21T08:38:00Z,platform-api,api_request_p95_ms,95.0
2026-07-21T08:38:00Z,workflow-engine,notification_dispatch_error_ratio,0.0118
2026-07-21T08:38:00Z,workflow-engine,step_retry_count,2.0632
2026-07-21T08:39:00Z,notification-svc,container_memory_rss_mb,307.4
2026-07-21T08:39:00Z,notification-svc,container_restarts,0.0
2026-07-21T08:39:00Z,notification-svc,dispatch_queue_depth,12.2
2026-07-21T08:39:00Z,platform-api,api_request_p95_ms,91.9
2026-07-21T08:39:00Z,workflow-engine,notification_dispatch_error_ratio,0.0097
2026-07-21T08:39:00Z,workflow-engine,step_retry_count,2.0918
2026-07-21T08:40:00Z,notification-svc,container_memory_rss_mb,304.0
2026-07-21T08:40:00Z,notification-svc,container_restarts,0.0
2026-07-21T08:40:00Z,notification-svc,dispatch_queue_depth,11.7
2026-07-21T08:40:00Z,platform-api,api_request_p95_ms,96.3
2026-07-21T08:40:00Z,workflow-engine,notification_dispatch_error_ratio,0.0087
2026-07-21T08:40:00Z,workflow-engine,step_retry_count,2.0257
2026-07-21T08:41:00Z,notification-svc,container_memory_rss_mb,389.8
2026-07-21T08:41:00Z,notification-svc,container_restarts,0.0
2026-07-21T08:41:00Z,notification-svc,dispatch_queue_depth,1385.5
2026-07-21T08:41:00Z,platform-api,api_request_p95_ms,92.4
2026-07-21T08:41:00Z,workflow-engine,notification_dispatch_error_ratio,0.0118
2026-07-21T08:41:00Z,workflow-engine,step_retry_count,2.0966
2026-07-21T08:42:00Z,notification-svc,container_memory_rss_mb,436.3
2026-07-21T08:42:00Z,notification-svc,container_restarts,0.0
2026-07-21T08:42:00Z,notification-svc,dispatch_queue_depth,2721.2
2026-07-21T08:42:00Z,platform-api,api_request_p95_ms,91.5
2026-07-21T08:42:00Z,workflow-engine,notification_dispatch_error_ratio,0.0094
2026-07-21T08:42:00Z,workflow-engine,step_retry_count,2.0094
2026-07-21T08:43:00Z,notification-svc,container_memory_rss_mb,487.5
2026-07-21T08:43:00Z,notification-svc,container_restarts,0.0
2026-07-21T08:43:00Z,notification-svc,dispatch_queue_depth,4062.3
2026-07-21T08:43:00Z,platform-api,api_request_p95_ms,94.6
2026-07-21T08:43:00Z,workflow-engine,notification_dispatch_error_ratio,0.0101
2026-07-21T08:43:00Z,workflow-engine,step_retry_count,1.9197
2026-07-21T08:44:00Z,notification-svc,container_memory_rss_mb,578.7
2026-07-21T08:44:00Z,notification-svc,container_restarts,0.0
2026-07-21T08:44:00Z,notification-svc,dispatch_queue_depth,5586.7
2026-07-21T08:44:00Z,platform-api,api_request_p95_ms,93.5
2026-07-21T08:44:00Z,workflow-engine,notification_dispatch_error_ratio,0.0106
2026-07-21T08:44:00Z,workflow-engine,step_retry_count,1.9255
2026-07-21T08:45:00Z,notification-svc,container_memory_rss_mb,635.5
2026-07-21T08:45:00Z,notification-svc,container_restarts,0.0
2026-07-21T08:45:00Z,notification-svc,dispatch_queue_depth,7118.0
2026-07-21T08:45:00Z,platform-api,api_request_p95_ms,96.2
2026-07-21T08:45:00Z,workflow-engine,notification_dispatch_error_ratio,0.0113
2026-07-21T08:45:00Z,workflow-engine,step_retry_count,2.0322
2026-07-21T08:46:00Z,notification-svc,container_memory_rss_mb,698.5
2026-07-21T08:46:00Z,notification-svc,container_restarts,0.0
2026-07-21T08:46:00Z,notification-svc,dispatch_queue_depth,7978.6
2026-07-21T08:46:00Z,platform-api,api_request_p95_ms,94.8
2026-07-21T08:46:00Z,workflow-engine,notification_dispatch_error_ratio,0.0082
2026-07-21T08:46:00Z,workflow-engine,step_retry_count,2.0005
2026-07-21T08:47:00Z,notification-svc,container_memory_rss_mb,782.2
2026-07-21T08:47:00Z,notification-svc,container_restarts,0.0
2026-07-21T08:47:00Z,notification-svc,dispatch_queue_depth,9747.8
2026-07-21T08:47:00Z,platform-api,api_request_p95_ms,92.3
2026-07-21T08:47:00Z,workflow-engine,notification_dispatch_error_ratio,0.0101
2026-07-21T08:47:00Z,workflow-engine,step_retry_count,1.9626
2026-07-21T08:48:00Z,notification-svc,container_memory_rss_mb,848.3
2026-07-21T08:48:00Z,notification-svc,container_restarts,0.0
2026-07-21T08:48:00Z,notification-svc,dispatch_queue_depth,11126.3
2026-07-21T08:48:00Z,platform-api,api_request_p95_ms,90.8
2026-07-21T08:48:00Z,workflow-engine,notification_dispatch_error_ratio,0.0102
2026-07-21T08:48:00Z,workflow-engine,step_retry_count,2.0735
2026-07-21T08:49:00Z,notification-svc,container_memory_rss_mb,839.4
2026-07-21T08:49:00Z,notification-svc,container_restarts,0.0
2026-07-21T08:49:00Z,notification-svc,dispatch_queue_depth,12695.1
2026-07-21T08:49:00Z,platform-api,api_request_p95_ms,92.0
2026-07-21T08:49:00Z,workflow-engine,notification_dispatch_error_ratio,0.0095
2026-07-21T08:49:00Z,workflow-engine,step_retry_count,1.9451
2026-07-21T08:50:00Z,notification-svc,container_memory_rss_mb,971.6
2026-07-21T08:50:00Z,notification-svc,container_restarts,0.0
2026-07-21T08:50:00Z,notification-svc,dispatch_queue_depth,13081.7
2026-07-21T08:50:00Z,platform-api,api_request_p95_ms,97.5
2026-07-21T08:50:00Z,workflow-engine,notification_dispatch_error_ratio,0.0117
2026-07-21T08:50:00Z,workflow-engine,step_retry_count,1.9569
2026-07-21T08:51:00Z,notification-svc,container_memory_rss_mb,1025.9
2026-07-21T08:51:00Z,notification-svc,container_restarts,0.0
2026-07-21T08:51:00Z,notification-svc,dispatch_queue_depth,15536.7
2026-07-21T08:51:00Z,platform-api,api_request_p95_ms,94.4
2026-07-21T08:51:00Z,workflow-engine,notification_dispatch_error_ratio,0.0089
2026-07-21T08:51:00Z,workflow-engine,step_retry_count,1.9114
2026-07-21T08:52:00Z,notification-svc,container_memory_rss_mb,1038.0
2026-07-21T08:52:00Z,notification-svc,container_restarts,0.0
2026-07-21T08:52:00Z,notification-svc,dispatch_queue_depth,15643.8
2026-07-21T08:52:00Z,platform-api,api_request_p95_ms,97.3
2026-07-21T08:52:00Z,workflow-engine,notification_dispatch_error_ratio,0.0103
2026-07-21T08:52:00Z,workflow-engine,step_retry_count,2.067
2026-07-21T08:53:00Z,notification-svc,container_memory_rss_mb,1171.1
2026-07-21T08:53:00Z,notification-svc,container_restarts,0.0
2026-07-21T08:53:00Z,notification-svc,dispatch_queue_depth,18118.2
2026-07-21T08:53:00Z,platform-api,api_request_p95_ms,95.8
2026-07-21T08:53:00Z,workflow-engine,notification_dispatch_error_ratio,0.0115
2026-07-21T08:53:00Z,workflow-engine,step_retry_count,2.0448
2026-07-21T08:54:00Z,notification-svc,container_memory_rss_mb,1166.0
2026-07-21T08:54:00Z,notification-svc,container_restarts,0.0
2026-07-21T08:54:00Z,notification-svc,dispatch_queue_depth,18855.1
2026-07-21T08:54:00Z,platform-api,api_request_p95_ms,97.8
2026-07-21T08:54:00Z,workflow-engine,notification_dispatch_error_ratio,0.0108
2026-07-21T08:54:00Z,workflow-engine,step_retry_count,1.9295
2026-07-21T08:55:00Z,notification-svc,container_memory_rss_mb,1265.1
2026-07-21T08:55:00Z,notification-svc,container_restarts,0.0
2026-07-21T08:55:00Z,notification-svc,dispatch_queue_depth,20045.7
2026-07-21T08:55:00Z,platform-api,api_request_p95_ms,98.6
2026-07-21T08:55:00Z,workflow-engine,notification_dispatch_error_ratio,0.0103
2026-07-21T08:55:00Z,workflow-engine,step_retry_count,2.0993
2026-07-21T08:56:00Z,notification-svc,container_memory_rss_mb,1356.9
2026-07-21T08:56:00Z,notification-svc,container_restarts,0.0
2026-07-21T08:56:00Z,notification-svc,dispatch_queue_depth,22249.8
2026-07-21T08:56:00Z,platform-api,api_request_p95_ms,98.5
2026-07-21T08:56:00Z,workflow-engine,notification_dispatch_error_ratio,0.0084
2026-07-21T08:56:00Z,workflow-engine,step_retry_count,2.0767
2026-07-21T08:57:00Z,notification-svc,container_memory_rss_mb,1429.3
2026-07-21T08:57:00Z,notification-svc,container_restarts,0.0
2026-07-21T08:57:00Z,notification-svc,dispatch_queue_depth,23399.7
2026-07-21T08:57:00Z,platform-api,api_request_p95_ms,98.0
2026-07-21T08:57:00Z,workflow-engine,notification_dispatch_error_ratio,0.0105
2026-07-21T08:57:00Z,workflow-engine,step_retry_count,2.0945
2026-07-21T08:58:00Z,notification-svc,container_memory_rss_mb,1423.0
2026-07-21T08:58:00Z,notification-svc,container_restarts,0.0
2026-07-21T08:58:00Z,notification-svc,dispatch_queue_depth,24016.8
2026-07-21T08:58:00Z,platform-api,api_request_p95_ms,91.3
2026-07-21T08:58:00Z,workflow-engine,notification_dispatch_error_ratio,0.0098
2026-07-21T08:58:00Z,workflow-engine,step_retry_count,2.0243
2026-07-21T08:59:00Z,notification-svc,container_memory_rss_mb,1477.3
2026-07-21T08:59:00Z,notification-svc,container_restarts,0.0
2026-07-21T08:59:00Z,notification-svc,dispatch_queue_depth,26399.7
2026-07-21T08:59:00Z,platform-api,api_request_p95_ms,91.7
2026-07-21T08:59:00Z,workflow-engine,notification_dispatch_error_ratio,0.0082
2026-07-21T08:59:00Z,workflow-engine,step_retry_count,1.9163
2026-07-21T09:00:00Z,notification-svc,container_memory_rss_mb,1624.6
2026-07-21T09:00:00Z,notification-svc,container_restarts,0.0
2026-07-21T09:00:00Z,notification-svc,dispatch_queue_depth,25847.1
2026-07-21T09:00:00Z,platform-api,api_request_p95_ms,97.9
2026-07-21T09:00:00Z,workflow-engine,notification_dispatch_error_ratio,0.0102
2026-07-21T09:00:00Z,workflow-engine,step_retry_count,2.0526
2026-07-21T09:01:00Z,notification-svc,container_memory_rss_mb,1696.8
2026-07-21T09:01:00Z,notification-svc,container_restarts,0.0
2026-07-21T09:01:00Z,notification-svc,dispatch_queue_depth,27193.5
2026-07-21T09:01:00Z,platform-api,api_request_p95_ms,91.3
2026-07-21T09:01:00Z,workflow-engine,notification_dispatch_error_ratio,0.0081
2026-07-21T09:01:00Z,workflow-engine,step_retry_count,1.9207
2026-07-21T09:02:00Z,notification-svc,container_memory_rss_mb,1625.5
2026-07-21T09:02:00Z,notification-svc,container_restarts,0.0
2026-07-21T09:02:00Z,notification-svc,dispatch_queue_depth,30272.5
2026-07-21T09:02:00Z,platform-api,api_request_p95_ms,93.7
2026-07-21T09:02:00Z,workflow-engine,notification_dispatch_error_ratio,0.0113
2026-07-21T09:02:00Z,workflow-engine,step_retry_count,1.9416
2026-07-21T09:03:00Z,notification-svc,container_memory_rss_mb,1738.2
2026-07-21T09:03:00Z,notification-svc,container_restarts,0.0
2026-07-21T09:03:00Z,notification-svc,dispatch_queue_depth,29710.3
2026-07-21T09:03:00Z,platform-api,api_request_p95_ms,98.6
2026-07-21T09:03:00Z,workflow-engine,notification_dispatch_error_ratio,0.0084
2026-07-21T09:03:00Z,workflow-engine,step_retry_count,1.939
2026-07-21T09:04:00Z,notification-svc,container_memory_rss_mb,1823.1
2026-07-21T09:04:00Z,notification-svc,container_restarts,0.0
2026-07-21T09:04:00Z,notification-svc,dispatch_queue_depth,31600.2
2026-07-21T09:04:00Z,platform-api,api_request_p95_ms,99.1
2026-07-21T09:04:00Z,workflow-engine,notification_dispatch_error_ratio,0.0094
2026-07-21T09:04:00Z,workflow-engine,step_retry_count,1.991
2026-07-21T09:05:00Z,notification-svc,container_memory_rss_mb,1866.3
2026-07-21T09:05:00Z,notification-svc,container_restarts,0.0
2026-07-21T09:05:00Z,notification-svc,dispatch_queue_depth,35287.1
2026-07-21T09:05:00Z,platform-api,api_request_p95_ms,97.3
2026-07-21T09:05:00Z,workflow-engine,notification_dispatch_error_ratio,0.0095
2026-07-21T09:05:00Z,workflow-engine,step_retry_count,2.018
2026-07-21T09:06:00Z,notification-svc,container_memory_rss_mb,2001.4
2026-07-21T09:06:00Z,notification-svc,container_restarts,0.0
2026-07-21T09:06:00Z,notification-svc,dispatch_queue_depth,36414.3
2026-07-21T09:06:00Z,platform-api,api_request_p95_ms,98.5
2026-07-21T09:06:00Z,workflow-engine,notification_dispatch_error_ratio,0.0083
2026-07-21T09:06:00Z,workflow-engine,step_retry_count,1.9888
2026-07-21T09:07:00Z,notification-svc,container_memory_rss_mb,1963.8
2026-07-21T09:07:00Z,notification-svc,container_restarts,0.0
2026-07-21T09:07:00Z,notification-svc,dispatch_queue_depth,36079.9
2026-07-21T09:07:00Z,platform-api,api_request_p95_ms,96.0
2026-07-21T09:07:00Z,workflow-engine,notification_dispatch_error_ratio,0.0092
2026-07-21T09:07:00Z,workflow-engine,step_retry_count,2.0301
2026-07-21T09:08:00Z,notification-svc,container_memory_rss_mb,2122.9
2026-07-21T09:08:00Z,notification-svc,container_restarts,0.0
2026-07-21T09:08:00Z,notification-svc,dispatch_queue_depth,36677.1
2026-07-21T09:08:00Z,platform-api,api_request_p95_ms,93.2
2026-07-21T09:08:00Z,workflow-engine,notification_dispatch_error_ratio,0.0111
2026-07-21T09:08:00Z,workflow-engine,step_retry_count,2.0861
2026-07-21T09:09:00Z,notification-svc,container_memory_rss_mb,2185.6
2026-07-21T09:09:00Z,notification-svc,container_restarts,0.0
2026-07-21T09:09:00Z,notification-svc,dispatch_queue_depth,39591.7
2026-07-21T09:09:00Z,platform-api,api_request_p95_ms,95.4
2026-07-21T09:09:00Z,workflow-engine,notification_dispatch_error_ratio,0.0112
2026-07-21T09:09:00Z,workflow-engine,step_retry_count,2.049
2026-07-21T09:10:00Z,notification-svc,container_memory_rss_mb,2193.1
2026-07-21T09:10:00Z,notification-svc,container_restarts,0.0
2026-07-21T09:10:00Z,notification-svc,dispatch_queue_depth,41770.6
2026-07-21T09:10:00Z,platform-api,api_request_p95_ms,90.4
2026-07-21T09:10:00Z,workflow-engine,notification_dispatch_error_ratio,0.0098
2026-07-21T09:10:00Z,workflow-engine,step_retry_count,1.9473
2026-07-21T09:11:00Z,notification-svc,container_memory_rss_mb,2175.7
2026-07-21T09:11:00Z,notification-svc,container_restarts,0.0
2026-07-21T09:11:00Z,notification-svc,dispatch_queue_depth,43974.0
2026-07-21T09:11:00Z,platform-api,api_request_p95_ms,96.6
2026-07-21T09:11:00Z,workflow-engine,notification_dispatch_error_ratio,0.0118
2026-07-21T09:11:00Z,workflow-engine,step_retry_count,1.9546
2026-07-21T09:12:00Z,notification-svc,container_memory_rss_mb,2438.8
2026-07-21T09:12:00Z,notification-svc,container_restarts,0.0
2026-07-21T09:12:00Z,notification-svc,dispatch_queue_depth,42368.3
2026-07-21T09:12:00Z,platform-api,api_request_p95_ms,90.3
2026-07-21T09:12:00Z,workflow-engine,notification_dispatch_error_ratio,0.0098
2026-07-21T09:12:00Z,workflow-engine,step_retry_count,1.9602
2026-07-21T09:13:00Z,notification-svc,container_memory_rss_mb,2369.3
2026-07-21T09:13:00Z,notification-svc,container_restarts,0.0
2026-07-21T09:13:00Z,notification-svc,dispatch_queue_depth,44691.6
2026-07-21T09:13:00Z,platform-api,api_request_p95_ms,93.1
2026-07-21T09:13:00Z,workflow-engine,notification_dispatch_error_ratio,0.0111
2026-07-21T09:13:00Z,workflow-engine,step_retry_count,1.9022
2026-07-21T09:14:00Z,notification-svc,container_memory_rss_mb,2471.2
2026-07-21T09:14:00Z,notification-svc,container_restarts,0.0
2026-07-21T09:14:00Z,notification-svc,dispatch_queue_depth,46246.2
2026-07-21T09:14:00Z,platform-api,api_request_p95_ms,91.2
2026-07-21T09:14:00Z,workflow-engine,notification_dispatch_error_ratio,0.0081
2026-07-21T09:14:00Z,workflow-engine,step_retry_count,1.9583
2026-07-21T09:15:00Z,notification-svc,container_memory_rss_mb,2554.1
2026-07-21T09:15:00Z,notification-svc,container_restarts,0.0
2026-07-21T09:15:00Z,notification-svc,dispatch_queue_depth,47849.8
2026-07-21T09:15:00Z,platform-api,api_request_p95_ms,95.3
2026-07-21T09:15:00Z,workflow-engine,notification_dispatch_error_ratio,0.0115
2026-07-21T09:15:00Z,workflow-engine,step_retry_count,2.0447
2026-07-21T09:16:00Z,notification-svc,container_memory_rss_mb,2586.8
2026-07-21T09:16:00Z,notification-svc,container_restarts,0.0
2026-07-21T09:16:00Z,notification-svc,dispatch_queue_depth,50635.5
2026-07-21T09:16:00Z,platform-api,api_request_p95_ms,93.7
2026-07-21T09:16:00Z,workflow-engine,notification_dispatch_error_ratio,0.01
2026-07-21T09:16:00Z,workflow-engine,step_retry_count,2.0907
2026-07-21T09:17:00Z,notification-svc,container_memory_rss_mb,2684.5
2026-07-21T09:17:00Z,notification-svc,container_restarts,0.0
2026-07-21T09:17:00Z,notification-svc,dispatch_queue_depth,52632.4
2026-07-21T09:17:00Z,platform-api,api_request_p95_ms,93.8
2026-07-21T09:17:00Z,workflow-engine,notification_dispatch_error_ratio,0.0093
2026-07-21T09:17:00Z,workflow-engine,step_retry_count,1.9302
2026-07-21T09:18:00Z,notification-svc,container_memory_rss_mb,2639.9
2026-07-21T09:18:00Z,notification-svc,container_restarts,0.0
2026-07-21T09:18:00Z,notification-svc,dispatch_queue_depth,51558.7
2026-07-21T09:18:00Z,platform-api,api_request_p95_ms,95.0
2026-07-21T09:18:00Z,workflow-engine,notification_dispatch_error_ratio,0.0102
2026-07-21T09:18:00Z,workflow-engine,step_retry_count,1.9318
2026-07-21T09:19:00Z,notification-svc,container_memory_rss_mb,2705.6
2026-07-21T09:19:00Z,notification-svc,container_restarts,0.0
2026-07-21T09:19:00Z,notification-svc,dispatch_queue_depth,54173.9
2026-07-21T09:19:00Z,platform-api,api_request_p95_ms,93.4
2026-07-21T09:19:00Z,workflow-engine,notification_dispatch_error_ratio,0.0083
2026-07-21T09:19:00Z,workflow-engine,step_retry_count,1.9886
2026-07-21T09:20:00Z,notification-svc,container_memory_rss_mb,2931.4
2026-07-21T09:20:00Z,notification-svc,container_restarts,0.0
2026-07-21T09:20:00Z,notification-svc,dispatch_queue_depth,52952.2
2026-07-21T09:20:00Z,platform-api,api_request_p95_ms,90.3
2026-07-21T09:20:00Z,workflow-engine,notification_dispatch_error_ratio,0.0095
2026-07-21T09:20:00Z,workflow-engine,step_retry_count,2.0067
2026-07-21T09:21:00Z,notification-svc,container_memory_rss_mb,2828.5
2026-07-21T09:21:00Z,notification-svc,container_restarts,0.0
2026-07-21T09:21:00Z,notification-svc,dispatch_queue_depth,55948.9
2026-07-21T09:21:00Z,platform-api,api_request_p95_ms,90.5
2026-07-21T09:21:00Z,workflow-engine,notification_dispatch_error_ratio,0.0119
2026-07-21T09:21:00Z,workflow-engine,step_retry_count,2.0845
2026-07-21T09:22:00Z,notification-svc,container_memory_rss_mb,2978.1
2026-07-21T09:22:00Z,notification-svc,container_restarts,0.0
2026-07-21T09:22:00Z,notification-svc,dispatch_queue_depth,55431.0
2026-07-21T09:22:00Z,platform-api,api_request_p95_ms,90.8
2026-07-21T09:22:00Z,workflow-engine,notification_dispatch_error_ratio,0.0119
2026-07-21T09:22:00Z,workflow-engine,step_retry_count,2.0502
2026-07-21T09:23:00Z,notification-svc,container_memory_rss_mb,3019.5
2026-07-21T09:23:00Z,notification-svc,container_restarts,0.0
2026-07-21T09:23:00Z,notification-svc,dispatch_queue_depth,58297.5
2026-07-21T09:23:00Z,platform-api,api_request_p95_ms,92.4
2026-07-21T09:23:00Z,workflow-engine,notification_dispatch_error_ratio,0.0108
2026-07-21T09:23:00Z,workflow-engine,step_retry_count,2.0697
2026-07-21T09:24:00Z,notification-svc,container_memory_rss_mb,3192.0
2026-07-21T09:24:00Z,notification-svc,container_restarts,0.0
2026-07-21T09:24:00Z,notification-svc,dispatch_queue_depth,60356.4
2026-07-21T09:24:00Z,platform-api,api_request_p95_ms,96.5
2026-07-21T09:24:00Z,workflow-engine,notification_dispatch_error_ratio,0.011
2026-07-21T09:24:00Z,workflow-engine,step_retry_count,2.0897
2026-07-21T09:25:00Z,notification-svc,container_memory_rss_mb,3179.9
2026-07-21T09:25:00Z,notification-svc,container_restarts,0.0
2026-07-21T09:25:00Z,notification-svc,dispatch_queue_depth,63757.1
2026-07-21T09:25:00Z,platform-api,api_request_p95_ms,99.6
2026-07-21T09:25:00Z,workflow-engine,notification_dispatch_error_ratio,0.0096
2026-07-21T09:25:00Z,workflow-engine,step_retry_count,1.9581
2026-07-21T09:26:00Z,notification-svc,container_memory_rss_mb,3276.9
2026-07-21T09:26:00Z,notification-svc,container_restarts,0.0
2026-07-21T09:26:00Z,notification-svc,dispatch_queue_depth,63098.8
2026-07-21T09:26:00Z,platform-api,api_request_p95_ms,92.9
2026-07-21T09:26:00Z,workflow-engine,notification_dispatch_error_ratio,0.0085
2026-07-21T09:26:00Z,workflow-engine,step_retry_count,1.9072
2026-07-21T09:27:00Z,notification-svc,container_memory_rss_mb,3169.6
2026-07-21T09:27:00Z,notification-svc,container_restarts,0.0
2026-07-21T09:27:00Z,notification-svc,dispatch_queue_depth,62601.3
2026-07-21T09:27:00Z,platform-api,api_request_p95_ms,95.4
2026-07-21T09:27:00Z,workflow-engine,notification_dispatch_error_ratio,0.0112
2026-07-21T09:27:00Z,workflow-engine,step_retry_count,2.0284
2026-07-21T09:28:00Z,notification-svc,container_memory_rss_mb,3359.7
2026-07-21T09:28:00Z,notification-svc,container_restarts,0.0
2026-07-21T09:28:00Z,notification-svc,dispatch_queue_depth,64248.9
2026-07-21T09:28:00Z,platform-api,api_request_p95_ms,99.4
2026-07-21T09:28:00Z,workflow-engine,notification_dispatch_error_ratio,0.0091
2026-07-21T09:28:00Z,workflow-engine,step_retry_count,2.0344
2026-07-21T09:29:00Z,notification-svc,container_memory_rss_mb,3542.3
2026-07-21T09:29:00Z,notification-svc,container_restarts,0.0
2026-07-21T09:29:00Z,notification-svc,dispatch_queue_depth,64654.1
2026-07-21T09:29:00Z,platform-api,api_request_p95_ms,90.4
2026-07-21T09:29:00Z,workflow-engine,notification_dispatch_error_ratio,0.0117
2026-07-21T09:29:00Z,workflow-engine,step_retry_count,2.0798
2026-07-21T09:30:00Z,notification-svc,container_memory_rss_mb,3610.6
2026-07-21T09:30:00Z,notification-svc,container_restarts,0.0
2026-07-21T09:30:00Z,notification-svc,dispatch_queue_depth,65737.0
2026-07-21T09:30:00Z,platform-api,api_request_p95_ms,90.9
2026-07-21T09:30:00Z,workflow-engine,notification_dispatch_error_ratio,0.0101
2026-07-21T09:30:00Z,workflow-engine,step_retry_count,1.9961
2026-07-21T09:31:00Z,notification-svc,container_memory_rss_mb,3528.0
2026-07-21T09:31:00Z,notification-svc,container_restarts,0.0
2026-07-21T09:31:00Z,notification-svc,dispatch_queue_depth,68455.9
2026-07-21T09:31:00Z,platform-api,api_request_p95_ms,92.2
2026-07-21T09:31:00Z,workflow-engine,notification_dispatch_error_ratio,0.0106
2026-07-21T09:31:00Z,workflow-engine,step_retry_count,1.9314
2026-07-21T09:32:00Z,notification-svc,container_memory_rss_mb,3441.7
2026-07-21T09:32:00Z,notification-svc,container_restarts,0.0
2026-07-21T09:32:00Z,notification-svc,dispatch_queue_depth,71527.2
2026-07-21T09:32:00Z,platform-api,api_request_p95_ms,97.8
2026-07-21T09:32:00Z,workflow-engine,notification_dispatch_error_ratio,0.0105
2026-07-21T09:32:00Z,workflow-engine,step_retry_count,1.9998
2026-07-21T09:33:00Z,notification-svc,container_memory_rss_mb,3782.9
2026-07-21T09:33:00Z,notification-svc,container_restarts,0.0
2026-07-21T09:33:00Z,notification-svc,dispatch_queue_depth,72523.3
2026-07-21T09:33:00Z,platform-api,api_request_p95_ms,99.4
2026-07-21T09:33:00Z,workflow-engine,notification_dispatch_error_ratio,0.0104
2026-07-21T09:33:00Z,workflow-engine,step_retry_count,1.9021
2026-07-21T09:34:00Z,notification-svc,container_memory_rss_mb,3878.7
2026-07-21T09:34:00Z,notification-svc,container_restarts,0.0
2026-07-21T09:34:00Z,notification-svc,dispatch_queue_depth,75736.4
2026-07-21T09:34:00Z,platform-api,api_request_p95_ms,97.6
2026-07-21T09:34:00Z,workflow-engine,notification_dispatch_error_ratio,0.0087
2026-07-21T09:34:00Z,workflow-engine,step_retry_count,1.9565
2026-07-21T09:35:00Z,notification-svc,container_memory_rss_mb,3618.3
2026-07-21T09:35:00Z,notification-svc,container_restarts,0.0
2026-07-21T09:35:00Z,notification-svc,dispatch_queue_depth,71460.0
2026-07-21T09:35:00Z,platform-api,api_request_p95_ms,90.8
2026-07-21T09:35:00Z,workflow-engine,notification_dispatch_error_ratio,0.01
2026-07-21T09:35:00Z,workflow-engine,step_retry_count,1.9385
2026-07-21T09:36:00Z,notification-svc,container_memory_rss_mb,3905.9
2026-07-21T09:36:00Z,notification-svc,container_restarts,0.0
2026-07-21T09:36:00Z,notification-svc,dispatch_queue_depth,77506.0
2026-07-21T09:36:00Z,platform-api,api_request_p95_ms,95.6
2026-07-21T09:36:00Z,workflow-engine,notification_dispatch_error_ratio,0.0106
2026-07-21T09:36:00Z,workflow-engine,step_retry_count,2.0141
2026-07-21T09:37:00Z,notification-svc,container_memory_rss_mb,3796.5
2026-07-21T09:37:00Z,notification-svc,container_restarts,0.0
2026-07-21T09:37:00Z,notification-svc,dispatch_queue_depth,74240.8
2026-07-21T09:37:00Z,platform-api,api_request_p95_ms,99.5
2026-07-21T09:37:00Z,workflow-engine,notification_dispatch_error_ratio,0.0081
2026-07-21T09:37:00Z,workflow-engine,step_retry_count,2.0061
2026-07-21T09:38:00Z,notification-svc,container_memory_rss_mb,3942.8
2026-07-21T09:38:00Z,notification-svc,container_restarts,0.0
2026-07-21T09:38:00Z,notification-svc,dispatch_queue_depth,82480.0
2026-07-21T09:38:00Z,platform-api,api_request_p95_ms,90.3
2026-07-21T09:38:00Z,workflow-engine,notification_dispatch_error_ratio,0.0112
2026-07-21T09:38:00Z,workflow-engine,step_retry_count,1.9314
2026-07-21T09:39:00Z,notification-svc,container_memory_rss_mb,4141.9
2026-07-21T09:39:00Z,notification-svc,container_restarts,0.0
2026-07-21T09:39:00Z,notification-svc,dispatch_queue_depth,77488.4
2026-07-21T09:39:00Z,platform-api,api_request_p95_ms,94.1
2026-07-21T09:39:00Z,workflow-engine,notification_dispatch_error_ratio,0.0095
2026-07-21T09:39:00Z,workflow-engine,step_retry_count,2.0233
2026-07-21T09:40:00Z,notification-svc,container_memory_rss_mb,4183.7
2026-07-21T09:40:00Z,notification-svc,container_restarts,7.0
2026-07-21T09:40:00Z,notification-svc,dispatch_queue_depth,81956.5
2026-07-21T09:40:00Z,platform-api,api_request_p95_ms,93.0
2026-07-21T09:40:00Z,workflow-engine,notification_dispatch_error_ratio,0.944
2026-07-21T09:40:00Z,workflow-engine,step_retry_count,2.0981
2026-07-21T09:41:00Z,notification-svc,container_memory_rss_mb,4151.9
2026-07-21T09:41:00Z,notification-svc,container_restarts,7.0
2026-07-21T09:41:00Z,notification-svc,dispatch_queue_depth,82929.0
2026-07-21T09:41:00Z,platform-api,api_request_p95_ms,99.7
2026-07-21T09:41:00Z,workflow-engine,notification_dispatch_error_ratio,0.7521
2026-07-21T09:41:00Z,workflow-engine,step_retry_count,2.065
2026-07-21T09:42:00Z,notification-svc,container_memory_rss_mb,3886.8
2026-07-21T09:42:00Z,notification-svc,container_restarts,7.0
2026-07-21T09:42:00Z,notification-svc,dispatch_queue_depth,82535.2
2026-07-21T09:42:00Z,platform-api,api_request_p95_ms,94.4
2026-07-21T09:42:00Z,workflow-engine,notification_dispatch_error_ratio,1.0387
2026-07-21T09:42:00Z,workflow-engine,step_retry_count,2.0526
2026-07-21T09:43:00Z,notification-svc,container_memory_rss_mb,4238.3
2026-07-21T09:43:00Z,notification-svc,container_restarts,7.0
2026-07-21T09:43:00Z,notification-svc,dispatch_queue_depth,88565.2
2026-07-21T09:43:00Z,platform-api,api_request_p95_ms,97.4
2026-07-21T09:43:00Z,workflow-engine,notification_dispatch_error_ratio,0.8566
2026-07-21T09:43:00Z,workflow-engine,step_retry_count,1.9638
2026-07-21T09:44:00Z,notification-svc,container_memory_rss_mb,4152.1
2026-07-21T09:44:00Z,notification-svc,container_restarts,7.0
2026-07-21T09:44:00Z,notification-svc,dispatch_queue_depth,91042.5
2026-07-21T09:44:00Z,platform-api,api_request_p95_ms,98.3
2026-07-21T09:44:00Z,workflow-engine,notification_dispatch_error_ratio,0.8967
2026-07-21T09:44:00Z,workflow-engine,step_retry_count,2.0103
2026-07-21T09:45:00Z,notification-svc,container_memory_rss_mb,3895.0
2026-07-21T09:45:00Z,notification-svc,container_restarts,7.0
2026-07-21T09:45:00Z,notification-svc,dispatch_queue_depth,90014.3
2026-07-21T09:45:00Z,platform-api,api_request_p95_ms,99.1
2026-07-21T09:45:00Z,workflow-engine,notification_dispatch_error_ratio,0.8804
2026-07-21T09:45:00Z,workflow-engine,step_retry_count,2.013
2026-07-21T09:46:00Z,notification-svc,container_memory_rss_mb,4164.2
2026-07-21T09:46:00Z,notification-svc,container_restarts,7.0
2026-07-21T09:46:00Z,notification-svc,dispatch_queue_depth,89172.4
2026-07-21T09:46:00Z,platform-api,api_request_p95_ms,97.7
2026-07-21T09:46:00Z,workflow-engine,notification_dispatch_error_ratio,0.8081
2026-07-21T09:46:00Z,workflow-engine,step_retry_count,1.9584
2026-07-21T09:47:00Z,notification-svc,container_memory_rss_mb,3896.5
2026-07-21T09:47:00Z,notification-svc,container_restarts,7.0
2026-07-21T09:47:00Z,notification-svc,dispatch_queue_depth,94376.2
2026-07-21T09:47:00Z,platform-api,api_request_p95_ms,97.8
2026-07-21T09:47:00Z,workflow-engine,notification_dispatch_error_ratio,0.8589
2026-07-21T09:47:00Z,workflow-engine,step_retry_count,1.9829
2026-07-21T09:48:00Z,notification-svc,container_memory_rss_mb,3953.1
2026-07-21T09:48:00Z,notification-svc,container_restarts,7.0
2026-07-21T09:48:00Z,notification-svc,dispatch_queue_depth,90781.5
2026-07-21T09:48:00Z,platform-api,api_request_p95_ms,92.5
2026-07-21T09:48:00Z,workflow-engine,notification_dispatch_error_ratio,0.8651
2026-07-21T09:48:00Z,workflow-engine,step_retry_count,1.9085
2026-07-21T09:49:00Z,notification-svc,container_memory_rss_mb,3893.2
2026-07-21T09:49:00Z,notification-svc,container_restarts,7.0
2026-07-21T09:49:00Z,notification-svc,dispatch_queue_depth,89283.2
2026-07-21T09:49:00Z,platform-api,api_request_p95_ms,95.6
2026-07-21T09:49:00Z,workflow-engine,notification_dispatch_error_ratio,0.7579
2026-07-21T09:49:00Z,workflow-engine,step_retry_count,1.9084
2026-07-21T09:50:00Z,notification-svc,container_memory_rss_mb,4214.2
2026-07-21T09:50:00Z,notification-svc,container_restarts,7.0
2026-07-21T09:50:00Z,notification-svc,dispatch_queue_depth,97144.4
2026-07-21T09:50:00Z,platform-api,api_request_p95_ms,98.4
2026-07-21T09:50:00Z,workflow-engine,notification_dispatch_error_ratio,0.9881
2026-07-21T09:50:00Z,workflow-engine,step_retry_count,1.9498
2026-07-21T09:51:00Z,notification-svc,container_memory_rss_mb,4001.3
2026-07-21T09:51:00Z,notification-svc,container_restarts,7.0
2026-07-21T09:51:00Z,notification-svc,dispatch_queue_depth,96011.3
2026-07-21T09:51:00Z,platform-api,api_request_p95_ms,92.8
2026-07-21T09:51:00Z,workflow-engine,notification_dispatch_error_ratio,0.9835
2026-07-21T09:51:00Z,workflow-engine,step_retry_count,2.0732
2026-07-21T09:52:00Z,notification-svc,container_memory_rss_mb,4115.1
2026-07-21T09:52:00Z,notification-svc,container_restarts,7.0
2026-07-21T09:52:00Z,notification-svc,dispatch_queue_depth,96925.8
2026-07-21T09:52:00Z,platform-api,api_request_p95_ms,90.7
2026-07-21T09:52:00Z,workflow-engine,notification_dispatch_error_ratio,0.9637
2026-07-21T09:52:00Z,workflow-engine,step_retry_count,1.9016
2026-07-21T09:53:00Z,notification-svc,container_memory_rss_mb,3960.6
2026-07-21T09:53:00Z,notification-svc,container_restarts,7.0
2026-07-21T09:53:00Z,notification-svc,dispatch_queue_depth,95928.9
2026-07-21T09:53:00Z,platform-api,api_request_p95_ms,94.1
2026-07-21T09:53:00Z,workflow-engine,notification_dispatch_error_ratio,0.9889
2026-07-21T09:53:00Z,workflow-engine,step_retry_count,1.9873
2026-07-21T09:54:00Z,notification-svc,container_memory_rss_mb,4256.4
2026-07-21T09:54:00Z,notification-svc,container_restarts,7.0
2026-07-21T09:54:00Z,notification-svc,dispatch_queue_depth,101522.2
2026-07-21T09:54:00Z,platform-api,api_request_p95_ms,99.0
2026-07-21T09:54:00Z,workflow-engine,notification_dispatch_error_ratio,0.8681
2026-07-21T09:54:00Z,workflow-engine,step_retry_count,2.0949
2026-07-21T09:55:00Z,notification-svc,container_memory_rss_mb,4133.7
2026-07-21T09:55:00Z,notification-svc,container_restarts,7.0
2026-07-21T09:55:00Z,notification-svc,dispatch_queue_depth,100159.8
2026-07-21T09:55:00Z,platform-api,api_request_p95_ms,93.1
2026-07-21T09:55:00Z,workflow-engine,notification_dispatch_error_ratio,1.0239
2026-07-21T09:55:00Z,workflow-engine,step_retry_count,2.0619
2026-07-21T09:56:00Z,notification-svc,container_memory_rss_mb,4159.6
2026-07-21T09:56:00Z,notification-svc,container_restarts,7.0
2026-07-21T09:56:00Z,notification-svc,dispatch_queue_depth,102741.1
2026-07-21T09:56:00Z,platform-api,api_request_p95_ms,95.9
2026-07-21T09:56:00Z,workflow-engine,notification_dispatch_error_ratio,1.0769
2026-07-21T09:56:00Z,workflow-engine,step_retry_count,1.9724
2026-07-21T09:57:00Z,notification-svc,container_memory_rss_mb,3894.5
2026-07-21T09:57:00Z,notification-svc,container_restarts,7.0
2026-07-21T09:57:00Z,notification-svc,dispatch_queue_depth,100662.8
2026-07-21T09:57:00Z,platform-api,api_request_p95_ms,94.5
2026-07-21T09:57:00Z,workflow-engine,notification_dispatch_error_ratio,0.9427
2026-07-21T09:57:00Z,workflow-engine,step_retry_count,2.0005
2026-07-21T09:58:00Z,notification-svc,container_memory_rss_mb,4274.3
2026-07-21T09:58:00Z,notification-svc,container_restarts,7.0
2026-07-21T09:58:00Z,notification-svc,dispatch_queue_depth,108265.1
2026-07-21T09:58:00Z,platform-api,api_request_p95_ms,98.0
2026-07-21T09:58:00Z,workflow-engine,notification_dispatch_error_ratio,1.0504
2026-07-21T09:58:00Z,workflow-engine,step_retry_count,1.9392
2026-07-21T09:59:00Z,notification-svc,container_memory_rss_mb,4076.1
2026-07-21T09:59:00Z,notification-svc,container_restarts,7.0
2026-07-21T09:59:00Z,notification-svc,dispatch_queue_depth,106439.6
2026-07-21T09:59:00Z,platform-api,api_request_p95_ms,91.7
2026-07-21T09:59:00Z,workflow-engine,notification_dispatch_error_ratio,0.955
2026-07-21T09:59:00Z,workflow-engine,step_retry_count,2.045
2026-07-21T10:00:00Z,notification-svc,container_memory_rss_mb,3984.3
2026-07-21T10:00:00Z,notification-svc,container_restarts,7.0
2026-07-21T10:00:00Z,notification-svc,dispatch_queue_depth,111090.9
2026-07-21T10:00:00Z,platform-api,api_request_p95_ms,95.4
2026-07-21T10:00:00Z,workflow-engine,notification_dispatch_error_ratio,0.9425
2026-07-21T10:00:00Z,workflow-engine,step_retry_count,1.951
2026-07-21T10:01:00Z,notification-svc,container_memory_rss_mb,4034.4
2026-07-21T10:01:00Z,notification-svc,container_restarts,7.0
2026-07-21T10:01:00Z,notification-svc,dispatch_queue_depth,110734.4
2026-07-21T10:01:00Z,platform-api,api_request_p95_ms,90.3
2026-07-21T10:01:00Z,workflow-engine,notification_dispatch_error_ratio,0.8485
2026-07-21T10:01:00Z,workflow-engine,step_retry_count,2.0867
2026-07-21T10:02:00Z,notification-svc,container_memory_rss_mb,4256.0
2026-07-21T10:02:00Z,notification-svc,container_restarts,7.0
2026-07-21T10:02:00Z,notification-svc,dispatch_queue_depth,113798.9
2026-07-21T10:02:00Z,platform-api,api_request_p95_ms,99.3
2026-07-21T10:02:00Z,workflow-engine,notification_dispatch_error_ratio,0.7557
2026-07-21T10:02:00Z,workflow-engine,step_retry_count,2.0435
2026-07-21T10:03:00Z,notification-svc,container_memory_rss_mb,4186.0
2026-07-21T10:03:00Z,notification-svc,container_restarts,7.0
2026-07-21T10:03:00Z,notification-svc,dispatch_queue_depth,108988.2
2026-07-21T10:03:00Z,platform-api,api_request_p95_ms,92.4
2026-07-21T10:03:00Z,workflow-engine,notification_dispatch_error_ratio,0.8989
2026-07-21T10:03:00Z,workflow-engine,step_retry_count,1.944
2026-07-21T10:04:00Z,notification-svc,container_memory_rss_mb,3926.3
2026-07-21T10:04:00Z,notification-svc,container_restarts,7.0
2026-07-21T10:04:00Z,notification-svc,dispatch_queue_depth,118624.1
2026-07-21T10:04:00Z,platform-api,api_request_p95_ms,92.4
2026-07-21T10:04:00Z,workflow-engine,notification_dispatch_error_ratio,0.9966
2026-07-21T10:04:00Z,workflow-engine,step_retry_count,1.9489
2026-07-21T10:05:00Z,notification-svc,container_memory_rss_mb,4068.9
2026-07-21T10:05:00Z,notification-svc,container_restarts,7.0
2026-07-21T10:05:00Z,notification-svc,dispatch_queue_depth,113590.4
2026-07-21T10:05:00Z,platform-api,api_request_p95_ms,93.8
2026-07-21T10:05:00Z,workflow-engine,notification_dispatch_error_ratio,1.1071
2026-07-21T10:05:00Z,workflow-engine,step_retry_count,1.9962
2026-07-21T10:06:00Z,notification-svc,container_memory_rss_mb,4215.0
2026-07-21T10:06:00Z,notification-svc,container_restarts,7.0
2026-07-21T10:06:00Z,notification-svc,dispatch_queue_depth,113597.7
2026-07-21T10:06:00Z,platform-api,api_request_p95_ms,96.7
2026-07-21T10:06:00Z,workflow-engine,notification_dispatch_error_ratio,0.8235
2026-07-21T10:06:00Z,workflow-engine,step_retry_count,2.0732
2026-07-21T10:07:00Z,notification-svc,container_memory_rss_mb,4195.5
2026-07-21T10:07:00Z,notification-svc,container_restarts,7.0
2026-07-21T10:07:00Z,notification-svc,dispatch_queue_depth,116831.7
2026-07-21T10:07:00Z,platform-api,api_request_p95_ms,98.2
2026-07-21T10:07:00Z,workflow-engine,notification_dispatch_error_ratio,0.9231
2026-07-21T10:07:00Z,workflow-engine,step_retry_count,1.9012
2026-07-21T10:08:00Z,notification-svc,container_memory_rss_mb,3939.3
2026-07-21T10:08:00Z,notification-svc,container_restarts,7.0
2026-07-21T10:08:00Z,notification-svc,dispatch_queue_depth,122154.4
2026-07-21T10:08:00Z,platform-api,api_request_p95_ms,98.4
2026-07-21T10:08:00Z,workflow-engine,notification_dispatch_error_ratio,0.9094
2026-07-21T10:08:00Z,workflow-engine,step_retry_count,2.0127
2026-07-21T10:09:00Z,notification-svc,container_memory_rss_mb,4005.3
2026-07-21T10:09:00Z,notification-svc,container_restarts,7.0
2026-07-21T10:09:00Z,notification-svc,dispatch_queue_depth,114887.9
2026-07-21T10:09:00Z,platform-api,api_request_p95_ms,99.6
2026-07-21T10:09:00Z,workflow-engine,notification_dispatch_error_ratio,1.0265
2026-07-21T10:09:00Z,workflow-engine,step_retry_count,2.0217
2026-07-21T10:10:00Z,notification-svc,container_memory_rss_mb,4287.5
2026-07-21T10:10:00Z,notification-svc,container_restarts,7.0
2026-07-21T10:10:00Z,notification-svc,dispatch_queue_depth,122974.5
2026-07-21T10:10:00Z,platform-api,api_request_p95_ms,97.2
2026-07-21T10:10:00Z,workflow-engine,notification_dispatch_error_ratio,0.7828
2026-07-21T10:10:00Z,workflow-engine,step_retry_count,1.964
2026-07-21T10:11:00Z,notification-svc,container_memory_rss_mb,3917.0
2026-07-21T10:11:00Z,notification-svc,container_restarts,7.0
2026-07-21T10:11:00Z,notification-svc,dispatch_queue_depth,129593.7
2026-07-21T10:11:00Z,platform-api,api_request_p95_ms,92.9
2026-07-21T10:11:00Z,workflow-engine,notification_dispatch_error_ratio,0.8795
2026-07-21T10:11:00Z,workflow-engine,step_retry_count,1.9944
2026-07-21T10:12:00Z,notification-svc,container_memory_rss_mb,4240.4
2026-07-21T10:12:00Z,notification-svc,container_restarts,7.0
2026-07-21T10:12:00Z,notification-svc,dispatch_queue_depth,120424.3
2026-07-21T10:12:00Z,platform-api,api_request_p95_ms,92.8
2026-07-21T10:12:00Z,workflow-engine,notification_dispatch_error_ratio,0.8396
2026-07-21T10:12:00Z,workflow-engine,step_retry_count,1.9985
2026-07-21T10:13:00Z,notification-svc,container_memory_rss_mb,4276.1
2026-07-21T10:13:00Z,notification-svc,container_restarts,7.0
2026-07-21T10:13:00Z,notification-svc,dispatch_queue_depth,123384.9
2026-07-21T10:13:00Z,platform-api,api_request_p95_ms,96.9
2026-07-21T10:13:00Z,workflow-engine,notification_dispatch_error_ratio,0.8109
2026-07-21T10:13:00Z,workflow-engine,step_retry_count,1.9783
2026-07-21T10:14:00Z,notification-svc,container_memory_rss_mb,3936.9
2026-07-21T10:14:00Z,notification-svc,container_restarts,7.0
2026-07-21T10:14:00Z,notification-svc,dispatch_queue_depth,127541.2
2026-07-21T10:14:00Z,platform-api,api_request_p95_ms,96.6
2026-07-21T10:14:00Z,workflow-engine,notification_dispatch_error_ratio,0.9372
2026-07-21T10:14:00Z,workflow-engine,step_retry_count,1.9677
2026-07-21T10:15:00Z,notification-svc,container_memory_rss_mb,3915.7
2026-07-21T10:15:00Z,notification-svc,container_restarts,7.0
2026-07-21T10:15:00Z,notification-svc,dispatch_queue_depth,122710.3
2026-07-21T10:15:00Z,platform-api,api_request_p95_ms,93.3
2026-07-21T10:15:00Z,workflow-engine,notification_dispatch_error_ratio,1.0613
2026-07-21T10:15:00Z,workflow-engine,step_retry_count,1.9917
2026-07-21T10:16:00Z,notification-svc,container_memory_rss_mb,4284.2
2026-07-21T10:16:00Z,notification-svc,container_restarts,7.0
2026-07-21T10:16:00Z,notification-svc,dispatch_queue_depth,134401.0
2026-07-21T10:16:00Z,platform-api,api_request_p95_ms,91.6
2026-07-21T10:16:00Z,workflow-engine,notification_dispatch_error_ratio,1.0687
2026-07-21T10:16:00Z,workflow-engine,step_retry_count,2.0922
2026-07-21T10:17:00Z,notification-svc,container_memory_rss_mb,3995.7
2026-07-21T10:17:00Z,notification-svc,container_restarts,7.0
2026-07-21T10:17:00Z,notification-svc,dispatch_queue_depth,127743.0
2026-07-21T10:17:00Z,platform-api,api_request_p95_ms,91.8
2026-07-21T10:17:00Z,workflow-engine,notification_dispatch_error_ratio,0.8766
2026-07-21T10:17:00Z,workflow-engine,step_retry_count,2.0365
2026-07-21T10:18:00Z,notification-svc,container_memory_rss_mb,4119.2
2026-07-21T10:18:00Z,notification-svc,container_restarts,7.0
2026-07-21T10:18:00Z,notification-svc,dispatch_queue_depth,127438.5
2026-07-21T10:18:00Z,platform-api,api_request_p95_ms,97.5
2026-07-21T10:18:00Z,workflow-engine,notification_dispatch_error_ratio,0.9275
2026-07-21T10:18:00Z,workflow-engine,step_retry_count,1.9896
2026-07-21T10:19:00Z,notification-svc,container_memory_rss_mb,4207.5
2026-07-21T10:19:00Z,notification-svc,container_restarts,7.0
2026-07-21T10:19:00Z,notification-svc,dispatch_queue_depth,129656.2
2026-07-21T10:19:00Z,platform-api,api_request_p95_ms,92.8
2026-07-21T10:19:00Z,workflow-engine,notification_dispatch_error_ratio,0.8697
2026-07-21T10:19:00Z,workflow-engine,step_retry_count,1.9716
2026-07-21T10:20:00Z,notification-svc,container_memory_rss_mb,4213.8
2026-07-21T10:20:00Z,notification-svc,container_restarts,7.0
2026-07-21T10:20:00Z,notification-svc,dispatch_queue_depth,134662.6
2026-07-21T10:20:00Z,platform-api,api_request_p95_ms,94.6
2026-07-21T10:20:00Z,workflow-engine,notification_dispatch_error_ratio,0.9446
2026-07-21T10:20:00Z,workflow-engine,step_retry_count,1.923
2026-07-21T10:21:00Z,notification-svc,container_memory_rss_mb,4156.6
2026-07-21T10:21:00Z,notification-svc,container_restarts,7.0
2026-07-21T10:21:00Z,notification-svc,dispatch_queue_depth,133269.7
2026-07-21T10:21:00Z,platform-api,api_request_p95_ms,96.0
2026-07-21T10:21:00Z,workflow-engine,notification_dispatch_error_ratio,0.8684
2026-07-21T10:21:00Z,workflow-engine,step_retry_count,2.0581
2026-07-21T10:22:00Z,notification-svc,container_memory_rss_mb,4267.5
2026-07-21T10:22:00Z,notification-svc,container_restarts,7.0
2026-07-21T10:22:00Z,notification-svc,dispatch_queue_depth,143507.2
2026-07-21T10:22:00Z,platform-api,api_request_p95_ms,92.8
2026-07-21T10:22:00Z,workflow-engine,notification_dispatch_error_ratio,0.9828
2026-07-21T10:22:00Z,workflow-engine,step_retry_count,2.0753
2026-07-21T10:23:00Z,notification-svc,container_memory_rss_mb,4255.8
2026-07-21T10:23:00Z,notification-svc,container_restarts,7.0
2026-07-21T10:23:00Z,notification-svc,dispatch_queue_depth,144430.3
2026-07-21T10:23:00Z,platform-api,api_request_p95_ms,98.2
2026-07-21T10:23:00Z,workflow-engine,notification_dispatch_error_ratio,0.8352
2026-07-21T10:23:00Z,workflow-engine,step_retry_count,1.9737
2026-07-21T10:24:00Z,notification-svc,container_memory_rss_mb,3957.9
2026-07-21T10:24:00Z,notification-svc,container_restarts,7.0
2026-07-21T10:24:00Z,notification-svc,dispatch_queue_depth,141573.1
2026-07-21T10:24:00Z,platform-api,api_request_p95_ms,97.1
2026-07-21T10:24:00Z,workflow-engine,notification_dispatch_error_ratio,0.9822
2026-07-21T10:24:00Z,workflow-engine,step_retry_count,1.9019
2026-07-21T10:25:00Z,notification-svc,container_memory_rss_mb,4264.7
2026-07-21T10:25:00Z,notification-svc,container_restarts,7.0
2026-07-21T10:25:00Z,notification-svc,dispatch_queue_depth,145451.3
2026-07-21T10:25:00Z,platform-api,api_request_p95_ms,95.8
2026-07-21T10:25:00Z,workflow-engine,notification_dispatch_error_ratio,1.0023
2026-07-21T10:25:00Z,workflow-engine,step_retry_count,1.9035
2026-07-21T10:26:00Z,notification-svc,container_memory_rss_mb,3980.8
2026-07-21T10:26:00Z,notification-svc,container_restarts,7.0
2026-07-21T10:26:00Z,notification-svc,dispatch_queue_depth,142220.8
2026-07-21T10:26:00Z,platform-api,api_request_p95_ms,99.2
2026-07-21T10:26:00Z,workflow-engine,notification_dispatch_error_ratio,0.8477
2026-07-21T10:26:00Z,workflow-engine,step_retry_count,2.0011
2026-07-21T10:27:00Z,notification-svc,container_memory_rss_mb,3950.3
2026-07-21T10:27:00Z,notification-svc,container_restarts,7.0
2026-07-21T10:27:00Z,notification-svc,dispatch_queue_depth,140563.7
2026-07-21T10:27:00Z,platform-api,api_request_p95_ms,95.1
2026-07-21T10:27:00Z,workflow-engine,notification_dispatch_error_ratio,0.9507
2026-07-21T10:27:00Z,workflow-engine,step_retry_count,2.095
2026-07-21T10:28:00Z,notification-svc,container_memory_rss_mb,3953.5
2026-07-21T10:28:00Z,notification-svc,container_restarts,7.0
2026-07-21T10:28:00Z,notification-svc,dispatch_queue_depth,150828.2
2026-07-21T10:28:00Z,platform-api,api_request_p95_ms,97.1
2026-07-21T10:28:00Z,workflow-engine,notification_dispatch_error_ratio,1.0485
2026-07-21T10:28:00Z,workflow-engine,step_retry_count,1.9597
2026-07-21T10:29:00Z,notification-svc,container_memory_rss_mb,3951.0
2026-07-21T10:29:00Z,notification-svc,container_restarts,7.0
2026-07-21T10:29:00Z,notification-svc,dispatch_queue_depth,141432.2
2026-07-21T10:29:00Z,platform-api,api_request_p95_ms,95.5
2026-07-21T10:29:00Z,workflow-engine,notification_dispatch_error_ratio,0.806
2026-07-21T10:29:00Z,workflow-engine,step_retry_count,2.0796
2026-07-21T10:30:00Z,notification-svc,container_memory_rss_mb,4208.0
2026-07-21T10:30:00Z,notification-svc,container_restarts,7.0
2026-07-21T10:30:00Z,notification-svc,dispatch_queue_depth,153538.4
2026-07-21T10:30:00Z,platform-api,api_request_p95_ms,93.7
2026-07-21T10:30:00Z,workflow-engine,notification_dispatch_error_ratio,1.059
2026-07-21T10:30:00Z,workflow-engine,step_retry_count,2.0003
2026-07-21T10:31:00Z,notification-svc,container_memory_rss_mb,4260.9
2026-07-21T10:31:00Z,notification-svc,container_restarts,7.0
2026-07-21T10:31:00Z,notification-svc,dispatch_queue_depth,149937.9
2026-07-21T10:31:00Z,platform-api,api_request_p95_ms,92.8
2026-07-21T10:31:00Z,workflow-engine,notification_dispatch_error_ratio,0.923
2026-07-21T10:31:00Z,workflow-engine,step_retry_count,1.9456
2026-07-21T10:32:00Z,notification-svc,container_memory_rss_mb,3924.7
2026-07-21T10:32:00Z,notification-svc,container_restarts,7.0
2026-07-21T10:32:00Z,notification-svc,dispatch_queue_depth,150809.1
2026-07-21T10:32:00Z,platform-api,api_request_p95_ms,92.2
2026-07-21T10:32:00Z,workflow-engine,notification_dispatch_error_ratio,0.8942
2026-07-21T10:32:00Z,workflow-engine,step_retry_count,2.0755
2026-07-21T10:33:00Z,notification-svc,container_memory_rss_mb,4120.0
2026-07-21T10:33:00Z,notification-svc,container_restarts,7.0
2026-07-21T10:33:00Z,notification-svc,dispatch_queue_depth,151477.0
2026-07-21T10:33:00Z,platform-api,api_request_p95_ms,92.1
2026-07-21T10:33:00Z,workflow-engine,notification_dispatch_error_ratio,1.0732
2026-07-21T10:33:00Z,workflow-engine,step_retry_count,1.9885
2026-07-21T10:34:00Z,notification-svc,container_memory_rss_mb,4084.9
2026-07-21T10:34:00Z,notification-svc,container_restarts,7.0
2026-07-21T10:34:00Z,notification-svc,dispatch_queue_depth,152111.2
2026-07-21T10:34:00Z,platform-api,api_request_p95_ms,95.4
2026-07-21T10:34:00Z,workflow-engine,notification_dispatch_error_ratio,1.019
2026-07-21T10:34:00Z,workflow-engine,step_retry_count,2.0533
2026-07-21T10:35:00Z,notification-svc,container_memory_rss_mb,3961.3
2026-07-21T10:35:00Z,notification-svc,container_restarts,7.0
2026-07-21T10:35:00Z,notification-svc,dispatch_queue_depth,155408.8
2026-07-21T10:35:00Z,platform-api,api_request_p95_ms,93.9
2026-07-21T10:35:00Z,workflow-engine,notification_dispatch_error_ratio,0.8529
2026-07-21T10:35:00Z,workflow-engine,step_retry_count,2.0941
2026-07-21T10:36:00Z,notification-svc,container_memory_rss_mb,4056.3
2026-07-21T10:36:00Z,notification-svc,container_restarts,7.0
2026-07-21T10:36:00Z,notification-svc,dispatch_queue_depth,164495.3
2026-07-21T10:36:00Z,platform-api,api_request_p95_ms,93.7
2026-07-21T10:36:00Z,workflow-engine,notification_dispatch_error_ratio,1.031
2026-07-21T10:36:00Z,workflow-engine,step_retry_count,2.0229
2026-07-21T10:37:00Z,notification-svc,container_memory_rss_mb,4066.8
2026-07-21T10:37:00Z,notification-svc,container_restarts,7.0
2026-07-21T10:37:00Z,notification-svc,dispatch_queue_depth,162315.6
2026-07-21T10:37:00Z,platform-api,api_request_p95_ms,96.9
2026-07-21T10:37:00Z,workflow-engine,notification_dispatch_error_ratio,0.8983
2026-07-21T10:37:00Z,workflow-engine,step_retry_count,2.0427
2026-07-21T10:38:00Z,notification-svc,container_memory_rss_mb,3935.8
2026-07-21T10:38:00Z,notification-svc,container_restarts,7.0
2026-07-21T10:38:00Z,notification-svc,dispatch_queue_depth,163941.2
2026-07-21T10:38:00Z,platform-api,api_request_p95_ms,96.5
2026-07-21T10:38:00Z,workflow-engine,notification_dispatch_error_ratio,1.0096
2026-07-21T10:38:00Z,workflow-engine,step_retry_count,1.9808
2026-07-21T10:39:00Z,notification-svc,container_memory_rss_mb,4017.6
2026-07-21T10:39:00Z,notification-svc,container_restarts,7.0
2026-07-21T10:39:00Z,notification-svc,dispatch_queue_depth,154320.6
2026-07-21T10:39:00Z,platform-api,api_request_p95_ms,96.3
2026-07-21T10:39:00Z,workflow-engine,notification_dispatch_error_ratio,0.7755
2026-07-21T10:39:00Z,workflow-engine,step_retry_count,2.049
2026-07-21T10:40:00Z,notification-svc,container_memory_rss_mb,4189.1
2026-07-21T10:40:00Z,notification-svc,container_restarts,7.0
2026-07-21T10:40:00Z,notification-svc,dispatch_queue_depth,169724.0
2026-07-21T10:40:00Z,platform-api,api_request_p95_ms,92.2
2026-07-21T10:40:00Z,workflow-engine,notification_dispatch_error_ratio,0.911
2026-07-21T10:40:00Z,workflow-engine,step_retry_count,2.0741
2026-07-21T10:41:00Z,notification-svc,container_memory_rss_mb,3940.6
2026-07-21T10:41:00Z,notification-svc,container_restarts,7.0
2026-07-21T10:41:00Z,notification-svc,dispatch_queue_depth,156744.6
2026-07-21T10:41:00Z,platform-api,api_request_p95_ms,91.4
2026-07-21T10:41:00Z,workflow-engine,notification_dispatch_error_ratio,0.8206
2026-07-21T10:41:00Z,workflow-engine,step_retry_count,1.9402
2026-07-21T10:42:00Z,notification-svc,container_memory_rss_mb,4063.5
2026-07-21T10:42:00Z,notification-svc,container_restarts,7.0
2026-07-21T10:42:00Z,notification-svc,dispatch_queue_depth,171684.2
2026-07-21T10:42:00Z,platform-api,api_request_p95_ms,96.7
2026-07-21T10:42:00Z,workflow-engine,notification_dispatch_error_ratio,1.0149
2026-07-21T10:42:00Z,workflow-engine,step_retry_count,1.9635
2026-07-21T10:43:00Z,notification-svc,container_memory_rss_mb,4185.1
2026-07-21T10:43:00Z,notification-svc,container_restarts,7.0
2026-07-21T10:43:00Z,notification-svc,dispatch_queue_depth,169240.3
2026-07-21T10:43:00Z,platform-api,api_request_p95_ms,96.6
2026-07-21T10:43:00Z,workflow-engine,notification_dispatch_error_ratio,1.0752
2026-07-21T10:43:00Z,workflow-engine,step_retry_count,1.9071
2026-07-21T10:44:00Z,notification-svc,container_memory_rss_mb,4183.8
2026-07-21T10:44:00Z,notification-svc,container_restarts,7.0
2026-07-21T10:44:00Z,notification-svc,dispatch_queue_depth,175305.7
2026-07-21T10:44:00Z,platform-api,api_request_p95_ms,95.2
2026-07-21T10:44:00Z,workflow-engine,notification_dispatch_error_ratio,0.8685
2026-07-21T10:44:00Z,workflow-engine,step_retry_count,2.0908
2026-07-21T10:45:00Z,notification-svc,container_memory_rss_mb,3960.2
2026-07-21T10:45:00Z,notification-svc,container_restarts,7.0
2026-07-21T10:45:00Z,notification-svc,dispatch_queue_depth,162543.4
2026-07-21T10:45:00Z,platform-api,api_request_p95_ms,94.4
2026-07-21T10:45:00Z,workflow-engine,notification_dispatch_error_ratio,1.1019
2026-07-21T10:45:00Z,workflow-engine,step_retry_count,2.0789
2026-07-21T10:46:00Z,notification-svc,container_memory_rss_mb,4061.7
2026-07-21T10:46:00Z,notification-svc,container_restarts,7.0
2026-07-21T10:46:00Z,notification-svc,dispatch_queue_depth,176266.7
2026-07-21T10:46:00Z,platform-api,api_request_p95_ms,93.8
2026-07-21T10:46:00Z,workflow-engine,notification_dispatch_error_ratio,1.119
2026-07-21T10:46:00Z,workflow-engine,step_retry_count,1.907
2026-07-21T10:47:00Z,notification-svc,container_memory_rss_mb,3953.2
2026-07-21T10:47:00Z,notification-svc,container_restarts,7.0
2026-07-21T10:47:00Z,notification-svc,dispatch_queue_depth,179748.6
2026-07-21T10:47:00Z,platform-api,api_request_p95_ms,98.7
2026-07-21T10:47:00Z,workflow-engine,notification_dispatch_error_ratio,0.8752
2026-07-21T10:47:00Z,workflow-engine,step_retry_count,2.069
2026-07-21T10:48:00Z,notification-svc,container_memory_rss_mb,4092.5
2026-07-21T10:48:00Z,notification-svc,container_restarts,7.0
2026-07-21T10:48:00Z,notification-svc,dispatch_queue_depth,167140.9
2026-07-21T10:48:00Z,platform-api,api_request_p95_ms,94.1
2026-07-21T10:48:00Z,workflow-engine,notification_dispatch_error_ratio,0.7627
2026-07-21T10:48:00Z,workflow-engine,step_retry_count,2.0725
2026-07-21T10:49:00Z,notification-svc,container_memory_rss_mb,4111.3
2026-07-21T10:49:00Z,notification-svc,container_restarts,7.0
2026-07-21T10:49:00Z,notification-svc,dispatch_queue_depth,173662.1
2026-07-21T10:49:00Z,platform-api,api_request_p95_ms,90.7
2026-07-21T10:49:00Z,workflow-engine,notification_dispatch_error_ratio,0.8518
2026-07-21T10:49:00Z,workflow-engine,step_retry_count,2.0522
2026-07-21T10:50:00Z,notification-svc,container_memory_rss_mb,3943.3
2026-07-21T10:50:00Z,notification-svc,container_restarts,7.0
2026-07-21T10:50:00Z,notification-svc,dispatch_queue_depth,173713.7
2026-07-21T10:50:00Z,platform-api,api_request_p95_ms,94.8
2026-07-21T10:50:00Z,workflow-engine,notification_dispatch_error_ratio,1.1184
2026-07-21T10:50:00Z,workflow-engine,step_retry_count,1.9645
2026-07-21T10:51:00Z,notification-svc,container_memory_rss_mb,3896.5
2026-07-21T10:51:00Z,notification-svc,container_restarts,7.0
2026-07-21T10:51:00Z,notification-svc,dispatch_queue_depth,182165.1
2026-07-21T10:51:00Z,platform-api,api_request_p95_ms,90.7
2026-07-21T10:51:00Z,workflow-engine,notification_dispatch_error_ratio,0.876
2026-07-21T10:51:00Z,workflow-engine,step_retry_count,2.0453
2026-07-21T10:52:00Z,notification-svc,container_memory_rss_mb,4083.4
2026-07-21T10:52:00Z,notification-svc,container_restarts,7.0
2026-07-21T10:52:00Z,notification-svc,dispatch_queue_depth,186781.7
2026-07-21T10:52:00Z,platform-api,api_request_p95_ms,95.5
2026-07-21T10:52:00Z,workflow-engine,notification_dispatch_error_ratio,0.9538
2026-07-21T10:52:00Z,workflow-engine,step_retry_count,2.0783
2026-07-21T10:53:00Z,notification-svc,container_memory_rss_mb,4128.4
2026-07-21T10:53:00Z,notification-svc,container_restarts,7.0
2026-07-21T10:53:00Z,notification-svc,dispatch_queue_depth,176844.6
2026-07-21T10:53:00Z,platform-api,api_request_p95_ms,92.7
2026-07-21T10:53:00Z,workflow-engine,notification_dispatch_error_ratio,0.7762
2026-07-21T10:53:00Z,workflow-engine,step_retry_count,1.9198
2026-07-21T10:54:00Z,notification-svc,container_memory_rss_mb,3998.2
2026-07-21T10:54:00Z,notification-svc,container_restarts,7.0
2026-07-21T10:54:00Z,notification-svc,dispatch_queue_depth,184465.8
2026-07-21T10:54:00Z,platform-api,api_request_p95_ms,92.3
2026-07-21T10:54:00Z,workflow-engine,notification_dispatch_error_ratio,1.0931
2026-07-21T10:54:00Z,workflow-engine,step_retry_count,2.0714
2026-07-21T10:55:00Z,notification-svc,container_memory_rss_mb,4114.3
2026-07-21T10:55:00Z,notification-svc,container_restarts,7.0
2026-07-21T10:55:00Z,notification-svc,dispatch_queue_depth,180913.4
2026-07-21T10:55:00Z,platform-api,api_request_p95_ms,94.1
2026-07-21T10:55:00Z,workflow-engine,notification_dispatch_error_ratio,1.0652
2026-07-21T10:55:00Z,workflow-engine,step_retry_count,1.9721
2026-07-21T10:56:00Z,notification-svc,container_memory_rss_mb,3927.8
2026-07-21T10:56:00Z,notification-svc,container_restarts,7.0
2026-07-21T10:56:00Z,notification-svc,dispatch_queue_depth,183375.8
2026-07-21T10:56:00Z,platform-api,api_request_p95_ms,96.7
2026-07-21T10:56:00Z,workflow-engine,notification_dispatch_error_ratio,1.0074
2026-07-21T10:56:00Z,workflow-engine,step_retry_count,1.9634
2026-07-21T10:57:00Z,notification-svc,container_memory_rss_mb,4113.7
2026-07-21T10:57:00Z,notification-svc,container_restarts,7.0
2026-07-21T10:57:00Z,notification-svc,dispatch_queue_depth,184926.1
2026-07-21T10:57:00Z,platform-api,api_request_p95_ms,98.6
2026-07-21T10:57:00Z,workflow-engine,notification_dispatch_error_ratio,0.9955
2026-07-21T10:57:00Z,workflow-engine,step_retry_count,1.9591
2026-07-21T10:58:00Z,notification-svc,container_memory_rss_mb,3932.6
2026-07-21T10:58:00Z,notification-svc,container_restarts,7.0
2026-07-21T10:58:00Z,notification-svc,dispatch_queue_depth,192736.3
2026-07-21T10:58:00Z,platform-api,api_request_p95_ms,94.3
2026-07-21T10:58:00Z,workflow-engine,notification_dispatch_error_ratio,1.0546
2026-07-21T10:58:00Z,workflow-engine,step_retry_count,2.0925
2026-07-21T10:59:00Z,notification-svc,container_memory_rss_mb,4239.5
2026-07-21T10:59:00Z,notification-svc,container_restarts,7.0
2026-07-21T10:59:00Z,notification-svc,dispatch_queue_depth,190093.3
2026-07-21T10:59:00Z,platform-api,api_request_p95_ms,94.9
2026-07-21T10:59:00Z,workflow-engine,notification_dispatch_error_ratio,0.911
2026-07-21T10:59:00Z,workflow-engine,step_retry_count,2.0144
2026-07-21T11:00:00Z,notification-svc,container_memory_rss_mb,4061.6
2026-07-21T11:00:00Z,notification-svc,container_restarts,7.0
2026-07-21T11:00:00Z,notification-svc,dispatch_queue_depth,195977.1
2026-07-21T11:00:00Z,platform-api,api_request_p95_ms,96.4
2026-07-21T11:00:00Z,workflow-engine,notification_dispatch_error_ratio,0.8082
2026-07-21T11:00:00Z,workflow-engine,step_retry_count,1.9538
