timestamp,service,metric,value
2026-07-24T13:00:00Z,config-svc,config_svc_requests_per_s,38.4
2026-07-24T13:00:00Z,config-svc,rpc_latency_p95_ms,16.3
2026-07-24T13:00:00Z,dashboard-svc,dashboard_data_lag_s,4.5109
2026-07-24T13:00:00Z,dashboard-svc,dashboard_request_p95_ms,135.0
2026-07-24T13:00:00Z,ingest-worker,ingest_queue_depth,19.0
2026-07-24T13:00:00Z,pipeline-transformer,batch_process_p95_ms,181.0
2026-07-24T13:00:00Z,search-svc,index_lag_ms,87.0
2026-07-24T13:01:00Z,config-svc,config_svc_requests_per_s,41.1
2026-07-24T13:01:00Z,config-svc,rpc_latency_p95_ms,15.2
2026-07-24T13:01:00Z,dashboard-svc,dashboard_data_lag_s,5.2973
2026-07-24T13:01:00Z,dashboard-svc,dashboard_request_p95_ms,145.9
2026-07-24T13:01:00Z,ingest-worker,ingest_queue_depth,17.8
2026-07-24T13:01:00Z,pipeline-transformer,batch_process_p95_ms,173.4
2026-07-24T13:01:00Z,search-svc,index_lag_ms,82.6
2026-07-24T13:02:00Z,config-svc,config_svc_requests_per_s,42.5
2026-07-24T13:02:00Z,config-svc,rpc_latency_p95_ms,13.9
2026-07-24T13:02:00Z,dashboard-svc,dashboard_data_lag_s,5.376
2026-07-24T13:02:00Z,dashboard-svc,dashboard_request_p95_ms,146.4
2026-07-24T13:02:00Z,ingest-worker,ingest_queue_depth,18.9
2026-07-24T13:02:00Z,pipeline-transformer,batch_process_p95_ms,172.7
2026-07-24T13:02:00Z,search-svc,index_lag_ms,86.1
2026-07-24T13:03:00Z,config-svc,config_svc_requests_per_s,37.4
2026-07-24T13:03:00Z,config-svc,rpc_latency_p95_ms,15.5
2026-07-24T13:03:00Z,dashboard-svc,dashboard_data_lag_s,5.4495
2026-07-24T13:03:00Z,dashboard-svc,dashboard_request_p95_ms,132.4
2026-07-24T13:03:00Z,ingest-worker,ingest_queue_depth,19.6
2026-07-24T13:03:00Z,pipeline-transformer,batch_process_p95_ms,170.6
2026-07-24T13:03:00Z,search-svc,index_lag_ms,96.2
2026-07-24T13:04:00Z,config-svc,config_svc_requests_per_s,43.8
2026-07-24T13:04:00Z,config-svc,rpc_latency_p95_ms,14.2
2026-07-24T13:04:00Z,dashboard-svc,dashboard_data_lag_s,5.4819
2026-07-24T13:04:00Z,dashboard-svc,dashboard_request_p95_ms,141.3
2026-07-24T13:04:00Z,ingest-worker,ingest_queue_depth,18.8
2026-07-24T13:04:00Z,pipeline-transformer,batch_process_p95_ms,179.9
2026-07-24T13:04:00Z,search-svc,index_lag_ms,79.9
2026-07-24T13:05:00Z,config-svc,config_svc_requests_per_s,39.0
2026-07-24T13:05:00Z,config-svc,rpc_latency_p95_ms,14.1
2026-07-24T13:05:00Z,dashboard-svc,dashboard_data_lag_s,5.2977
2026-07-24T13:05:00Z,dashboard-svc,dashboard_request_p95_ms,134.6
2026-07-24T13:05:00Z,ingest-worker,ingest_queue_depth,19.6
2026-07-24T13:05:00Z,pipeline-transformer,batch_process_p95_ms,188.4
2026-07-24T13:05:00Z,search-svc,index_lag_ms,90.9
2026-07-24T13:06:00Z,config-svc,config_svc_requests_per_s,37.7
2026-07-24T13:06:00Z,config-svc,rpc_latency_p95_ms,15.0
2026-07-24T13:06:00Z,dashboard-svc,dashboard_data_lag_s,4.6678
2026-07-24T13:06:00Z,dashboard-svc,dashboard_request_p95_ms,136.1
2026-07-24T13:06:00Z,ingest-worker,ingest_queue_depth,22.1
2026-07-24T13:06:00Z,pipeline-transformer,batch_process_p95_ms,165.9
2026-07-24T13:06:00Z,search-svc,index_lag_ms,95.5
2026-07-24T13:07:00Z,config-svc,config_svc_requests_per_s,36.9
2026-07-24T13:07:00Z,config-svc,rpc_latency_p95_ms,15.1
2026-07-24T13:07:00Z,dashboard-svc,dashboard_data_lag_s,4.6892
2026-07-24T13:07:00Z,dashboard-svc,dashboard_request_p95_ms,147.3
2026-07-24T13:07:00Z,ingest-worker,ingest_queue_depth,17.9
2026-07-24T13:07:00Z,pipeline-transformer,batch_process_p95_ms,187.1
2026-07-24T13:07:00Z,search-svc,index_lag_ms,91.9
2026-07-24T13:08:00Z,config-svc,config_svc_requests_per_s,41.1
2026-07-24T13:08:00Z,config-svc,rpc_latency_p95_ms,14.4
2026-07-24T13:08:00Z,dashboard-svc,dashboard_data_lag_s,4.6419
2026-07-24T13:08:00Z,dashboard-svc,dashboard_request_p95_ms,146.8
2026-07-24T13:08:00Z,ingest-worker,ingest_queue_depth,22.1
2026-07-24T13:08:00Z,pipeline-transformer,batch_process_p95_ms,181.2
2026-07-24T13:08:00Z,search-svc,index_lag_ms,86.3
2026-07-24T13:09:00Z,config-svc,config_svc_requests_per_s,41.1
2026-07-24T13:09:00Z,config-svc,rpc_latency_p95_ms,16.1
2026-07-24T13:09:00Z,dashboard-svc,dashboard_data_lag_s,4.9389
2026-07-24T13:09:00Z,dashboard-svc,dashboard_request_p95_ms,142.7
2026-07-24T13:09:00Z,ingest-worker,ingest_queue_depth,22.5
2026-07-24T13:09:00Z,pipeline-transformer,batch_process_p95_ms,193.5
2026-07-24T13:09:00Z,search-svc,index_lag_ms,92.4
2026-07-24T13:10:00Z,config-svc,config_svc_requests_per_s,42.0
2026-07-24T13:10:00Z,config-svc,rpc_latency_p95_ms,15.4
2026-07-24T13:10:00Z,dashboard-svc,dashboard_data_lag_s,4.7237
2026-07-24T13:10:00Z,dashboard-svc,dashboard_request_p95_ms,149.1
2026-07-24T13:10:00Z,ingest-worker,ingest_queue_depth,20.5
2026-07-24T13:10:00Z,pipeline-transformer,batch_process_p95_ms,167.6
2026-07-24T13:10:00Z,search-svc,index_lag_ms,80.7
2026-07-24T13:11:00Z,config-svc,config_svc_requests_per_s,36.1
2026-07-24T13:11:00Z,config-svc,rpc_latency_p95_ms,15.3
2026-07-24T13:11:00Z,dashboard-svc,dashboard_data_lag_s,4.7734
2026-07-24T13:11:00Z,dashboard-svc,dashboard_request_p95_ms,133.6
2026-07-24T13:11:00Z,ingest-worker,ingest_queue_depth,19.1
2026-07-24T13:11:00Z,pipeline-transformer,batch_process_p95_ms,194.1
2026-07-24T13:11:00Z,search-svc,index_lag_ms,81.4
2026-07-24T13:12:00Z,config-svc,config_svc_requests_per_s,38.0
2026-07-24T13:12:00Z,config-svc,rpc_latency_p95_ms,15.5
2026-07-24T13:12:00Z,dashboard-svc,dashboard_data_lag_s,5.166
2026-07-24T13:12:00Z,dashboard-svc,dashboard_request_p95_ms,142.9
2026-07-24T13:12:00Z,ingest-worker,ingest_queue_depth,18.5
2026-07-24T13:12:00Z,pipeline-transformer,batch_process_p95_ms,191.6
2026-07-24T13:12:00Z,search-svc,index_lag_ms,90.9
2026-07-24T13:13:00Z,config-svc,config_svc_requests_per_s,36.2
2026-07-24T13:13:00Z,config-svc,rpc_latency_p95_ms,13.5
2026-07-24T13:13:00Z,dashboard-svc,dashboard_data_lag_s,5.017
2026-07-24T13:13:00Z,dashboard-svc,dashboard_request_p95_ms,134.0
2026-07-24T13:13:00Z,ingest-worker,ingest_queue_depth,20.8
2026-07-24T13:13:00Z,pipeline-transformer,batch_process_p95_ms,167.6
2026-07-24T13:13:00Z,search-svc,index_lag_ms,92.5
2026-07-24T13:14:00Z,config-svc,config_svc_requests_per_s,38.3
2026-07-24T13:14:00Z,config-svc,rpc_latency_p95_ms,13.8
2026-07-24T13:14:00Z,dashboard-svc,dashboard_data_lag_s,4.8939
2026-07-24T13:14:00Z,dashboard-svc,dashboard_request_p95_ms,147.6
2026-07-24T13:14:00Z,ingest-worker,ingest_queue_depth,17.3
2026-07-24T13:14:00Z,pipeline-transformer,batch_process_p95_ms,192.5
2026-07-24T13:14:00Z,search-svc,index_lag_ms,81.3
2026-07-24T13:15:00Z,config-svc,config_svc_requests_per_s,37.1
2026-07-24T13:15:00Z,config-svc,rpc_latency_p95_ms,14.1
2026-07-24T13:15:00Z,dashboard-svc,dashboard_data_lag_s,5.3
2026-07-24T13:15:00Z,dashboard-svc,dashboard_request_p95_ms,136.3
2026-07-24T13:15:00Z,ingest-worker,ingest_queue_depth,21.7
2026-07-24T13:15:00Z,pipeline-transformer,batch_process_p95_ms,175.8
2026-07-24T13:15:00Z,search-svc,index_lag_ms,99.1
2026-07-24T13:16:00Z,config-svc,config_svc_requests_per_s,40.0
2026-07-24T13:16:00Z,config-svc,rpc_latency_p95_ms,14.0
2026-07-24T13:16:00Z,dashboard-svc,dashboard_data_lag_s,5.4907
2026-07-24T13:16:00Z,dashboard-svc,dashboard_request_p95_ms,143.7
2026-07-24T13:16:00Z,ingest-worker,ingest_queue_depth,21.7
2026-07-24T13:16:00Z,pipeline-transformer,batch_process_p95_ms,165.8
2026-07-24T13:16:00Z,search-svc,index_lag_ms,89.9
2026-07-24T13:17:00Z,config-svc,config_svc_requests_per_s,39.7
2026-07-24T13:17:00Z,config-svc,rpc_latency_p95_ms,16.2
2026-07-24T13:17:00Z,dashboard-svc,dashboard_data_lag_s,5.0171
2026-07-24T13:17:00Z,dashboard-svc,dashboard_request_p95_ms,147.1
2026-07-24T13:17:00Z,ingest-worker,ingest_queue_depth,22.9
2026-07-24T13:17:00Z,pipeline-transformer,batch_process_p95_ms,176.8
2026-07-24T13:17:00Z,search-svc,index_lag_ms,98.1
2026-07-24T13:18:00Z,config-svc,config_svc_requests_per_s,42.5
2026-07-24T13:18:00Z,config-svc,rpc_latency_p95_ms,14.6
2026-07-24T13:18:00Z,dashboard-svc,dashboard_data_lag_s,4.6286
2026-07-24T13:18:00Z,dashboard-svc,dashboard_request_p95_ms,132.8
2026-07-24T13:18:00Z,ingest-worker,ingest_queue_depth,21.0
2026-07-24T13:18:00Z,pipeline-transformer,batch_process_p95_ms,190.1
2026-07-24T13:18:00Z,search-svc,index_lag_ms,83.4
2026-07-24T13:19:00Z,config-svc,config_svc_requests_per_s,40.9
2026-07-24T13:19:00Z,config-svc,rpc_latency_p95_ms,14.8
2026-07-24T13:19:00Z,dashboard-svc,dashboard_data_lag_s,4.8136
2026-07-24T13:19:00Z,dashboard-svc,dashboard_request_p95_ms,140.4
2026-07-24T13:19:00Z,ingest-worker,ingest_queue_depth,17.8
2026-07-24T13:19:00Z,pipeline-transformer,batch_process_p95_ms,167.9
2026-07-24T13:19:00Z,search-svc,index_lag_ms,83.2
2026-07-24T13:20:00Z,config-svc,config_svc_requests_per_s,38.4
2026-07-24T13:20:00Z,config-svc,rpc_latency_p95_ms,13.7
2026-07-24T13:20:00Z,dashboard-svc,dashboard_data_lag_s,4.5891
2026-07-24T13:20:00Z,dashboard-svc,dashboard_request_p95_ms,137.2
2026-07-24T13:20:00Z,ingest-worker,ingest_queue_depth,20.7
2026-07-24T13:20:00Z,pipeline-transformer,batch_process_p95_ms,186.9
2026-07-24T13:20:00Z,search-svc,index_lag_ms,85.8
2026-07-24T13:21:00Z,config-svc,config_svc_requests_per_s,42.6
2026-07-24T13:21:00Z,config-svc,rpc_latency_p95_ms,15.6
2026-07-24T13:21:00Z,dashboard-svc,dashboard_data_lag_s,4.6841
2026-07-24T13:21:00Z,dashboard-svc,dashboard_request_p95_ms,142.6
2026-07-24T13:21:00Z,ingest-worker,ingest_queue_depth,20.8
2026-07-24T13:21:00Z,pipeline-transformer,batch_process_p95_ms,183.9
2026-07-24T13:21:00Z,search-svc,index_lag_ms,108.9
2026-07-24T13:22:00Z,config-svc,config_svc_requests_per_s,42.0
2026-07-24T13:22:00Z,config-svc,rpc_latency_p95_ms,14.4
2026-07-24T13:22:00Z,dashboard-svc,dashboard_data_lag_s,4.8856
2026-07-24T13:22:00Z,dashboard-svc,dashboard_request_p95_ms,139.2
2026-07-24T13:22:00Z,ingest-worker,ingest_queue_depth,19.3
2026-07-24T13:22:00Z,pipeline-transformer,batch_process_p95_ms,176.0
2026-07-24T13:22:00Z,search-svc,index_lag_ms,124.3
2026-07-24T13:23:00Z,config-svc,config_svc_requests_per_s,42.6
2026-07-24T13:23:00Z,config-svc,rpc_latency_p95_ms,15.9
2026-07-24T13:23:00Z,dashboard-svc,dashboard_data_lag_s,5.3736
2026-07-24T13:23:00Z,dashboard-svc,dashboard_request_p95_ms,132.1
2026-07-24T13:23:00Z,ingest-worker,ingest_queue_depth,19.5
2026-07-24T13:23:00Z,pipeline-transformer,batch_process_p95_ms,170.5
2026-07-24T13:23:00Z,search-svc,index_lag_ms,169.5
2026-07-24T13:24:00Z,config-svc,config_svc_requests_per_s,42.6
2026-07-24T13:24:00Z,config-svc,rpc_latency_p95_ms,15.3
2026-07-24T13:24:00Z,dashboard-svc,dashboard_data_lag_s,4.5655
2026-07-24T13:24:00Z,dashboard-svc,dashboard_request_p95_ms,147.8
2026-07-24T13:24:00Z,ingest-worker,ingest_queue_depth,17.1
2026-07-24T13:24:00Z,pipeline-transformer,batch_process_p95_ms,167.5
2026-07-24T13:24:00Z,search-svc,index_lag_ms,207.4
2026-07-24T13:25:00Z,config-svc,config_svc_requests_per_s,36.7
2026-07-24T13:25:00Z,config-svc,rpc_latency_p95_ms,14.9
2026-07-24T13:25:00Z,dashboard-svc,dashboard_data_lag_s,5.0858
2026-07-24T13:25:00Z,dashboard-svc,dashboard_request_p95_ms,137.2
2026-07-24T13:25:00Z,ingest-worker,ingest_queue_depth,21.4
2026-07-24T13:25:00Z,pipeline-transformer,batch_process_p95_ms,169.0
2026-07-24T13:25:00Z,search-svc,index_lag_ms,230.8
2026-07-24T13:26:00Z,config-svc,config_svc_requests_per_s,40.0
2026-07-24T13:26:00Z,config-svc,rpc_latency_p95_ms,15.5
2026-07-24T13:26:00Z,dashboard-svc,dashboard_data_lag_s,4.6655
2026-07-24T13:26:00Z,dashboard-svc,dashboard_request_p95_ms,136.3
2026-07-24T13:26:00Z,ingest-worker,ingest_queue_depth,17.3
2026-07-24T13:26:00Z,pipeline-transformer,batch_process_p95_ms,171.0
2026-07-24T13:26:00Z,search-svc,index_lag_ms,217.3
2026-07-24T13:27:00Z,config-svc,config_svc_requests_per_s,36.3
2026-07-24T13:27:00Z,config-svc,rpc_latency_p95_ms,14.6
2026-07-24T13:27:00Z,dashboard-svc,dashboard_data_lag_s,5.4712
2026-07-24T13:27:00Z,dashboard-svc,dashboard_request_p95_ms,138.7
2026-07-24T13:27:00Z,ingest-worker,ingest_queue_depth,17.8
2026-07-24T13:27:00Z,pipeline-transformer,batch_process_p95_ms,169.9
2026-07-24T13:27:00Z,search-svc,index_lag_ms,274.8
2026-07-24T13:28:00Z,config-svc,config_svc_requests_per_s,41.7
2026-07-24T13:28:00Z,config-svc,rpc_latency_p95_ms,14.4
2026-07-24T13:28:00Z,dashboard-svc,dashboard_data_lag_s,5.2155
2026-07-24T13:28:00Z,dashboard-svc,dashboard_request_p95_ms,144.9
2026-07-24T13:28:00Z,ingest-worker,ingest_queue_depth,17.8
2026-07-24T13:28:00Z,pipeline-transformer,batch_process_p95_ms,181.4
2026-07-24T13:28:00Z,search-svc,index_lag_ms,268.2
2026-07-24T13:29:00Z,config-svc,config_svc_requests_per_s,38.2
2026-07-24T13:29:00Z,config-svc,rpc_latency_p95_ms,13.8
2026-07-24T13:29:00Z,dashboard-svc,dashboard_data_lag_s,5.2228
2026-07-24T13:29:00Z,dashboard-svc,dashboard_request_p95_ms,148.7
2026-07-24T13:29:00Z,ingest-worker,ingest_queue_depth,17.8
2026-07-24T13:29:00Z,pipeline-transformer,batch_process_p95_ms,172.7
2026-07-24T13:29:00Z,search-svc,index_lag_ms,325.5
2026-07-24T13:30:00Z,config-svc,config_svc_requests_per_s,41.9
2026-07-24T13:30:00Z,config-svc,rpc_latency_p95_ms,15.7
2026-07-24T13:30:00Z,dashboard-svc,dashboard_data_lag_s,4.8746
2026-07-24T13:30:00Z,dashboard-svc,dashboard_request_p95_ms,146.0
2026-07-24T13:30:00Z,ingest-worker,ingest_queue_depth,20.9
2026-07-24T13:30:00Z,pipeline-transformer,batch_process_p95_ms,182.9
2026-07-24T13:30:00Z,search-svc,index_lag_ms,329.5
2026-07-24T13:31:00Z,config-svc,config_svc_requests_per_s,36.9
2026-07-24T13:31:00Z,config-svc,rpc_latency_p95_ms,16.5
2026-07-24T13:31:00Z,dashboard-svc,dashboard_data_lag_s,5.2066
2026-07-24T13:31:00Z,dashboard-svc,dashboard_request_p95_ms,138.8
2026-07-24T13:31:00Z,ingest-worker,ingest_queue_depth,19.6
2026-07-24T13:31:00Z,pipeline-transformer,batch_process_p95_ms,167.2
2026-07-24T13:31:00Z,search-svc,index_lag_ms,356.4
2026-07-24T13:32:00Z,config-svc,config_svc_requests_per_s,36.3
2026-07-24T13:32:00Z,config-svc,rpc_latency_p95_ms,15.2
2026-07-24T13:32:00Z,dashboard-svc,dashboard_data_lag_s,4.6453
2026-07-24T13:32:00Z,dashboard-svc,dashboard_request_p95_ms,147.2
2026-07-24T13:32:00Z,ingest-worker,ingest_queue_depth,20.4
2026-07-24T13:32:00Z,pipeline-transformer,batch_process_p95_ms,189.5
2026-07-24T13:32:00Z,search-svc,index_lag_ms,416.6
2026-07-24T13:33:00Z,config-svc,config_svc_requests_per_s,43.7
2026-07-24T13:33:00Z,config-svc,rpc_latency_p95_ms,15.4
2026-07-24T13:33:00Z,dashboard-svc,dashboard_data_lag_s,5.3491
2026-07-24T13:33:00Z,dashboard-svc,dashboard_request_p95_ms,142.6
2026-07-24T13:33:00Z,ingest-worker,ingest_queue_depth,18.1
2026-07-24T13:33:00Z,pipeline-transformer,batch_process_p95_ms,191.4
2026-07-24T13:33:00Z,search-svc,index_lag_ms,380.6
2026-07-24T13:34:00Z,config-svc,config_svc_requests_per_s,43.4
2026-07-24T13:34:00Z,config-svc,rpc_latency_p95_ms,15.3
2026-07-24T13:34:00Z,dashboard-svc,dashboard_data_lag_s,4.9166
2026-07-24T13:34:00Z,dashboard-svc,dashboard_request_p95_ms,132.0
2026-07-24T13:34:00Z,ingest-worker,ingest_queue_depth,18.6
2026-07-24T13:34:00Z,pipeline-transformer,batch_process_p95_ms,178.5
2026-07-24T13:34:00Z,search-svc,index_lag_ms,432.9
2026-07-24T13:35:00Z,config-svc,config_svc_requests_per_s,39.4
2026-07-24T13:35:00Z,config-svc,rpc_latency_p95_ms,14.7
2026-07-24T13:35:00Z,dashboard-svc,dashboard_data_lag_s,4.566
2026-07-24T13:35:00Z,dashboard-svc,dashboard_request_p95_ms,138.0
2026-07-24T13:35:00Z,ingest-worker,ingest_queue_depth,18.3
2026-07-24T13:35:00Z,pipeline-transformer,batch_process_p95_ms,191.3
2026-07-24T13:35:00Z,search-svc,index_lag_ms,450.1
2026-07-24T13:36:00Z,config-svc,config_svc_requests_per_s,37.1
2026-07-24T13:36:00Z,config-svc,rpc_latency_p95_ms,14.7
2026-07-24T13:36:00Z,dashboard-svc,dashboard_data_lag_s,4.8892
2026-07-24T13:36:00Z,dashboard-svc,dashboard_request_p95_ms,138.5
2026-07-24T13:36:00Z,ingest-worker,ingest_queue_depth,18.8
2026-07-24T13:36:00Z,pipeline-transformer,batch_process_p95_ms,176.3
2026-07-24T13:36:00Z,search-svc,index_lag_ms,468.5
2026-07-24T13:37:00Z,config-svc,config_svc_requests_per_s,36.2
2026-07-24T13:37:00Z,config-svc,rpc_latency_p95_ms,16.2
2026-07-24T13:37:00Z,dashboard-svc,dashboard_data_lag_s,4.585
2026-07-24T13:37:00Z,dashboard-svc,dashboard_request_p95_ms,149.8
2026-07-24T13:37:00Z,ingest-worker,ingest_queue_depth,19.0
2026-07-24T13:37:00Z,pipeline-transformer,batch_process_p95_ms,167.3
2026-07-24T13:37:00Z,search-svc,index_lag_ms,403.6
2026-07-24T13:38:00Z,config-svc,config_svc_requests_per_s,43.7
2026-07-24T13:38:00Z,config-svc,rpc_latency_p95_ms,14.7
2026-07-24T13:38:00Z,dashboard-svc,dashboard_data_lag_s,5.2636
2026-07-24T13:38:00Z,dashboard-svc,dashboard_request_p95_ms,140.2
2026-07-24T13:38:00Z,ingest-worker,ingest_queue_depth,20.7
2026-07-24T13:38:00Z,pipeline-transformer,batch_process_p95_ms,167.3
2026-07-24T13:38:00Z,search-svc,index_lag_ms,406.7
2026-07-24T13:39:00Z,config-svc,config_svc_requests_per_s,41.5
2026-07-24T13:39:00Z,config-svc,rpc_latency_p95_ms,15.5
2026-07-24T13:39:00Z,dashboard-svc,dashboard_data_lag_s,5.4308
2026-07-24T13:39:00Z,dashboard-svc,dashboard_request_p95_ms,130.2
2026-07-24T13:39:00Z,ingest-worker,ingest_queue_depth,21.5
2026-07-24T13:39:00Z,pipeline-transformer,batch_process_p95_ms,181.6
2026-07-24T13:39:00Z,search-svc,index_lag_ms,311.5
2026-07-24T13:40:00Z,config-svc,config_svc_requests_per_s,40.2
2026-07-24T13:40:00Z,config-svc,rpc_latency_p95_ms,14.9
2026-07-24T13:40:00Z,dashboard-svc,dashboard_data_lag_s,5.4074
2026-07-24T13:40:00Z,dashboard-svc,dashboard_request_p95_ms,140.3
2026-07-24T13:40:00Z,ingest-worker,ingest_queue_depth,22.0
2026-07-24T13:40:00Z,pipeline-transformer,batch_process_p95_ms,191.5
2026-07-24T13:40:00Z,search-svc,index_lag_ms,300.1
2026-07-24T13:41:00Z,config-svc,config_svc_requests_per_s,36.8
2026-07-24T13:41:00Z,config-svc,rpc_latency_p95_ms,13.6
2026-07-24T13:41:00Z,dashboard-svc,dashboard_data_lag_s,4.7808
2026-07-24T13:41:00Z,dashboard-svc,dashboard_request_p95_ms,136.0
2026-07-24T13:41:00Z,ingest-worker,ingest_queue_depth,20.9
2026-07-24T13:41:00Z,pipeline-transformer,batch_process_p95_ms,179.1
2026-07-24T13:41:00Z,search-svc,index_lag_ms,340.8
2026-07-24T13:42:00Z,config-svc,config_svc_requests_per_s,36.5
2026-07-24T13:42:00Z,config-svc,rpc_latency_p95_ms,16.1
2026-07-24T13:42:00Z,dashboard-svc,dashboard_data_lag_s,5.3147
2026-07-24T13:42:00Z,dashboard-svc,dashboard_request_p95_ms,149.1
2026-07-24T13:42:00Z,ingest-worker,ingest_queue_depth,20.0
2026-07-24T13:42:00Z,pipeline-transformer,batch_process_p95_ms,176.5
2026-07-24T13:42:00Z,search-svc,index_lag_ms,249.4
2026-07-24T13:43:00Z,config-svc,config_svc_requests_per_s,39.9
2026-07-24T13:43:00Z,config-svc,rpc_latency_p95_ms,14.3
2026-07-24T13:43:00Z,dashboard-svc,dashboard_data_lag_s,4.7484
2026-07-24T13:43:00Z,dashboard-svc,dashboard_request_p95_ms,145.8
2026-07-24T13:43:00Z,ingest-worker,ingest_queue_depth,18.3
2026-07-24T13:43:00Z,pipeline-transformer,batch_process_p95_ms,173.4
2026-07-24T13:43:00Z,search-svc,index_lag_ms,244.9
2026-07-24T13:44:00Z,config-svc,config_svc_requests_per_s,38.1
2026-07-24T13:44:00Z,config-svc,rpc_latency_p95_ms,14.9
2026-07-24T13:44:00Z,dashboard-svc,dashboard_data_lag_s,5.4715
2026-07-24T13:44:00Z,dashboard-svc,dashboard_request_p95_ms,144.6
2026-07-24T13:44:00Z,ingest-worker,ingest_queue_depth,20.7
2026-07-24T13:44:00Z,pipeline-transformer,batch_process_p95_ms,186.5
2026-07-24T13:44:00Z,search-svc,index_lag_ms,217.6
2026-07-24T13:45:00Z,config-svc,config_svc_requests_per_s,38.3
2026-07-24T13:45:00Z,config-svc,rpc_latency_p95_ms,16.4
2026-07-24T13:45:00Z,dashboard-svc,dashboard_data_lag_s,5.4419
2026-07-24T13:45:00Z,dashboard-svc,dashboard_request_p95_ms,142.7
2026-07-24T13:45:00Z,ingest-worker,ingest_queue_depth,17.0
2026-07-24T13:45:00Z,pipeline-transformer,batch_process_p95_ms,169.4
2026-07-24T13:45:00Z,search-svc,index_lag_ms,212.0
2026-07-24T13:46:00Z,config-svc,config_svc_requests_per_s,39.0
2026-07-24T13:46:00Z,config-svc,rpc_latency_p95_ms,15.9
2026-07-24T13:46:00Z,dashboard-svc,dashboard_data_lag_s,4.9014
2026-07-24T13:46:00Z,dashboard-svc,dashboard_request_p95_ms,142.7
2026-07-24T13:46:00Z,ingest-worker,ingest_queue_depth,19.6
2026-07-24T13:46:00Z,pipeline-transformer,batch_process_p95_ms,179.9
2026-07-24T13:46:00Z,search-svc,index_lag_ms,200.2
2026-07-24T13:47:00Z,config-svc,config_svc_requests_per_s,38.4
2026-07-24T13:47:00Z,config-svc,rpc_latency_p95_ms,14.2
2026-07-24T13:47:00Z,dashboard-svc,dashboard_data_lag_s,4.7829
2026-07-24T13:47:00Z,dashboard-svc,dashboard_request_p95_ms,131.6
2026-07-24T13:47:00Z,ingest-worker,ingest_queue_depth,22.1
2026-07-24T13:47:00Z,pipeline-transformer,batch_process_p95_ms,179.8
2026-07-24T13:47:00Z,search-svc,index_lag_ms,169.7
2026-07-24T13:48:00Z,config-svc,config_svc_requests_per_s,43.0
2026-07-24T13:48:00Z,config-svc,rpc_latency_p95_ms,13.8
2026-07-24T13:48:00Z,dashboard-svc,dashboard_data_lag_s,5.0971
2026-07-24T13:48:00Z,dashboard-svc,dashboard_request_p95_ms,143.4
2026-07-24T13:48:00Z,ingest-worker,ingest_queue_depth,19.8
2026-07-24T13:48:00Z,pipeline-transformer,batch_process_p95_ms,171.0
2026-07-24T13:48:00Z,search-svc,index_lag_ms,136.0
2026-07-24T13:49:00Z,config-svc,config_svc_requests_per_s,37.5
2026-07-24T13:49:00Z,config-svc,rpc_latency_p95_ms,13.7
2026-07-24T13:49:00Z,dashboard-svc,dashboard_data_lag_s,4.5622
2026-07-24T13:49:00Z,dashboard-svc,dashboard_request_p95_ms,133.1
2026-07-24T13:49:00Z,ingest-worker,ingest_queue_depth,19.2
2026-07-24T13:49:00Z,pipeline-transformer,batch_process_p95_ms,168.1
2026-07-24T13:49:00Z,search-svc,index_lag_ms,104.3
2026-07-24T13:50:00Z,config-svc,config_svc_requests_per_s,41.5
2026-07-24T13:50:00Z,config-svc,rpc_latency_p95_ms,15.6
2026-07-24T13:50:00Z,dashboard-svc,dashboard_data_lag_s,5.0815
2026-07-24T13:50:00Z,dashboard-svc,dashboard_request_p95_ms,148.1
2026-07-24T13:50:00Z,ingest-worker,ingest_queue_depth,17.5
2026-07-24T13:50:00Z,pipeline-transformer,batch_process_p95_ms,166.1
2026-07-24T13:50:00Z,search-svc,index_lag_ms,88.5
2026-07-24T13:51:00Z,config-svc,config_svc_requests_per_s,39.3
2026-07-24T13:51:00Z,config-svc,rpc_latency_p95_ms,14.0
2026-07-24T13:51:00Z,dashboard-svc,dashboard_data_lag_s,4.614
2026-07-24T13:51:00Z,dashboard-svc,dashboard_request_p95_ms,139.5
2026-07-24T13:51:00Z,ingest-worker,ingest_queue_depth,18.6
2026-07-24T13:51:00Z,pipeline-transformer,batch_process_p95_ms,178.9
2026-07-24T13:51:00Z,search-svc,index_lag_ms,84.4
2026-07-24T13:52:00Z,config-svc,config_svc_requests_per_s,40.7
2026-07-24T13:52:00Z,config-svc,rpc_latency_p95_ms,14.0
2026-07-24T13:52:00Z,dashboard-svc,dashboard_data_lag_s,5.0392
2026-07-24T13:52:00Z,dashboard-svc,dashboard_request_p95_ms,139.4
2026-07-24T13:52:00Z,ingest-worker,ingest_queue_depth,23.0
2026-07-24T13:52:00Z,pipeline-transformer,batch_process_p95_ms,186.3
2026-07-24T13:52:00Z,search-svc,index_lag_ms,87.3
2026-07-24T13:53:00Z,config-svc,config_svc_requests_per_s,42.1
2026-07-24T13:53:00Z,config-svc,rpc_latency_p95_ms,15.5
2026-07-24T13:53:00Z,dashboard-svc,dashboard_data_lag_s,4.5894
2026-07-24T13:53:00Z,dashboard-svc,dashboard_request_p95_ms,142.0
2026-07-24T13:53:00Z,ingest-worker,ingest_queue_depth,22.5
2026-07-24T13:53:00Z,pipeline-transformer,batch_process_p95_ms,192.6
2026-07-24T13:53:00Z,search-svc,index_lag_ms,87.3
2026-07-24T13:54:00Z,config-svc,config_svc_requests_per_s,42.1
2026-07-24T13:54:00Z,config-svc,rpc_latency_p95_ms,16.1
2026-07-24T13:54:00Z,dashboard-svc,dashboard_data_lag_s,4.5087
2026-07-24T13:54:00Z,dashboard-svc,dashboard_request_p95_ms,149.4
2026-07-24T13:54:00Z,ingest-worker,ingest_queue_depth,17.1
2026-07-24T13:54:00Z,pipeline-transformer,batch_process_p95_ms,190.3
2026-07-24T13:54:00Z,search-svc,index_lag_ms,98.7
2026-07-24T13:55:00Z,config-svc,config_svc_requests_per_s,40.5
2026-07-24T13:55:00Z,config-svc,rpc_latency_p95_ms,15.6
2026-07-24T13:55:00Z,dashboard-svc,dashboard_data_lag_s,5.1101
2026-07-24T13:55:00Z,dashboard-svc,dashboard_request_p95_ms,140.1
2026-07-24T13:55:00Z,ingest-worker,ingest_queue_depth,19.3
2026-07-24T13:55:00Z,pipeline-transformer,batch_process_p95_ms,174.5
2026-07-24T13:55:00Z,search-svc,index_lag_ms,82.7
2026-07-24T13:56:00Z,config-svc,config_svc_requests_per_s,39.5
2026-07-24T13:56:00Z,config-svc,rpc_latency_p95_ms,13.6
2026-07-24T13:56:00Z,dashboard-svc,dashboard_data_lag_s,5.0059
2026-07-24T13:56:00Z,dashboard-svc,dashboard_request_p95_ms,132.6
2026-07-24T13:56:00Z,ingest-worker,ingest_queue_depth,20.6
2026-07-24T13:56:00Z,pipeline-transformer,batch_process_p95_ms,178.4
2026-07-24T13:56:00Z,search-svc,index_lag_ms,87.1
2026-07-24T13:57:00Z,config-svc,config_svc_requests_per_s,41.5
2026-07-24T13:57:00Z,config-svc,rpc_latency_p95_ms,14.3
2026-07-24T13:57:00Z,dashboard-svc,dashboard_data_lag_s,4.8067
2026-07-24T13:57:00Z,dashboard-svc,dashboard_request_p95_ms,135.8
2026-07-24T13:57:00Z,ingest-worker,ingest_queue_depth,22.8
2026-07-24T13:57:00Z,pipeline-transformer,batch_process_p95_ms,170.6
2026-07-24T13:57:00Z,search-svc,index_lag_ms,93.3
2026-07-24T13:58:00Z,config-svc,config_svc_requests_per_s,38.8
2026-07-24T13:58:00Z,config-svc,rpc_latency_p95_ms,14.4
2026-07-24T13:58:00Z,dashboard-svc,dashboard_data_lag_s,4.5063
2026-07-24T13:58:00Z,dashboard-svc,dashboard_request_p95_ms,141.2
2026-07-24T13:58:00Z,ingest-worker,ingest_queue_depth,18.8
2026-07-24T13:58:00Z,pipeline-transformer,batch_process_p95_ms,185.5
2026-07-24T13:58:00Z,search-svc,index_lag_ms,86.8
2026-07-24T13:59:00Z,config-svc,config_svc_requests_per_s,36.2
2026-07-24T13:59:00Z,config-svc,rpc_latency_p95_ms,13.8
2026-07-24T13:59:00Z,dashboard-svc,dashboard_data_lag_s,4.8459
2026-07-24T13:59:00Z,dashboard-svc,dashboard_request_p95_ms,148.8
2026-07-24T13:59:00Z,ingest-worker,ingest_queue_depth,18.6
2026-07-24T13:59:00Z,pipeline-transformer,batch_process_p95_ms,180.7
2026-07-24T13:59:00Z,search-svc,index_lag_ms,80.0
2026-07-24T14:00:00Z,config-svc,config_svc_requests_per_s,40.7
2026-07-24T14:00:00Z,config-svc,rpc_latency_p95_ms,16.4
2026-07-24T14:00:00Z,dashboard-svc,dashboard_data_lag_s,5.0332
2026-07-24T14:00:00Z,dashboard-svc,dashboard_request_p95_ms,146.7
2026-07-24T14:00:00Z,ingest-worker,ingest_queue_depth,18.6
2026-07-24T14:00:00Z,pipeline-transformer,batch_process_p95_ms,168.2
2026-07-24T14:00:00Z,search-svc,index_lag_ms,82.6
2026-07-24T14:01:00Z,config-svc,config_svc_requests_per_s,42.5
2026-07-24T14:01:00Z,config-svc,rpc_latency_p95_ms,16.1
2026-07-24T14:01:00Z,dashboard-svc,dashboard_data_lag_s,5.4852
2026-07-24T14:01:00Z,dashboard-svc,dashboard_request_p95_ms,144.0
2026-07-24T14:01:00Z,ingest-worker,ingest_queue_depth,22.4
2026-07-24T14:01:00Z,pipeline-transformer,batch_process_p95_ms,182.2
2026-07-24T14:01:00Z,search-svc,index_lag_ms,100.6
2026-07-24T14:02:00Z,config-svc,config_svc_requests_per_s,38.6
2026-07-24T14:02:00Z,config-svc,rpc_latency_p95_ms,14.1
2026-07-24T14:02:00Z,dashboard-svc,dashboard_data_lag_s,5.1288
2026-07-24T14:02:00Z,dashboard-svc,dashboard_request_p95_ms,131.9
2026-07-24T14:02:00Z,ingest-worker,ingest_queue_depth,21.6
2026-07-24T14:02:00Z,pipeline-transformer,batch_process_p95_ms,188.8
2026-07-24T14:02:00Z,search-svc,index_lag_ms,85.1
2026-07-24T14:03:00Z,config-svc,config_svc_requests_per_s,42.4
2026-07-24T14:03:00Z,config-svc,rpc_latency_p95_ms,14.8
2026-07-24T14:03:00Z,dashboard-svc,dashboard_data_lag_s,4.7244
2026-07-24T14:03:00Z,dashboard-svc,dashboard_request_p95_ms,149.4
2026-07-24T14:03:00Z,ingest-worker,ingest_queue_depth,21.1
2026-07-24T14:03:00Z,pipeline-transformer,batch_process_p95_ms,171.7
2026-07-24T14:03:00Z,search-svc,index_lag_ms,89.5
2026-07-24T14:04:00Z,config-svc,config_svc_requests_per_s,36.5
2026-07-24T14:04:00Z,config-svc,rpc_latency_p95_ms,15.0
2026-07-24T14:04:00Z,dashboard-svc,dashboard_data_lag_s,4.6668
2026-07-24T14:04:00Z,dashboard-svc,dashboard_request_p95_ms,135.0
2026-07-24T14:04:00Z,ingest-worker,ingest_queue_depth,19.2
2026-07-24T14:04:00Z,pipeline-transformer,batch_process_p95_ms,170.3
2026-07-24T14:04:00Z,search-svc,index_lag_ms,97.8
2026-07-24T14:05:00Z,config-svc,config_svc_requests_per_s,41.2
2026-07-24T14:05:00Z,config-svc,rpc_latency_p95_ms,16.3
2026-07-24T14:05:00Z,dashboard-svc,dashboard_data_lag_s,4.7291
2026-07-24T14:05:00Z,dashboard-svc,dashboard_request_p95_ms,145.1
2026-07-24T14:05:00Z,ingest-worker,ingest_queue_depth,18.8
2026-07-24T14:05:00Z,pipeline-transformer,batch_process_p95_ms,185.6
2026-07-24T14:05:00Z,search-svc,index_lag_ms,94.8
2026-07-24T14:06:00Z,config-svc,config_svc_requests_per_s,42.1
2026-07-24T14:06:00Z,config-svc,rpc_latency_p95_ms,14.6
2026-07-24T14:06:00Z,dashboard-svc,dashboard_data_lag_s,5.1351
2026-07-24T14:06:00Z,dashboard-svc,dashboard_request_p95_ms,146.6
2026-07-24T14:06:00Z,ingest-worker,ingest_queue_depth,17.4
2026-07-24T14:06:00Z,pipeline-transformer,batch_process_p95_ms,190.8
2026-07-24T14:06:00Z,search-svc,index_lag_ms,96.3
2026-07-24T14:07:00Z,config-svc,config_svc_requests_per_s,37.8
2026-07-24T14:07:00Z,config-svc,rpc_latency_p95_ms,15.6
2026-07-24T14:07:00Z,dashboard-svc,dashboard_data_lag_s,4.9131
2026-07-24T14:07:00Z,dashboard-svc,dashboard_request_p95_ms,146.5
2026-07-24T14:07:00Z,ingest-worker,ingest_queue_depth,17.7
2026-07-24T14:07:00Z,pipeline-transformer,batch_process_p95_ms,188.2
2026-07-24T14:07:00Z,search-svc,index_lag_ms,87.9
2026-07-24T14:08:00Z,config-svc,config_svc_requests_per_s,37.4
2026-07-24T14:08:00Z,config-svc,rpc_latency_p95_ms,15.2
2026-07-24T14:08:00Z,dashboard-svc,dashboard_data_lag_s,4.5256
2026-07-24T14:08:00Z,dashboard-svc,dashboard_request_p95_ms,146.9
2026-07-24T14:08:00Z,ingest-worker,ingest_queue_depth,19.2
2026-07-24T14:08:00Z,pipeline-transformer,batch_process_p95_ms,169.5
2026-07-24T14:08:00Z,search-svc,index_lag_ms,92.3
2026-07-24T14:09:00Z,config-svc,config_svc_requests_per_s,40.1
2026-07-24T14:09:00Z,config-svc,rpc_latency_p95_ms,16.5
2026-07-24T14:09:00Z,dashboard-svc,dashboard_data_lag_s,4.6582
2026-07-24T14:09:00Z,dashboard-svc,dashboard_request_p95_ms,148.6
2026-07-24T14:09:00Z,ingest-worker,ingest_queue_depth,20.3
2026-07-24T14:09:00Z,pipeline-transformer,batch_process_p95_ms,174.6
2026-07-24T14:09:00Z,search-svc,index_lag_ms,83.9
2026-07-24T14:10:00Z,config-svc,config_svc_requests_per_s,38.8
2026-07-24T14:10:00Z,config-svc,rpc_latency_p95_ms,13.7
2026-07-24T14:10:00Z,dashboard-svc,dashboard_data_lag_s,5.4124
2026-07-24T14:10:00Z,dashboard-svc,dashboard_request_p95_ms,146.0
2026-07-24T14:10:00Z,ingest-worker,ingest_queue_depth,21.3
2026-07-24T14:10:00Z,pipeline-transformer,batch_process_p95_ms,180.8
2026-07-24T14:10:00Z,search-svc,index_lag_ms,86.7
2026-07-24T14:11:00Z,config-svc,config_svc_requests_per_s,39.7
2026-07-24T14:11:00Z,config-svc,rpc_latency_p95_ms,16.4
2026-07-24T14:11:00Z,dashboard-svc,dashboard_data_lag_s,5.4405
2026-07-24T14:11:00Z,dashboard-svc,dashboard_request_p95_ms,135.4
2026-07-24T14:11:00Z,ingest-worker,ingest_queue_depth,20.9
2026-07-24T14:11:00Z,pipeline-transformer,batch_process_p95_ms,184.0
2026-07-24T14:11:00Z,search-svc,index_lag_ms,94.4
2026-07-24T14:12:00Z,config-svc,config_svc_requests_per_s,37.2
2026-07-24T14:12:00Z,config-svc,rpc_latency_p95_ms,14.9
2026-07-24T14:12:00Z,dashboard-svc,dashboard_data_lag_s,4.8098
2026-07-24T14:12:00Z,dashboard-svc,dashboard_request_p95_ms,143.0
2026-07-24T14:12:00Z,ingest-worker,ingest_queue_depth,20.4
2026-07-24T14:12:00Z,pipeline-transformer,batch_process_p95_ms,171.9
2026-07-24T14:12:00Z,search-svc,index_lag_ms,89.9
2026-07-24T14:13:00Z,config-svc,config_svc_requests_per_s,43.7
2026-07-24T14:13:00Z,config-svc,rpc_latency_p95_ms,15.6
2026-07-24T14:13:00Z,dashboard-svc,dashboard_data_lag_s,5.3052
2026-07-24T14:13:00Z,dashboard-svc,dashboard_request_p95_ms,139.8
2026-07-24T14:13:00Z,ingest-worker,ingest_queue_depth,19.1
2026-07-24T14:13:00Z,pipeline-transformer,batch_process_p95_ms,184.2
2026-07-24T14:13:00Z,search-svc,index_lag_ms,92.3
2026-07-24T14:14:00Z,config-svc,config_svc_requests_per_s,42.5
2026-07-24T14:14:00Z,config-svc,rpc_latency_p95_ms,15.9
2026-07-24T14:14:00Z,dashboard-svc,dashboard_data_lag_s,5.26
2026-07-24T14:14:00Z,dashboard-svc,dashboard_request_p95_ms,140.1
2026-07-24T14:14:00Z,ingest-worker,ingest_queue_depth,20.5
2026-07-24T14:14:00Z,pipeline-transformer,batch_process_p95_ms,189.8
2026-07-24T14:14:00Z,search-svc,index_lag_ms,97.2
2026-07-24T14:15:00Z,config-svc,config_svc_requests_per_s,41.6
2026-07-24T14:15:00Z,config-svc,rpc_latency_p95_ms,14.4
2026-07-24T14:15:00Z,dashboard-svc,dashboard_data_lag_s,5.2049
2026-07-24T14:15:00Z,dashboard-svc,dashboard_request_p95_ms,144.8
2026-07-24T14:15:00Z,ingest-worker,ingest_queue_depth,22.0
2026-07-24T14:15:00Z,pipeline-transformer,batch_process_p95_ms,185.3
2026-07-24T14:15:00Z,search-svc,index_lag_ms,83.8
2026-07-24T14:16:00Z,config-svc,config_svc_requests_per_s,39.4
2026-07-24T14:16:00Z,config-svc,rpc_latency_p95_ms,15.1
2026-07-24T14:16:00Z,dashboard-svc,dashboard_data_lag_s,4.6657
2026-07-24T14:16:00Z,dashboard-svc,dashboard_request_p95_ms,135.7
2026-07-24T14:16:00Z,ingest-worker,ingest_queue_depth,17.5
2026-07-24T14:16:00Z,pipeline-transformer,batch_process_p95_ms,178.2
2026-07-24T14:16:00Z,search-svc,index_lag_ms,89.7
2026-07-24T14:17:00Z,config-svc,config_svc_requests_per_s,40.4
2026-07-24T14:17:00Z,config-svc,rpc_latency_p95_ms,15.0
2026-07-24T14:17:00Z,dashboard-svc,dashboard_data_lag_s,4.8441
2026-07-24T14:17:00Z,dashboard-svc,dashboard_request_p95_ms,140.5
2026-07-24T14:17:00Z,ingest-worker,ingest_queue_depth,20.7
2026-07-24T14:17:00Z,pipeline-transformer,batch_process_p95_ms,173.4
2026-07-24T14:17:00Z,search-svc,index_lag_ms,99.2
2026-07-24T14:18:00Z,config-svc,config_svc_requests_per_s,40.3
2026-07-24T14:18:00Z,config-svc,rpc_latency_p95_ms,15.6
2026-07-24T14:18:00Z,dashboard-svc,dashboard_data_lag_s,5.3049
2026-07-24T14:18:00Z,dashboard-svc,dashboard_request_p95_ms,130.5
2026-07-24T14:18:00Z,ingest-worker,ingest_queue_depth,20.8
2026-07-24T14:18:00Z,pipeline-transformer,batch_process_p95_ms,184.8
2026-07-24T14:18:00Z,search-svc,index_lag_ms,97.6
2026-07-24T14:19:00Z,config-svc,config_svc_requests_per_s,42.8
2026-07-24T14:19:00Z,config-svc,rpc_latency_p95_ms,15.5
2026-07-24T14:19:00Z,dashboard-svc,dashboard_data_lag_s,5.4707
2026-07-24T14:19:00Z,dashboard-svc,dashboard_request_p95_ms,144.9
2026-07-24T14:19:00Z,ingest-worker,ingest_queue_depth,18.9
2026-07-24T14:19:00Z,pipeline-transformer,batch_process_p95_ms,178.3
2026-07-24T14:19:00Z,search-svc,index_lag_ms,97.7
2026-07-24T14:20:00Z,config-svc,config_svc_requests_per_s,43.2
2026-07-24T14:20:00Z,config-svc,rpc_latency_p95_ms,15.2
2026-07-24T14:20:00Z,dashboard-svc,dashboard_data_lag_s,4.9366
2026-07-24T14:20:00Z,dashboard-svc,dashboard_request_p95_ms,141.8
2026-07-24T14:20:00Z,ingest-worker,ingest_queue_depth,18.9
2026-07-24T14:20:00Z,pipeline-transformer,batch_process_p95_ms,177.1
2026-07-24T14:20:00Z,search-svc,index_lag_ms,93.9
2026-07-24T14:21:00Z,config-svc,config_svc_requests_per_s,43.3
2026-07-24T14:21:00Z,config-svc,rpc_latency_p95_ms,13.8
2026-07-24T14:21:00Z,dashboard-svc,dashboard_data_lag_s,5.0949
2026-07-24T14:21:00Z,dashboard-svc,dashboard_request_p95_ms,148.3
2026-07-24T14:21:00Z,ingest-worker,ingest_queue_depth,22.1
2026-07-24T14:21:00Z,pipeline-transformer,batch_process_p95_ms,167.9
2026-07-24T14:21:00Z,search-svc,index_lag_ms,85.2
2026-07-24T14:22:00Z,config-svc,config_svc_requests_per_s,36.0
2026-07-24T14:22:00Z,config-svc,rpc_latency_p95_ms,14.2
2026-07-24T14:22:00Z,dashboard-svc,dashboard_data_lag_s,5.3084
2026-07-24T14:22:00Z,dashboard-svc,dashboard_request_p95_ms,136.0
2026-07-24T14:22:00Z,ingest-worker,ingest_queue_depth,18.1
2026-07-24T14:22:00Z,pipeline-transformer,batch_process_p95_ms,181.2
2026-07-24T14:22:00Z,search-svc,index_lag_ms,80.5
2026-07-24T14:23:00Z,config-svc,config_svc_requests_per_s,40.0
2026-07-24T14:23:00Z,config-svc,rpc_latency_p95_ms,15.9
2026-07-24T14:23:00Z,dashboard-svc,dashboard_data_lag_s,5.0395
2026-07-24T14:23:00Z,dashboard-svc,dashboard_request_p95_ms,135.8
2026-07-24T14:23:00Z,ingest-worker,ingest_queue_depth,19.8
2026-07-24T14:23:00Z,pipeline-transformer,batch_process_p95_ms,176.9
2026-07-24T14:23:00Z,search-svc,index_lag_ms,80.6
2026-07-24T14:24:00Z,config-svc,config_svc_requests_per_s,39.7
2026-07-24T14:24:00Z,config-svc,rpc_latency_p95_ms,15.6
2026-07-24T14:24:00Z,dashboard-svc,dashboard_data_lag_s,5.2566
2026-07-24T14:24:00Z,dashboard-svc,dashboard_request_p95_ms,141.5
2026-07-24T14:24:00Z,ingest-worker,ingest_queue_depth,21.1
2026-07-24T14:24:00Z,pipeline-transformer,batch_process_p95_ms,193.9
2026-07-24T14:24:00Z,search-svc,index_lag_ms,86.6
2026-07-24T14:25:00Z,config-svc,config_svc_requests_per_s,38.1
2026-07-24T14:25:00Z,config-svc,rpc_latency_p95_ms,13.7
2026-07-24T14:25:00Z,dashboard-svc,dashboard_data_lag_s,5.361
2026-07-24T14:25:00Z,dashboard-svc,dashboard_request_p95_ms,143.9
2026-07-24T14:25:00Z,ingest-worker,ingest_queue_depth,20.7
2026-07-24T14:25:00Z,pipeline-transformer,batch_process_p95_ms,173.1
2026-07-24T14:25:00Z,search-svc,index_lag_ms,88.9
2026-07-24T14:26:00Z,config-svc,config_svc_requests_per_s,43.2
2026-07-24T14:26:00Z,config-svc,rpc_latency_p95_ms,14.7
2026-07-24T14:26:00Z,dashboard-svc,dashboard_data_lag_s,4.58
2026-07-24T14:26:00Z,dashboard-svc,dashboard_request_p95_ms,140.0
2026-07-24T14:26:00Z,ingest-worker,ingest_queue_depth,17.8
2026-07-24T14:26:00Z,pipeline-transformer,batch_process_p95_ms,170.8
2026-07-24T14:26:00Z,search-svc,index_lag_ms,85.2
2026-07-24T14:27:00Z,config-svc,config_svc_requests_per_s,40.7
2026-07-24T14:27:00Z,config-svc,rpc_latency_p95_ms,15.9
2026-07-24T14:27:00Z,dashboard-svc,dashboard_data_lag_s,4.7579
2026-07-24T14:27:00Z,dashboard-svc,dashboard_request_p95_ms,142.7
2026-07-24T14:27:00Z,ingest-worker,ingest_queue_depth,18.9
2026-07-24T14:27:00Z,pipeline-transformer,batch_process_p95_ms,194.0
2026-07-24T14:27:00Z,search-svc,index_lag_ms,97.9
2026-07-24T14:28:00Z,config-svc,config_svc_requests_per_s,38.4
2026-07-24T14:28:00Z,config-svc,rpc_latency_p95_ms,15.4
2026-07-24T14:28:00Z,dashboard-svc,dashboard_data_lag_s,4.5721
2026-07-24T14:28:00Z,dashboard-svc,dashboard_request_p95_ms,140.1
2026-07-24T14:28:00Z,ingest-worker,ingest_queue_depth,18.2
2026-07-24T14:28:00Z,pipeline-transformer,batch_process_p95_ms,172.0
2026-07-24T14:28:00Z,search-svc,index_lag_ms,98.5
2026-07-24T14:29:00Z,config-svc,config_svc_requests_per_s,40.2
2026-07-24T14:29:00Z,config-svc,rpc_latency_p95_ms,15.1
2026-07-24T14:29:00Z,dashboard-svc,dashboard_data_lag_s,5.2099
2026-07-24T14:29:00Z,dashboard-svc,dashboard_request_p95_ms,135.9
2026-07-24T14:29:00Z,ingest-worker,ingest_queue_depth,21.6
2026-07-24T14:29:00Z,pipeline-transformer,batch_process_p95_ms,171.1
2026-07-24T14:29:00Z,search-svc,index_lag_ms,91.5
2026-07-24T14:30:00Z,config-svc,config_svc_requests_per_s,42.6
2026-07-24T14:30:00Z,config-svc,rpc_latency_p95_ms,15.9
2026-07-24T14:30:00Z,dashboard-svc,dashboard_data_lag_s,4.8655
2026-07-24T14:30:00Z,dashboard-svc,dashboard_request_p95_ms,142.0
2026-07-24T14:30:00Z,ingest-worker,ingest_queue_depth,18.8
2026-07-24T14:30:00Z,pipeline-transformer,batch_process_p95_ms,188.8
2026-07-24T14:30:00Z,search-svc,index_lag_ms,92.9
2026-07-24T14:31:00Z,config-svc,config_svc_requests_per_s,36.4
2026-07-24T14:31:00Z,config-svc,rpc_latency_p95_ms,15.5
2026-07-24T14:31:00Z,dashboard-svc,dashboard_data_lag_s,4.9225
2026-07-24T14:31:00Z,dashboard-svc,dashboard_request_p95_ms,144.6
2026-07-24T14:31:00Z,ingest-worker,ingest_queue_depth,22.0
2026-07-24T14:31:00Z,pipeline-transformer,batch_process_p95_ms,185.4
2026-07-24T14:31:00Z,search-svc,index_lag_ms,83.0
2026-07-24T14:32:00Z,config-svc,config_svc_requests_per_s,43.7
2026-07-24T14:32:00Z,config-svc,rpc_latency_p95_ms,16.3
2026-07-24T14:32:00Z,dashboard-svc,dashboard_data_lag_s,4.9607
2026-07-24T14:32:00Z,dashboard-svc,dashboard_request_p95_ms,132.8
2026-07-24T14:32:00Z,ingest-worker,ingest_queue_depth,21.3
2026-07-24T14:32:00Z,pipeline-transformer,batch_process_p95_ms,176.3
2026-07-24T14:32:00Z,search-svc,index_lag_ms,86.0
2026-07-24T14:33:00Z,config-svc,config_svc_requests_per_s,37.1
2026-07-24T14:33:00Z,config-svc,rpc_latency_p95_ms,13.6
2026-07-24T14:33:00Z,dashboard-svc,dashboard_data_lag_s,4.8269
2026-07-24T14:33:00Z,dashboard-svc,dashboard_request_p95_ms,138.1
2026-07-24T14:33:00Z,ingest-worker,ingest_queue_depth,22.7
2026-07-24T14:33:00Z,pipeline-transformer,batch_process_p95_ms,182.0
2026-07-24T14:33:00Z,search-svc,index_lag_ms,100.3
2026-07-24T14:34:00Z,config-svc,config_svc_requests_per_s,39.0
2026-07-24T14:34:00Z,config-svc,rpc_latency_p95_ms,13.9
2026-07-24T14:34:00Z,dashboard-svc,dashboard_data_lag_s,5.066
2026-07-24T14:34:00Z,dashboard-svc,dashboard_request_p95_ms,137.2
2026-07-24T14:34:00Z,ingest-worker,ingest_queue_depth,21.0
2026-07-24T14:34:00Z,pipeline-transformer,batch_process_p95_ms,194.0
2026-07-24T14:34:00Z,search-svc,index_lag_ms,89.7
2026-07-24T14:35:00Z,config-svc,config_svc_requests_per_s,42.3
2026-07-24T14:35:00Z,config-svc,rpc_latency_p95_ms,15.9
2026-07-24T14:35:00Z,dashboard-svc,dashboard_data_lag_s,5.2156
2026-07-24T14:35:00Z,dashboard-svc,dashboard_request_p95_ms,138.0
2026-07-24T14:35:00Z,ingest-worker,ingest_queue_depth,21.8
2026-07-24T14:35:00Z,pipeline-transformer,batch_process_p95_ms,174.5
2026-07-24T14:35:00Z,search-svc,index_lag_ms,98.3
2026-07-24T14:36:00Z,config-svc,config_svc_requests_per_s,38.7
2026-07-24T14:36:00Z,config-svc,rpc_latency_p95_ms,13.9
2026-07-24T14:36:00Z,dashboard-svc,dashboard_data_lag_s,4.8999
2026-07-24T14:36:00Z,dashboard-svc,dashboard_request_p95_ms,141.4
2026-07-24T14:36:00Z,ingest-worker,ingest_queue_depth,21.2
2026-07-24T14:36:00Z,pipeline-transformer,batch_process_p95_ms,187.9
2026-07-24T14:36:00Z,search-svc,index_lag_ms,81.1
2026-07-24T14:37:00Z,config-svc,config_svc_requests_per_s,41.4
2026-07-24T14:37:00Z,config-svc,rpc_latency_p95_ms,15.6
2026-07-24T14:37:00Z,dashboard-svc,dashboard_data_lag_s,5.3705
2026-07-24T14:37:00Z,dashboard-svc,dashboard_request_p95_ms,133.7
2026-07-24T14:37:00Z,ingest-worker,ingest_queue_depth,19.1
2026-07-24T14:37:00Z,pipeline-transformer,batch_process_p95_ms,192.6
2026-07-24T14:37:00Z,search-svc,index_lag_ms,94.2
2026-07-24T14:38:00Z,config-svc,config_svc_requests_per_s,36.5
2026-07-24T14:38:00Z,config-svc,rpc_latency_p95_ms,14.2
2026-07-24T14:38:00Z,dashboard-svc,dashboard_data_lag_s,5.3795
2026-07-24T14:38:00Z,dashboard-svc,dashboard_request_p95_ms,132.7
2026-07-24T14:38:00Z,ingest-worker,ingest_queue_depth,22.5
2026-07-24T14:38:00Z,pipeline-transformer,batch_process_p95_ms,186.2
2026-07-24T14:38:00Z,search-svc,index_lag_ms,80.7
2026-07-24T14:39:00Z,config-svc,config_svc_requests_per_s,40.5
2026-07-24T14:39:00Z,config-svc,rpc_latency_p95_ms,13.6
2026-07-24T14:39:00Z,dashboard-svc,dashboard_data_lag_s,5.1378
2026-07-24T14:39:00Z,dashboard-svc,dashboard_request_p95_ms,140.8
2026-07-24T14:39:00Z,ingest-worker,ingest_queue_depth,20.7
2026-07-24T14:39:00Z,pipeline-transformer,batch_process_p95_ms,177.3
2026-07-24T14:39:00Z,search-svc,index_lag_ms,86.6
2026-07-24T14:40:00Z,config-svc,config_svc_requests_per_s,36.9
2026-07-24T14:40:00Z,config-svc,rpc_latency_p95_ms,15.1
2026-07-24T14:40:00Z,dashboard-svc,dashboard_data_lag_s,4.655
2026-07-24T14:40:00Z,dashboard-svc,dashboard_request_p95_ms,140.7
2026-07-24T14:40:00Z,ingest-worker,ingest_queue_depth,22.5
2026-07-24T14:40:00Z,pipeline-transformer,batch_process_p95_ms,172.2
2026-07-24T14:40:00Z,search-svc,index_lag_ms,85.3
2026-07-24T14:41:00Z,config-svc,config_svc_requests_per_s,39.5
2026-07-24T14:41:00Z,config-svc,rpc_latency_p95_ms,14.0
2026-07-24T14:41:00Z,dashboard-svc,dashboard_data_lag_s,5.3414
2026-07-24T14:41:00Z,dashboard-svc,dashboard_request_p95_ms,146.4
2026-07-24T14:41:00Z,ingest-worker,ingest_queue_depth,21.1
2026-07-24T14:41:00Z,pipeline-transformer,batch_process_p95_ms,183.1
2026-07-24T14:41:00Z,search-svc,index_lag_ms,80.2
2026-07-24T14:42:00Z,config-svc,config_svc_requests_per_s,42.0
2026-07-24T14:42:00Z,config-svc,rpc_latency_p95_ms,15.6
2026-07-24T14:42:00Z,dashboard-svc,dashboard_data_lag_s,5.2559
2026-07-24T14:42:00Z,dashboard-svc,dashboard_request_p95_ms,149.7
2026-07-24T14:42:00Z,ingest-worker,ingest_queue_depth,20.3
2026-07-24T14:42:00Z,pipeline-transformer,batch_process_p95_ms,166.7
2026-07-24T14:42:00Z,search-svc,index_lag_ms,93.5
2026-07-24T14:43:00Z,config-svc,config_svc_requests_per_s,40.8
2026-07-24T14:43:00Z,config-svc,rpc_latency_p95_ms,13.5
2026-07-24T14:43:00Z,dashboard-svc,dashboard_data_lag_s,5.1289
2026-07-24T14:43:00Z,dashboard-svc,dashboard_request_p95_ms,146.6
2026-07-24T14:43:00Z,ingest-worker,ingest_queue_depth,19.5
2026-07-24T14:43:00Z,pipeline-transformer,batch_process_p95_ms,175.1
2026-07-24T14:43:00Z,search-svc,index_lag_ms,99.6
2026-07-24T14:44:00Z,config-svc,config_svc_requests_per_s,36.4
2026-07-24T14:44:00Z,config-svc,rpc_latency_p95_ms,15.4
2026-07-24T14:44:00Z,dashboard-svc,dashboard_data_lag_s,5.3801
2026-07-24T14:44:00Z,dashboard-svc,dashboard_request_p95_ms,134.7
2026-07-24T14:44:00Z,ingest-worker,ingest_queue_depth,20.8
2026-07-24T14:44:00Z,pipeline-transformer,batch_process_p95_ms,190.1
2026-07-24T14:44:00Z,search-svc,index_lag_ms,99.4
2026-07-24T14:45:00Z,config-svc,config_svc_requests_per_s,41.6
2026-07-24T14:45:00Z,config-svc,rpc_latency_p95_ms,15.3
2026-07-24T14:45:00Z,dashboard-svc,dashboard_data_lag_s,5.4023
2026-07-24T14:45:00Z,dashboard-svc,dashboard_request_p95_ms,136.1
2026-07-24T14:45:00Z,ingest-worker,ingest_queue_depth,20.6
2026-07-24T14:45:00Z,pipeline-transformer,batch_process_p95_ms,185.7
2026-07-24T14:45:00Z,search-svc,index_lag_ms,81.5
2026-07-24T14:46:00Z,config-svc,config_svc_requests_per_s,38.7
2026-07-24T14:46:00Z,config-svc,rpc_latency_p95_ms,14.1
2026-07-24T14:46:00Z,dashboard-svc,dashboard_data_lag_s,4.5643
2026-07-24T14:46:00Z,dashboard-svc,dashboard_request_p95_ms,133.8
2026-07-24T14:46:00Z,ingest-worker,ingest_queue_depth,22.3
2026-07-24T14:46:00Z,pipeline-transformer,batch_process_p95_ms,184.8
2026-07-24T14:46:00Z,search-svc,index_lag_ms,85.3
2026-07-24T14:47:00Z,config-svc,config_svc_requests_per_s,40.4
2026-07-24T14:47:00Z,config-svc,rpc_latency_p95_ms,14.7
2026-07-24T14:47:00Z,dashboard-svc,dashboard_data_lag_s,4.5224
2026-07-24T14:47:00Z,dashboard-svc,dashboard_request_p95_ms,149.5
2026-07-24T14:47:00Z,ingest-worker,ingest_queue_depth,19.7
2026-07-24T14:47:00Z,pipeline-transformer,batch_process_p95_ms,166.2
2026-07-24T14:47:00Z,search-svc,index_lag_ms,93.0
2026-07-24T14:48:00Z,config-svc,config_svc_requests_per_s,37.8
2026-07-24T14:48:00Z,config-svc,rpc_latency_p95_ms,16.0
2026-07-24T14:48:00Z,dashboard-svc,dashboard_data_lag_s,4.8187
2026-07-24T14:48:00Z,dashboard-svc,dashboard_request_p95_ms,137.8
2026-07-24T14:48:00Z,ingest-worker,ingest_queue_depth,21.8
2026-07-24T14:48:00Z,pipeline-transformer,batch_process_p95_ms,178.2
2026-07-24T14:48:00Z,search-svc,index_lag_ms,83.9
2026-07-24T14:49:00Z,config-svc,config_svc_requests_per_s,43.9
2026-07-24T14:49:00Z,config-svc,rpc_latency_p95_ms,16.1
2026-07-24T14:49:00Z,dashboard-svc,dashboard_data_lag_s,5.4244
2026-07-24T14:49:00Z,dashboard-svc,dashboard_request_p95_ms,135.2
2026-07-24T14:49:00Z,ingest-worker,ingest_queue_depth,20.7
2026-07-24T14:49:00Z,pipeline-transformer,batch_process_p95_ms,171.0
2026-07-24T14:49:00Z,search-svc,index_lag_ms,84.9
2026-07-24T14:50:00Z,config-svc,config_svc_requests_per_s,40.3
2026-07-24T14:50:00Z,config-svc,rpc_latency_p95_ms,15.9
2026-07-24T14:50:00Z,dashboard-svc,dashboard_data_lag_s,5.4475
2026-07-24T14:50:00Z,dashboard-svc,dashboard_request_p95_ms,132.2
2026-07-24T14:50:00Z,ingest-worker,ingest_queue_depth,17.9
2026-07-24T14:50:00Z,pipeline-transformer,batch_process_p95_ms,176.9
2026-07-24T14:50:00Z,search-svc,index_lag_ms,85.2
2026-07-24T14:51:00Z,config-svc,config_svc_requests_per_s,36.1
2026-07-24T14:51:00Z,config-svc,rpc_latency_p95_ms,13.9
2026-07-24T14:51:00Z,dashboard-svc,dashboard_data_lag_s,4.8538
2026-07-24T14:51:00Z,dashboard-svc,dashboard_request_p95_ms,132.4
2026-07-24T14:51:00Z,ingest-worker,ingest_queue_depth,21.9
2026-07-24T14:51:00Z,pipeline-transformer,batch_process_p95_ms,175.3
2026-07-24T14:51:00Z,search-svc,index_lag_ms,83.8
2026-07-24T14:52:00Z,config-svc,config_svc_requests_per_s,43.9
2026-07-24T14:52:00Z,config-svc,rpc_latency_p95_ms,16.3
2026-07-24T14:52:00Z,dashboard-svc,dashboard_data_lag_s,4.8158
2026-07-24T14:52:00Z,dashboard-svc,dashboard_request_p95_ms,136.4
2026-07-24T14:52:00Z,ingest-worker,ingest_queue_depth,22.2
2026-07-24T14:52:00Z,pipeline-transformer,batch_process_p95_ms,188.9
2026-07-24T14:52:00Z,search-svc,index_lag_ms,89.2
2026-07-24T14:53:00Z,config-svc,config_svc_requests_per_s,44.0
2026-07-24T14:53:00Z,config-svc,rpc_latency_p95_ms,13.5
2026-07-24T14:53:00Z,dashboard-svc,dashboard_data_lag_s,5.4683
2026-07-24T14:53:00Z,dashboard-svc,dashboard_request_p95_ms,142.4
2026-07-24T14:53:00Z,ingest-worker,ingest_queue_depth,22.1
2026-07-24T14:53:00Z,pipeline-transformer,batch_process_p95_ms,186.6
2026-07-24T14:53:00Z,search-svc,index_lag_ms,97.0
2026-07-24T14:54:00Z,config-svc,config_svc_requests_per_s,38.4
2026-07-24T14:54:00Z,config-svc,rpc_latency_p95_ms,16.2
2026-07-24T14:54:00Z,dashboard-svc,dashboard_data_lag_s,4.8685
2026-07-24T14:54:00Z,dashboard-svc,dashboard_request_p95_ms,135.0
2026-07-24T14:54:00Z,ingest-worker,ingest_queue_depth,22.1
2026-07-24T14:54:00Z,pipeline-transformer,batch_process_p95_ms,172.3
2026-07-24T14:54:00Z,search-svc,index_lag_ms,87.0
2026-07-24T14:55:00Z,config-svc,config_svc_requests_per_s,43.2
2026-07-24T14:55:00Z,config-svc,rpc_latency_p95_ms,13.6
2026-07-24T14:55:00Z,dashboard-svc,dashboard_data_lag_s,5.3982
2026-07-24T14:55:00Z,dashboard-svc,dashboard_request_p95_ms,133.8
2026-07-24T14:55:00Z,ingest-worker,ingest_queue_depth,17.7
2026-07-24T14:55:00Z,pipeline-transformer,batch_process_p95_ms,169.9
2026-07-24T14:55:00Z,search-svc,index_lag_ms,85.8
2026-07-24T14:56:00Z,config-svc,config_svc_requests_per_s,42.3
2026-07-24T14:56:00Z,config-svc,rpc_latency_p95_ms,15.8
2026-07-24T14:56:00Z,dashboard-svc,dashboard_data_lag_s,5.0211
2026-07-24T14:56:00Z,dashboard-svc,dashboard_request_p95_ms,135.9
2026-07-24T14:56:00Z,ingest-worker,ingest_queue_depth,17.2
2026-07-24T14:56:00Z,pipeline-transformer,batch_process_p95_ms,192.4
2026-07-24T14:56:00Z,search-svc,index_lag_ms,96.9
2026-07-24T14:57:00Z,config-svc,config_svc_requests_per_s,43.8
2026-07-24T14:57:00Z,config-svc,rpc_latency_p95_ms,13.9
2026-07-24T14:57:00Z,dashboard-svc,dashboard_data_lag_s,4.5294
2026-07-24T14:57:00Z,dashboard-svc,dashboard_request_p95_ms,144.8
2026-07-24T14:57:00Z,ingest-worker,ingest_queue_depth,22.9
2026-07-24T14:57:00Z,pipeline-transformer,batch_process_p95_ms,193.2
2026-07-24T14:57:00Z,search-svc,index_lag_ms,84.6
2026-07-24T14:58:00Z,config-svc,config_svc_requests_per_s,43.3
2026-07-24T14:58:00Z,config-svc,rpc_latency_p95_ms,14.6
2026-07-24T14:58:00Z,dashboard-svc,dashboard_data_lag_s,4.6868
2026-07-24T14:58:00Z,dashboard-svc,dashboard_request_p95_ms,139.0
2026-07-24T14:58:00Z,ingest-worker,ingest_queue_depth,19.2
2026-07-24T14:58:00Z,pipeline-transformer,batch_process_p95_ms,175.3
2026-07-24T14:58:00Z,search-svc,index_lag_ms,92.3
2026-07-24T14:59:00Z,config-svc,config_svc_requests_per_s,38.4
2026-07-24T14:59:00Z,config-svc,rpc_latency_p95_ms,14.3
2026-07-24T14:59:00Z,dashboard-svc,dashboard_data_lag_s,4.5145
2026-07-24T14:59:00Z,dashboard-svc,dashboard_request_p95_ms,146.7
2026-07-24T14:59:00Z,ingest-worker,ingest_queue_depth,21.6
2026-07-24T14:59:00Z,pipeline-transformer,batch_process_p95_ms,185.9
2026-07-24T14:59:00Z,search-svc,index_lag_ms,84.6
2026-07-24T15:00:00Z,config-svc,config_svc_requests_per_s,42.5
2026-07-24T15:00:00Z,config-svc,rpc_latency_p95_ms,16.0
2026-07-24T15:00:00Z,dashboard-svc,dashboard_data_lag_s,4.7781
2026-07-24T15:00:00Z,dashboard-svc,dashboard_request_p95_ms,132.0
2026-07-24T15:00:00Z,ingest-worker,ingest_queue_depth,17.7
2026-07-24T15:00:00Z,pipeline-transformer,batch_process_p95_ms,187.7
2026-07-24T15:00:00Z,search-svc,index_lag_ms,81.7
2026-07-24T15:01:00Z,config-svc,config_svc_requests_per_s,43.9
2026-07-24T15:01:00Z,config-svc,rpc_latency_p95_ms,13.7
2026-07-24T15:01:00Z,dashboard-svc,dashboard_data_lag_s,4.5782
2026-07-24T15:01:00Z,dashboard-svc,dashboard_request_p95_ms,146.2
2026-07-24T15:01:00Z,ingest-worker,ingest_queue_depth,21.4
2026-07-24T15:01:00Z,pipeline-transformer,batch_process_p95_ms,165.6
2026-07-24T15:01:00Z,search-svc,index_lag_ms,83.2
2026-07-24T15:02:00Z,config-svc,config_svc_requests_per_s,37.9
2026-07-24T15:02:00Z,config-svc,rpc_latency_p95_ms,14.3
2026-07-24T15:02:00Z,dashboard-svc,dashboard_data_lag_s,5.2035
2026-07-24T15:02:00Z,dashboard-svc,dashboard_request_p95_ms,141.2
2026-07-24T15:02:00Z,ingest-worker,ingest_queue_depth,17.5
2026-07-24T15:02:00Z,pipeline-transformer,batch_process_p95_ms,169.5
2026-07-24T15:02:00Z,search-svc,index_lag_ms,85.8
2026-07-24T15:03:00Z,config-svc,config_svc_requests_per_s,40.1
2026-07-24T15:03:00Z,config-svc,rpc_latency_p95_ms,15.1
2026-07-24T15:03:00Z,dashboard-svc,dashboard_data_lag_s,5.3112
2026-07-24T15:03:00Z,dashboard-svc,dashboard_request_p95_ms,143.6
2026-07-24T15:03:00Z,ingest-worker,ingest_queue_depth,21.3
2026-07-24T15:03:00Z,pipeline-transformer,batch_process_p95_ms,173.6
2026-07-24T15:03:00Z,search-svc,index_lag_ms,95.6
2026-07-24T15:04:00Z,config-svc,config_svc_requests_per_s,40.9
2026-07-24T15:04:00Z,config-svc,rpc_latency_p95_ms,15.5
2026-07-24T15:04:00Z,dashboard-svc,dashboard_data_lag_s,5.4703
2026-07-24T15:04:00Z,dashboard-svc,dashboard_request_p95_ms,142.4
2026-07-24T15:04:00Z,ingest-worker,ingest_queue_depth,22.7
2026-07-24T15:04:00Z,pipeline-transformer,batch_process_p95_ms,177.0
2026-07-24T15:04:00Z,search-svc,index_lag_ms,90.4
2026-07-24T15:05:00Z,config-svc,config_svc_requests_per_s,42.0
2026-07-24T15:05:00Z,config-svc,rpc_latency_p95_ms,15.7
2026-07-24T15:05:00Z,dashboard-svc,dashboard_data_lag_s,4.7422
2026-07-24T15:05:00Z,dashboard-svc,dashboard_request_p95_ms,147.9
2026-07-24T15:05:00Z,ingest-worker,ingest_queue_depth,17.7
2026-07-24T15:05:00Z,pipeline-transformer,batch_process_p95_ms,192.0
2026-07-24T15:05:00Z,search-svc,index_lag_ms,90.1
2026-07-24T15:06:00Z,config-svc,config_svc_requests_per_s,43.4
2026-07-24T15:06:00Z,config-svc,rpc_latency_p95_ms,14.7
2026-07-24T15:06:00Z,dashboard-svc,dashboard_data_lag_s,4.6983
2026-07-24T15:06:00Z,dashboard-svc,dashboard_request_p95_ms,146.2
2026-07-24T15:06:00Z,ingest-worker,ingest_queue_depth,21.4
2026-07-24T15:06:00Z,pipeline-transformer,batch_process_p95_ms,169.2
2026-07-24T15:06:00Z,search-svc,index_lag_ms,100.0
2026-07-24T15:07:00Z,config-svc,config_svc_requests_per_s,42.4
2026-07-24T15:07:00Z,config-svc,rpc_latency_p95_ms,15.9
2026-07-24T15:07:00Z,dashboard-svc,dashboard_data_lag_s,4.6436
2026-07-24T15:07:00Z,dashboard-svc,dashboard_request_p95_ms,139.2
2026-07-24T15:07:00Z,ingest-worker,ingest_queue_depth,20.8
2026-07-24T15:07:00Z,pipeline-transformer,batch_process_p95_ms,172.8
2026-07-24T15:07:00Z,search-svc,index_lag_ms,79.6
2026-07-24T15:08:00Z,config-svc,config_svc_requests_per_s,38.5
2026-07-24T15:08:00Z,config-svc,rpc_latency_p95_ms,14.1
2026-07-24T15:08:00Z,dashboard-svc,dashboard_data_lag_s,4.7341
2026-07-24T15:08:00Z,dashboard-svc,dashboard_request_p95_ms,132.9
2026-07-24T15:08:00Z,ingest-worker,ingest_queue_depth,17.5
2026-07-24T15:08:00Z,pipeline-transformer,batch_process_p95_ms,173.0
2026-07-24T15:08:00Z,search-svc,index_lag_ms,86.9
2026-07-24T15:09:00Z,config-svc,config_svc_requests_per_s,42.7
2026-07-24T15:09:00Z,config-svc,rpc_latency_p95_ms,15.4
2026-07-24T15:09:00Z,dashboard-svc,dashboard_data_lag_s,4.8572
2026-07-24T15:09:00Z,dashboard-svc,dashboard_request_p95_ms,147.3
2026-07-24T15:09:00Z,ingest-worker,ingest_queue_depth,22.7
2026-07-24T15:09:00Z,pipeline-transformer,batch_process_p95_ms,179.8
2026-07-24T15:09:00Z,search-svc,index_lag_ms,100.3
2026-07-24T15:10:00Z,config-svc,config_svc_requests_per_s,36.6
2026-07-24T15:10:00Z,config-svc,rpc_latency_p95_ms,16.2
2026-07-24T15:10:00Z,dashboard-svc,dashboard_data_lag_s,5.3869
2026-07-24T15:10:00Z,dashboard-svc,dashboard_request_p95_ms,144.3
2026-07-24T15:10:00Z,ingest-worker,ingest_queue_depth,22.0
2026-07-24T15:10:00Z,pipeline-transformer,batch_process_p95_ms,170.5
2026-07-24T15:10:00Z,search-svc,index_lag_ms,95.2
2026-07-24T15:11:00Z,config-svc,config_svc_requests_per_s,37.5
2026-07-24T15:11:00Z,config-svc,rpc_latency_p95_ms,15.3
2026-07-24T15:11:00Z,dashboard-svc,dashboard_data_lag_s,5.3456
2026-07-24T15:11:00Z,dashboard-svc,dashboard_request_p95_ms,137.4
2026-07-24T15:11:00Z,ingest-worker,ingest_queue_depth,20.8
2026-07-24T15:11:00Z,pipeline-transformer,batch_process_p95_ms,173.2
2026-07-24T15:11:00Z,search-svc,index_lag_ms,93.1
2026-07-24T15:12:00Z,config-svc,config_svc_requests_per_s,38.0
2026-07-24T15:12:00Z,config-svc,rpc_latency_p95_ms,14.8
2026-07-24T15:12:00Z,dashboard-svc,dashboard_data_lag_s,4.9528
2026-07-24T15:12:00Z,dashboard-svc,dashboard_request_p95_ms,136.0
2026-07-24T15:12:00Z,ingest-worker,ingest_queue_depth,18.9
2026-07-24T15:12:00Z,pipeline-transformer,batch_process_p95_ms,193.4
2026-07-24T15:12:00Z,search-svc,index_lag_ms,89.6
2026-07-24T15:13:00Z,config-svc,config_svc_requests_per_s,43.0
2026-07-24T15:13:00Z,config-svc,rpc_latency_p95_ms,15.5
2026-07-24T15:13:00Z,dashboard-svc,dashboard_data_lag_s,5.293
2026-07-24T15:13:00Z,dashboard-svc,dashboard_request_p95_ms,147.9
2026-07-24T15:13:00Z,ingest-worker,ingest_queue_depth,20.6
2026-07-24T15:13:00Z,pipeline-transformer,batch_process_p95_ms,172.3
2026-07-24T15:13:00Z,search-svc,index_lag_ms,100.4
2026-07-24T15:14:00Z,config-svc,config_svc_requests_per_s,43.7
2026-07-24T15:14:00Z,config-svc,rpc_latency_p95_ms,16.2
2026-07-24T15:14:00Z,dashboard-svc,dashboard_data_lag_s,5.3931
2026-07-24T15:14:00Z,dashboard-svc,dashboard_request_p95_ms,141.3
2026-07-24T15:14:00Z,ingest-worker,ingest_queue_depth,20.1
2026-07-24T15:14:00Z,pipeline-transformer,batch_process_p95_ms,172.3
2026-07-24T15:14:00Z,search-svc,index_lag_ms,96.7
2026-07-24T15:15:00Z,config-svc,config_svc_requests_per_s,40.0
2026-07-24T15:15:00Z,config-svc,rpc_latency_p95_ms,14.3
2026-07-24T15:15:00Z,dashboard-svc,dashboard_data_lag_s,5.3361
2026-07-24T15:15:00Z,dashboard-svc,dashboard_request_p95_ms,142.4
2026-07-24T15:15:00Z,ingest-worker,ingest_queue_depth,21.4
2026-07-24T15:15:00Z,pipeline-transformer,batch_process_p95_ms,178.2
2026-07-24T15:15:00Z,search-svc,index_lag_ms,91.4
2026-07-24T15:16:00Z,config-svc,config_svc_requests_per_s,158.0
2026-07-24T15:16:00Z,config-svc,rpc_latency_p95_ms,15.4
2026-07-24T15:16:00Z,dashboard-svc,dashboard_data_lag_s,5.1784
2026-07-24T15:16:00Z,dashboard-svc,dashboard_request_p95_ms,144.0
2026-07-24T15:16:00Z,ingest-worker,ingest_queue_depth,21.7
2026-07-24T15:16:00Z,pipeline-transformer,batch_process_p95_ms,238.7
2026-07-24T15:16:00Z,search-svc,index_lag_ms,82.7
2026-07-24T15:17:00Z,config-svc,config_svc_requests_per_s,303.8
2026-07-24T15:17:00Z,config-svc,rpc_latency_p95_ms,15.8
2026-07-24T15:17:00Z,dashboard-svc,dashboard_data_lag_s,5.4194
2026-07-24T15:17:00Z,dashboard-svc,dashboard_request_p95_ms,142.1
2026-07-24T15:17:00Z,ingest-worker,ingest_queue_depth,21.1
2026-07-24T15:17:00Z,pipeline-transformer,batch_process_p95_ms,312.9
2026-07-24T15:17:00Z,search-svc,index_lag_ms,91.7
2026-07-24T15:18:00Z,config-svc,config_svc_requests_per_s,424.2
2026-07-24T15:18:00Z,config-svc,rpc_latency_p95_ms,15.0
2026-07-24T15:18:00Z,dashboard-svc,dashboard_data_lag_s,4.6853
2026-07-24T15:18:00Z,dashboard-svc,dashboard_request_p95_ms,148.7
2026-07-24T15:18:00Z,ingest-worker,ingest_queue_depth,18.5
2026-07-24T15:18:00Z,pipeline-transformer,batch_process_p95_ms,354.6
2026-07-24T15:18:00Z,search-svc,index_lag_ms,82.3
2026-07-24T15:19:00Z,config-svc,config_svc_requests_per_s,575.1
2026-07-24T15:19:00Z,config-svc,rpc_latency_p95_ms,16.0
2026-07-24T15:19:00Z,dashboard-svc,dashboard_data_lag_s,5.0301
2026-07-24T15:19:00Z,dashboard-svc,dashboard_request_p95_ms,149.0
2026-07-24T15:19:00Z,ingest-worker,ingest_queue_depth,18.4
2026-07-24T15:19:00Z,pipeline-transformer,batch_process_p95_ms,439.8
2026-07-24T15:19:00Z,search-svc,index_lag_ms,81.2
2026-07-24T15:20:00Z,config-svc,config_svc_requests_per_s,640.2
2026-07-24T15:20:00Z,config-svc,rpc_latency_p95_ms,14.6
2026-07-24T15:20:00Z,dashboard-svc,dashboard_data_lag_s,4.8321
2026-07-24T15:20:00Z,dashboard-svc,dashboard_request_p95_ms,139.1
2026-07-24T15:20:00Z,ingest-worker,ingest_queue_depth,21.8
2026-07-24T15:20:00Z,pipeline-transformer,batch_process_p95_ms,524.9
2026-07-24T15:20:00Z,search-svc,index_lag_ms,87.3
2026-07-24T15:21:00Z,config-svc,config_svc_requests_per_s,760.7
2026-07-24T15:21:00Z,config-svc,rpc_latency_p95_ms,13.7
2026-07-24T15:21:00Z,dashboard-svc,dashboard_data_lag_s,4.8331
2026-07-24T15:21:00Z,dashboard-svc,dashboard_request_p95_ms,141.0
2026-07-24T15:21:00Z,ingest-worker,ingest_queue_depth,17.2
2026-07-24T15:21:00Z,pipeline-transformer,batch_process_p95_ms,599.3
2026-07-24T15:21:00Z,search-svc,index_lag_ms,86.1
2026-07-24T15:22:00Z,config-svc,config_svc_requests_per_s,926.3
2026-07-24T15:22:00Z,config-svc,rpc_latency_p95_ms,16.0
2026-07-24T15:22:00Z,dashboard-svc,dashboard_data_lag_s,4.7299
2026-07-24T15:22:00Z,dashboard-svc,dashboard_request_p95_ms,132.0
2026-07-24T15:22:00Z,ingest-worker,ingest_queue_depth,22.2
2026-07-24T15:22:00Z,pipeline-transformer,batch_process_p95_ms,668.9
2026-07-24T15:22:00Z,search-svc,index_lag_ms,98.8
2026-07-24T15:23:00Z,config-svc,config_svc_requests_per_s,1023.0
2026-07-24T15:23:00Z,config-svc,rpc_latency_p95_ms,28.7
2026-07-24T15:23:00Z,dashboard-svc,dashboard_data_lag_s,4.6287
2026-07-24T15:23:00Z,dashboard-svc,dashboard_request_p95_ms,133.1
2026-07-24T15:23:00Z,ingest-worker,ingest_queue_depth,20.8
2026-07-24T15:23:00Z,pipeline-transformer,batch_process_p95_ms,731.0
2026-07-24T15:23:00Z,search-svc,index_lag_ms,85.9
2026-07-24T15:24:00Z,config-svc,config_svc_requests_per_s,1090.0
2026-07-24T15:24:00Z,config-svc,rpc_latency_p95_ms,42.9
2026-07-24T15:24:00Z,dashboard-svc,dashboard_data_lag_s,5.47
2026-07-24T15:24:00Z,dashboard-svc,dashboard_request_p95_ms,142.2
2026-07-24T15:24:00Z,ingest-worker,ingest_queue_depth,18.1
2026-07-24T15:24:00Z,pipeline-transformer,batch_process_p95_ms,770.0
2026-07-24T15:24:00Z,search-svc,index_lag_ms,81.2
2026-07-24T15:25:00Z,config-svc,config_svc_requests_per_s,1237.1
2026-07-24T15:25:00Z,config-svc,rpc_latency_p95_ms,53.9
2026-07-24T15:25:00Z,dashboard-svc,dashboard_data_lag_s,5.3033
2026-07-24T15:25:00Z,dashboard-svc,dashboard_request_p95_ms,143.4
2026-07-24T15:25:00Z,ingest-worker,ingest_queue_depth,17.2
2026-07-24T15:25:00Z,pipeline-transformer,batch_process_p95_ms,826.3
2026-07-24T15:25:00Z,search-svc,index_lag_ms,94.8
2026-07-24T15:26:00Z,config-svc,config_svc_requests_per_s,1518.6
2026-07-24T15:26:00Z,config-svc,rpc_latency_p95_ms,70.7
2026-07-24T15:26:00Z,dashboard-svc,dashboard_data_lag_s,5.2887
2026-07-24T15:26:00Z,dashboard-svc,dashboard_request_p95_ms,136.6
2026-07-24T15:26:00Z,ingest-worker,ingest_queue_depth,19.9
2026-07-24T15:26:00Z,pipeline-transformer,batch_process_p95_ms,821.9
2026-07-24T15:26:00Z,search-svc,index_lag_ms,87.7
2026-07-24T15:27:00Z,config-svc,config_svc_requests_per_s,1540.8
2026-07-24T15:27:00Z,config-svc,rpc_latency_p95_ms,88.4
2026-07-24T15:27:00Z,dashboard-svc,dashboard_data_lag_s,4.7975
2026-07-24T15:27:00Z,dashboard-svc,dashboard_request_p95_ms,136.6
2026-07-24T15:27:00Z,ingest-worker,ingest_queue_depth,18.4
2026-07-24T15:27:00Z,pipeline-transformer,batch_process_p95_ms,934.7
2026-07-24T15:27:00Z,search-svc,index_lag_ms,83.4
2026-07-24T15:28:00Z,config-svc,config_svc_requests_per_s,1643.5
2026-07-24T15:28:00Z,config-svc,rpc_latency_p95_ms,97.4
2026-07-24T15:28:00Z,dashboard-svc,dashboard_data_lag_s,4.8498
2026-07-24T15:28:00Z,dashboard-svc,dashboard_request_p95_ms,133.0
2026-07-24T15:28:00Z,ingest-worker,ingest_queue_depth,17.0
2026-07-24T15:28:00Z,pipeline-transformer,batch_process_p95_ms,939.5
2026-07-24T15:28:00Z,search-svc,index_lag_ms,84.8
2026-07-24T15:29:00Z,config-svc,config_svc_requests_per_s,1852.6
2026-07-24T15:29:00Z,config-svc,rpc_latency_p95_ms,121.6
2026-07-24T15:29:00Z,dashboard-svc,dashboard_data_lag_s,5.0047
2026-07-24T15:29:00Z,dashboard-svc,dashboard_request_p95_ms,138.4
2026-07-24T15:29:00Z,ingest-worker,ingest_queue_depth,22.4
2026-07-24T15:29:00Z,pipeline-transformer,batch_process_p95_ms,1020.6
2026-07-24T15:29:00Z,search-svc,index_lag_ms,83.4
2026-07-24T15:30:00Z,config-svc,config_svc_requests_per_s,2012.0
2026-07-24T15:30:00Z,config-svc,rpc_latency_p95_ms,122.9
2026-07-24T15:30:00Z,dashboard-svc,dashboard_data_lag_s,5.3533
2026-07-24T15:30:00Z,dashboard-svc,dashboard_request_p95_ms,141.2
2026-07-24T15:30:00Z,ingest-worker,ingest_queue_depth,21.0
2026-07-24T15:30:00Z,pipeline-transformer,batch_process_p95_ms,1068.8
2026-07-24T15:30:00Z,search-svc,index_lag_ms,89.0
2026-07-24T15:31:00Z,config-svc,config_svc_requests_per_s,2235.0
2026-07-24T15:31:00Z,config-svc,rpc_latency_p95_ms,148.6
2026-07-24T15:31:00Z,dashboard-svc,dashboard_data_lag_s,5.0984
2026-07-24T15:31:00Z,dashboard-svc,dashboard_request_p95_ms,145.1
2026-07-24T15:31:00Z,ingest-worker,ingest_queue_depth,18.1
2026-07-24T15:31:00Z,pipeline-transformer,batch_process_p95_ms,1276.2
2026-07-24T15:31:00Z,search-svc,index_lag_ms,80.9
2026-07-24T15:32:00Z,config-svc,config_svc_requests_per_s,2385.7
2026-07-24T15:32:00Z,config-svc,rpc_latency_p95_ms,151.6
2026-07-24T15:32:00Z,dashboard-svc,dashboard_data_lag_s,4.844
2026-07-24T15:32:00Z,dashboard-svc,dashboard_request_p95_ms,135.4
2026-07-24T15:32:00Z,ingest-worker,ingest_queue_depth,22.6
2026-07-24T15:32:00Z,pipeline-transformer,batch_process_p95_ms,1187.6
2026-07-24T15:32:00Z,search-svc,index_lag_ms,92.5
2026-07-24T15:33:00Z,config-svc,config_svc_requests_per_s,2150.9
2026-07-24T15:33:00Z,config-svc,rpc_latency_p95_ms,173.3
2026-07-24T15:33:00Z,dashboard-svc,dashboard_data_lag_s,5.1519
2026-07-24T15:33:00Z,dashboard-svc,dashboard_request_p95_ms,149.1
2026-07-24T15:33:00Z,ingest-worker,ingest_queue_depth,20.5
2026-07-24T15:33:00Z,pipeline-transformer,batch_process_p95_ms,1218.4
2026-07-24T15:33:00Z,search-svc,index_lag_ms,92.9
2026-07-24T15:34:00Z,config-svc,config_svc_requests_per_s,2562.8
2026-07-24T15:34:00Z,config-svc,rpc_latency_p95_ms,176.6
2026-07-24T15:34:00Z,dashboard-svc,dashboard_data_lag_s,5.194
2026-07-24T15:34:00Z,dashboard-svc,dashboard_request_p95_ms,141.4
2026-07-24T15:34:00Z,ingest-worker,ingest_queue_depth,19.6
2026-07-24T15:34:00Z,pipeline-transformer,batch_process_p95_ms,1403.4
2026-07-24T15:34:00Z,search-svc,index_lag_ms,85.0
2026-07-24T15:35:00Z,config-svc,config_svc_requests_per_s,2469.0
2026-07-24T15:35:00Z,config-svc,rpc_latency_p95_ms,188.0
2026-07-24T15:35:00Z,dashboard-svc,dashboard_data_lag_s,4.8453
2026-07-24T15:35:00Z,dashboard-svc,dashboard_request_p95_ms,132.7
2026-07-24T15:35:00Z,ingest-worker,ingest_queue_depth,17.2
2026-07-24T15:35:00Z,pipeline-transformer,batch_process_p95_ms,1496.9
2026-07-24T15:35:00Z,search-svc,index_lag_ms,82.8
2026-07-24T15:36:00Z,config-svc,config_svc_requests_per_s,2778.2
2026-07-24T15:36:00Z,config-svc,rpc_latency_p95_ms,227.2
2026-07-24T15:36:00Z,dashboard-svc,dashboard_data_lag_s,28.5432
2026-07-24T15:36:00Z,dashboard-svc,dashboard_request_p95_ms,135.7
2026-07-24T15:36:00Z,ingest-worker,ingest_queue_depth,21.8
2026-07-24T15:36:00Z,pipeline-transformer,batch_process_p95_ms,1616.0
2026-07-24T15:36:00Z,search-svc,index_lag_ms,91.0
2026-07-24T15:37:00Z,config-svc,config_svc_requests_per_s,2972.0
2026-07-24T15:37:00Z,config-svc,rpc_latency_p95_ms,207.8
2026-07-24T15:37:00Z,dashboard-svc,dashboard_data_lag_s,49.6476
2026-07-24T15:37:00Z,dashboard-svc,dashboard_request_p95_ms,130.3
2026-07-24T15:37:00Z,ingest-worker,ingest_queue_depth,20.5
2026-07-24T15:37:00Z,pipeline-transformer,batch_process_p95_ms,1657.7
2026-07-24T15:37:00Z,search-svc,index_lag_ms,87.2
2026-07-24T15:38:00Z,config-svc,config_svc_requests_per_s,2824.2
2026-07-24T15:38:00Z,config-svc,rpc_latency_p95_ms,238.2
2026-07-24T15:38:00Z,dashboard-svc,dashboard_data_lag_s,63.3741
2026-07-24T15:38:00Z,dashboard-svc,dashboard_request_p95_ms,135.2
2026-07-24T15:38:00Z,ingest-worker,ingest_queue_depth,18.5
2026-07-24T15:38:00Z,pipeline-transformer,batch_process_p95_ms,1537.0
2026-07-24T15:38:00Z,search-svc,index_lag_ms,81.1
2026-07-24T15:39:00Z,config-svc,config_svc_requests_per_s,2834.6
2026-07-24T15:39:00Z,config-svc,rpc_latency_p95_ms,268.2
2026-07-24T15:39:00Z,dashboard-svc,dashboard_data_lag_s,97.6431
2026-07-24T15:39:00Z,dashboard-svc,dashboard_request_p95_ms,141.2
2026-07-24T15:39:00Z,ingest-worker,ingest_queue_depth,18.0
2026-07-24T15:39:00Z,pipeline-transformer,batch_process_p95_ms,1626.5
2026-07-24T15:39:00Z,search-svc,index_lag_ms,89.7
2026-07-24T15:40:00Z,config-svc,config_svc_requests_per_s,3251.8
2026-07-24T15:40:00Z,config-svc,rpc_latency_p95_ms,263.3
2026-07-24T15:40:00Z,dashboard-svc,dashboard_data_lag_s,102.8677
2026-07-24T15:40:00Z,dashboard-svc,dashboard_request_p95_ms,149.5
2026-07-24T15:40:00Z,ingest-worker,ingest_queue_depth,19.4
2026-07-24T15:40:00Z,pipeline-transformer,batch_process_p95_ms,1853.3
2026-07-24T15:40:00Z,search-svc,index_lag_ms,83.3
2026-07-24T15:41:00Z,config-svc,config_svc_requests_per_s,3354.2
2026-07-24T15:41:00Z,config-svc,rpc_latency_p95_ms,288.0
2026-07-24T15:41:00Z,dashboard-svc,dashboard_data_lag_s,132.9069
2026-07-24T15:41:00Z,dashboard-svc,dashboard_request_p95_ms,133.3
2026-07-24T15:41:00Z,ingest-worker,ingest_queue_depth,19.0
2026-07-24T15:41:00Z,pipeline-transformer,batch_process_p95_ms,1940.9
2026-07-24T15:41:00Z,search-svc,index_lag_ms,87.4
2026-07-24T15:42:00Z,config-svc,config_svc_requests_per_s,3458.3
2026-07-24T15:42:00Z,config-svc,rpc_latency_p95_ms,278.5
2026-07-24T15:42:00Z,dashboard-svc,dashboard_data_lag_s,168.4002
2026-07-24T15:42:00Z,dashboard-svc,dashboard_request_p95_ms,143.0
2026-07-24T15:42:00Z,ingest-worker,ingest_queue_depth,20.1
2026-07-24T15:42:00Z,pipeline-transformer,batch_process_p95_ms,1871.6
2026-07-24T15:42:00Z,search-svc,index_lag_ms,90.1
2026-07-24T15:43:00Z,config-svc,config_svc_requests_per_s,3440.5
2026-07-24T15:43:00Z,config-svc,rpc_latency_p95_ms,313.9
2026-07-24T15:43:00Z,dashboard-svc,dashboard_data_lag_s,163.6114
2026-07-24T15:43:00Z,dashboard-svc,dashboard_request_p95_ms,132.9
2026-07-24T15:43:00Z,ingest-worker,ingest_queue_depth,20.8
2026-07-24T15:43:00Z,pipeline-transformer,batch_process_p95_ms,1819.2
2026-07-24T15:43:00Z,search-svc,index_lag_ms,90.7
2026-07-24T15:44:00Z,config-svc,config_svc_requests_per_s,3970.5
2026-07-24T15:44:00Z,config-svc,rpc_latency_p95_ms,330.2
2026-07-24T15:44:00Z,dashboard-svc,dashboard_data_lag_s,197.9736
2026-07-24T15:44:00Z,dashboard-svc,dashboard_request_p95_ms,132.0
2026-07-24T15:44:00Z,ingest-worker,ingest_queue_depth,20.6
2026-07-24T15:44:00Z,pipeline-transformer,batch_process_p95_ms,1962.2
2026-07-24T15:44:00Z,search-svc,index_lag_ms,93.1
2026-07-24T15:45:00Z,config-svc,config_svc_requests_per_s,4095.3
2026-07-24T15:45:00Z,config-svc,rpc_latency_p95_ms,316.3
2026-07-24T15:45:00Z,dashboard-svc,dashboard_data_lag_s,199.6081
2026-07-24T15:45:00Z,dashboard-svc,dashboard_request_p95_ms,140.3
2026-07-24T15:45:00Z,ingest-worker,ingest_queue_depth,21.2
2026-07-24T15:45:00Z,pipeline-transformer,batch_process_p95_ms,2031.2
2026-07-24T15:45:00Z,search-svc,index_lag_ms,96.2
2026-07-24T15:46:00Z,config-svc,config_svc_requests_per_s,3897.2
2026-07-24T15:46:00Z,config-svc,rpc_latency_p95_ms,342.8
2026-07-24T15:46:00Z,dashboard-svc,dashboard_data_lag_s,242.6359
2026-07-24T15:46:00Z,dashboard-svc,dashboard_request_p95_ms,139.3
2026-07-24T15:46:00Z,ingest-worker,ingest_queue_depth,20.6
2026-07-24T15:46:00Z,pipeline-transformer,batch_process_p95_ms,2123.1
2026-07-24T15:46:00Z,search-svc,index_lag_ms,90.6
2026-07-24T15:47:00Z,config-svc,config_svc_requests_per_s,3665.9
2026-07-24T15:47:00Z,config-svc,rpc_latency_p95_ms,380.9
2026-07-24T15:47:00Z,dashboard-svc,dashboard_data_lag_s,234.7912
2026-07-24T15:47:00Z,dashboard-svc,dashboard_request_p95_ms,147.2
2026-07-24T15:47:00Z,ingest-worker,ingest_queue_depth,20.9
2026-07-24T15:47:00Z,pipeline-transformer,batch_process_p95_ms,2273.8
2026-07-24T15:47:00Z,search-svc,index_lag_ms,86.5
2026-07-24T15:48:00Z,config-svc,config_svc_requests_per_s,4144.6
2026-07-24T15:48:00Z,config-svc,rpc_latency_p95_ms,374.3
2026-07-24T15:48:00Z,dashboard-svc,dashboard_data_lag_s,268.8897
2026-07-24T15:48:00Z,dashboard-svc,dashboard_request_p95_ms,133.9
2026-07-24T15:48:00Z,ingest-worker,ingest_queue_depth,19.7
2026-07-24T15:48:00Z,pipeline-transformer,batch_process_p95_ms,2311.8
2026-07-24T15:48:00Z,search-svc,index_lag_ms,92.6
2026-07-24T15:49:00Z,config-svc,config_svc_requests_per_s,3653.1
2026-07-24T15:49:00Z,config-svc,rpc_latency_p95_ms,417.0
2026-07-24T15:49:00Z,dashboard-svc,dashboard_data_lag_s,302.6127
2026-07-24T15:49:00Z,dashboard-svc,dashboard_request_p95_ms,146.7
2026-07-24T15:49:00Z,ingest-worker,ingest_queue_depth,19.9
2026-07-24T15:49:00Z,pipeline-transformer,batch_process_p95_ms,2243.0
2026-07-24T15:49:00Z,search-svc,index_lag_ms,100.7
2026-07-24T15:50:00Z,config-svc,config_svc_requests_per_s,3874.6
2026-07-24T15:50:00Z,config-svc,rpc_latency_p95_ms,390.9
2026-07-24T15:50:00Z,dashboard-svc,dashboard_data_lag_s,345.9702
2026-07-24T15:50:00Z,dashboard-svc,dashboard_request_p95_ms,134.9
2026-07-24T15:50:00Z,ingest-worker,ingest_queue_depth,20.5
2026-07-24T15:50:00Z,pipeline-transformer,batch_process_p95_ms,2241.6
2026-07-24T15:50:00Z,search-svc,index_lag_ms,90.3
2026-07-24T15:51:00Z,config-svc,config_svc_requests_per_s,3795.3
2026-07-24T15:51:00Z,config-svc,rpc_latency_p95_ms,420.4
2026-07-24T15:51:00Z,dashboard-svc,dashboard_data_lag_s,363.3236
2026-07-24T15:51:00Z,dashboard-svc,dashboard_request_p95_ms,141.7
2026-07-24T15:51:00Z,ingest-worker,ingest_queue_depth,22.2
2026-07-24T15:51:00Z,pipeline-transformer,batch_process_p95_ms,2470.1
2026-07-24T15:51:00Z,search-svc,index_lag_ms,95.3
2026-07-24T15:52:00Z,config-svc,config_svc_requests_per_s,4154.2
2026-07-24T15:52:00Z,config-svc,rpc_latency_p95_ms,467.1
2026-07-24T15:52:00Z,dashboard-svc,dashboard_data_lag_s,392.8617
2026-07-24T15:52:00Z,dashboard-svc,dashboard_request_p95_ms,143.2
2026-07-24T15:52:00Z,ingest-worker,ingest_queue_depth,21.6
2026-07-24T15:52:00Z,pipeline-transformer,batch_process_p95_ms,2411.4
2026-07-24T15:52:00Z,search-svc,index_lag_ms,95.7
2026-07-24T15:53:00Z,config-svc,config_svc_requests_per_s,4160.5
2026-07-24T15:53:00Z,config-svc,rpc_latency_p95_ms,432.7
2026-07-24T15:53:00Z,dashboard-svc,dashboard_data_lag_s,392.9735
2026-07-24T15:53:00Z,dashboard-svc,dashboard_request_p95_ms,135.8
2026-07-24T15:53:00Z,ingest-worker,ingest_queue_depth,22.1
2026-07-24T15:53:00Z,pipeline-transformer,batch_process_p95_ms,2404.3
2026-07-24T15:53:00Z,search-svc,index_lag_ms,95.3
2026-07-24T15:54:00Z,config-svc,config_svc_requests_per_s,3658.5
2026-07-24T15:54:00Z,config-svc,rpc_latency_p95_ms,478.4
2026-07-24T15:54:00Z,dashboard-svc,dashboard_data_lag_s,422.551
2026-07-24T15:54:00Z,dashboard-svc,dashboard_request_p95_ms,132.9
2026-07-24T15:54:00Z,ingest-worker,ingest_queue_depth,18.5
2026-07-24T15:54:00Z,pipeline-transformer,batch_process_p95_ms,2578.4
2026-07-24T15:54:00Z,search-svc,index_lag_ms,88.2
2026-07-24T15:55:00Z,config-svc,config_svc_requests_per_s,3721.0
2026-07-24T15:55:00Z,config-svc,rpc_latency_p95_ms,443.6
2026-07-24T15:55:00Z,dashboard-svc,dashboard_data_lag_s,451.5915
2026-07-24T15:55:00Z,dashboard-svc,dashboard_request_p95_ms,145.8
2026-07-24T15:55:00Z,ingest-worker,ingest_queue_depth,17.1
2026-07-24T15:55:00Z,pipeline-transformer,batch_process_p95_ms,2403.6
2026-07-24T15:55:00Z,search-svc,index_lag_ms,83.1
2026-07-24T15:56:00Z,config-svc,config_svc_requests_per_s,4104.9
2026-07-24T15:56:00Z,config-svc,rpc_latency_p95_ms,518.3
2026-07-24T15:56:00Z,dashboard-svc,dashboard_data_lag_s,485.6079
2026-07-24T15:56:00Z,dashboard-svc,dashboard_request_p95_ms,146.2
2026-07-24T15:56:00Z,ingest-worker,ingest_queue_depth,20.6
2026-07-24T15:56:00Z,pipeline-transformer,batch_process_p95_ms,2321.8
2026-07-24T15:56:00Z,search-svc,index_lag_ms,98.9
2026-07-24T15:57:00Z,config-svc,config_svc_requests_per_s,4010.9
2026-07-24T15:57:00Z,config-svc,rpc_latency_p95_ms,515.3
2026-07-24T15:57:00Z,dashboard-svc,dashboard_data_lag_s,481.1072
2026-07-24T15:57:00Z,dashboard-svc,dashboard_request_p95_ms,141.4
2026-07-24T15:57:00Z,ingest-worker,ingest_queue_depth,17.2
2026-07-24T15:57:00Z,pipeline-transformer,batch_process_p95_ms,2468.0
2026-07-24T15:57:00Z,search-svc,index_lag_ms,80.5
2026-07-24T15:58:00Z,config-svc,config_svc_requests_per_s,4269.8
2026-07-24T15:58:00Z,config-svc,rpc_latency_p95_ms,474.7
2026-07-24T15:58:00Z,dashboard-svc,dashboard_data_lag_s,494.7271
2026-07-24T15:58:00Z,dashboard-svc,dashboard_request_p95_ms,130.3
2026-07-24T15:58:00Z,ingest-worker,ingest_queue_depth,19.9
2026-07-24T15:58:00Z,pipeline-transformer,batch_process_p95_ms,2590.1
2026-07-24T15:58:00Z,search-svc,index_lag_ms,95.4
2026-07-24T15:59:00Z,config-svc,config_svc_requests_per_s,3695.2
2026-07-24T15:59:00Z,config-svc,rpc_latency_p95_ms,476.5
2026-07-24T15:59:00Z,dashboard-svc,dashboard_data_lag_s,527.6726
2026-07-24T15:59:00Z,dashboard-svc,dashboard_request_p95_ms,143.3
2026-07-24T15:59:00Z,ingest-worker,ingest_queue_depth,22.4
2026-07-24T15:59:00Z,pipeline-transformer,batch_process_p95_ms,2347.3
2026-07-24T15:59:00Z,search-svc,index_lag_ms,97.8
2026-07-24T16:00:00Z,config-svc,config_svc_requests_per_s,4231.5
2026-07-24T16:00:00Z,config-svc,rpc_latency_p95_ms,482.4
2026-07-24T16:00:00Z,dashboard-svc,dashboard_data_lag_s,507.1852
2026-07-24T16:00:00Z,dashboard-svc,dashboard_request_p95_ms,131.8
2026-07-24T16:00:00Z,ingest-worker,ingest_queue_depth,20.8
2026-07-24T16:00:00Z,pipeline-transformer,batch_process_p95_ms,2359.7
2026-07-24T16:00:00Z,search-svc,index_lag_ms,94.0
2026-07-24T16:01:00Z,config-svc,config_svc_requests_per_s,3632.9
2026-07-24T16:01:00Z,config-svc,rpc_latency_p95_ms,483.2
2026-07-24T16:01:00Z,dashboard-svc,dashboard_data_lag_s,607.5009
2026-07-24T16:01:00Z,dashboard-svc,dashboard_request_p95_ms,140.0
2026-07-24T16:01:00Z,ingest-worker,ingest_queue_depth,20.0
2026-07-24T16:01:00Z,pipeline-transformer,batch_process_p95_ms,2383.3
2026-07-24T16:01:00Z,search-svc,index_lag_ms,98.0
2026-07-24T16:02:00Z,config-svc,config_svc_requests_per_s,4215.4
2026-07-24T16:02:00Z,config-svc,rpc_latency_p95_ms,472.6
2026-07-24T16:02:00Z,dashboard-svc,dashboard_data_lag_s,602.3178
2026-07-24T16:02:00Z,dashboard-svc,dashboard_request_p95_ms,131.4
2026-07-24T16:02:00Z,ingest-worker,ingest_queue_depth,17.6
2026-07-24T16:02:00Z,pipeline-transformer,batch_process_p95_ms,2289.6
2026-07-24T16:02:00Z,search-svc,index_lag_ms,92.3
2026-07-24T16:03:00Z,config-svc,config_svc_requests_per_s,3617.1
2026-07-24T16:03:00Z,config-svc,rpc_latency_p95_ms,489.9
2026-07-24T16:03:00Z,dashboard-svc,dashboard_data_lag_s,570.4907
2026-07-24T16:03:00Z,dashboard-svc,dashboard_request_p95_ms,134.3
2026-07-24T16:03:00Z,ingest-worker,ingest_queue_depth,20.0
2026-07-24T16:03:00Z,pipeline-transformer,batch_process_p95_ms,2253.3
2026-07-24T16:03:00Z,search-svc,index_lag_ms,84.7
2026-07-24T16:04:00Z,config-svc,config_svc_requests_per_s,3854.1
2026-07-24T16:04:00Z,config-svc,rpc_latency_p95_ms,508.4
2026-07-24T16:04:00Z,dashboard-svc,dashboard_data_lag_s,569.5447
2026-07-24T16:04:00Z,dashboard-svc,dashboard_request_p95_ms,133.1
2026-07-24T16:04:00Z,ingest-worker,ingest_queue_depth,17.5
2026-07-24T16:04:00Z,pipeline-transformer,batch_process_p95_ms,2483.3
2026-07-24T16:04:00Z,search-svc,index_lag_ms,81.2
2026-07-24T16:05:00Z,config-svc,config_svc_requests_per_s,3805.1
2026-07-24T16:05:00Z,config-svc,rpc_latency_p95_ms,505.1
2026-07-24T16:05:00Z,dashboard-svc,dashboard_data_lag_s,675.8261
2026-07-24T16:05:00Z,dashboard-svc,dashboard_request_p95_ms,130.8
2026-07-24T16:05:00Z,ingest-worker,ingest_queue_depth,17.3
2026-07-24T16:05:00Z,pipeline-transformer,batch_process_p95_ms,2331.6
2026-07-24T16:05:00Z,search-svc,index_lag_ms,86.3
2026-07-24T16:06:00Z,config-svc,config_svc_requests_per_s,3847.7
2026-07-24T16:06:00Z,config-svc,rpc_latency_p95_ms,527.3
2026-07-24T16:06:00Z,dashboard-svc,dashboard_data_lag_s,661.9897
2026-07-24T16:06:00Z,dashboard-svc,dashboard_request_p95_ms,135.1
2026-07-24T16:06:00Z,ingest-worker,ingest_queue_depth,22.6
2026-07-24T16:06:00Z,pipeline-transformer,batch_process_p95_ms,2356.9
2026-07-24T16:06:00Z,search-svc,index_lag_ms,88.6
2026-07-24T16:07:00Z,config-svc,config_svc_requests_per_s,3961.4
2026-07-24T16:07:00Z,config-svc,rpc_latency_p95_ms,520.0
2026-07-24T16:07:00Z,dashboard-svc,dashboard_data_lag_s,612.5131
2026-07-24T16:07:00Z,dashboard-svc,dashboard_request_p95_ms,130.8
2026-07-24T16:07:00Z,ingest-worker,ingest_queue_depth,21.8
2026-07-24T16:07:00Z,pipeline-transformer,batch_process_p95_ms,2561.2
2026-07-24T16:07:00Z,search-svc,index_lag_ms,84.3
2026-07-24T16:08:00Z,config-svc,config_svc_requests_per_s,3703.6
2026-07-24T16:08:00Z,config-svc,rpc_latency_p95_ms,502.8
2026-07-24T16:08:00Z,dashboard-svc,dashboard_data_lag_s,679.4588
2026-07-24T16:08:00Z,dashboard-svc,dashboard_request_p95_ms,133.5
2026-07-24T16:08:00Z,ingest-worker,ingest_queue_depth,17.2
2026-07-24T16:08:00Z,pipeline-transformer,batch_process_p95_ms,2488.4
2026-07-24T16:08:00Z,search-svc,index_lag_ms,84.0
2026-07-24T16:09:00Z,config-svc,config_svc_requests_per_s,3732.4
2026-07-24T16:09:00Z,config-svc,rpc_latency_p95_ms,437.5
2026-07-24T16:09:00Z,dashboard-svc,dashboard_data_lag_s,631.1998
2026-07-24T16:09:00Z,dashboard-svc,dashboard_request_p95_ms,133.8
2026-07-24T16:09:00Z,ingest-worker,ingest_queue_depth,17.2
2026-07-24T16:09:00Z,pipeline-transformer,batch_process_p95_ms,2454.5
2026-07-24T16:09:00Z,search-svc,index_lag_ms,97.6
2026-07-24T16:10:00Z,config-svc,config_svc_requests_per_s,4034.6
2026-07-24T16:10:00Z,config-svc,rpc_latency_p95_ms,477.3
2026-07-24T16:10:00Z,dashboard-svc,dashboard_data_lag_s,674.2314
2026-07-24T16:10:00Z,dashboard-svc,dashboard_request_p95_ms,134.4
2026-07-24T16:10:00Z,ingest-worker,ingest_queue_depth,21.5
2026-07-24T16:10:00Z,pipeline-transformer,batch_process_p95_ms,2314.3
2026-07-24T16:10:00Z,search-svc,index_lag_ms,82.8
2026-07-24T16:11:00Z,config-svc,config_svc_requests_per_s,3875.8
2026-07-24T16:11:00Z,config-svc,rpc_latency_p95_ms,464.1
2026-07-24T16:11:00Z,dashboard-svc,dashboard_data_lag_s,670.2604
2026-07-24T16:11:00Z,dashboard-svc,dashboard_request_p95_ms,149.3
2026-07-24T16:11:00Z,ingest-worker,ingest_queue_depth,22.2
2026-07-24T16:11:00Z,pipeline-transformer,batch_process_p95_ms,2380.9
2026-07-24T16:11:00Z,search-svc,index_lag_ms,82.9
2026-07-24T16:12:00Z,config-svc,config_svc_requests_per_s,3609.1
2026-07-24T16:12:00Z,config-svc,rpc_latency_p95_ms,504.7
2026-07-24T16:12:00Z,dashboard-svc,dashboard_data_lag_s,679.1214
2026-07-24T16:12:00Z,dashboard-svc,dashboard_request_p95_ms,133.3
2026-07-24T16:12:00Z,ingest-worker,ingest_queue_depth,21.4
2026-07-24T16:12:00Z,pipeline-transformer,batch_process_p95_ms,2448.6
2026-07-24T16:12:00Z,search-svc,index_lag_ms,80.3
2026-07-24T16:13:00Z,config-svc,config_svc_requests_per_s,3925.2
2026-07-24T16:13:00Z,config-svc,rpc_latency_p95_ms,470.9
2026-07-24T16:13:00Z,dashboard-svc,dashboard_data_lag_s,630.0687
2026-07-24T16:13:00Z,dashboard-svc,dashboard_request_p95_ms,136.9
2026-07-24T16:13:00Z,ingest-worker,ingest_queue_depth,20.2
2026-07-24T16:13:00Z,pipeline-transformer,batch_process_p95_ms,2215.4
2026-07-24T16:13:00Z,search-svc,index_lag_ms,84.6
2026-07-24T16:14:00Z,config-svc,config_svc_requests_per_s,3852.8
2026-07-24T16:14:00Z,config-svc,rpc_latency_p95_ms,465.6
2026-07-24T16:14:00Z,dashboard-svc,dashboard_data_lag_s,577.9806
2026-07-24T16:14:00Z,dashboard-svc,dashboard_request_p95_ms,147.3
2026-07-24T16:14:00Z,ingest-worker,ingest_queue_depth,21.1
2026-07-24T16:14:00Z,pipeline-transformer,batch_process_p95_ms,2387.9
2026-07-24T16:14:00Z,search-svc,index_lag_ms,95.2
2026-07-24T16:15:00Z,config-svc,config_svc_requests_per_s,4076.5
2026-07-24T16:15:00Z,config-svc,rpc_latency_p95_ms,507.8
2026-07-24T16:15:00Z,dashboard-svc,dashboard_data_lag_s,620.6594
2026-07-24T16:15:00Z,dashboard-svc,dashboard_request_p95_ms,144.8
2026-07-24T16:15:00Z,ingest-worker,ingest_queue_depth,17.1
2026-07-24T16:15:00Z,pipeline-transformer,batch_process_p95_ms,2343.5
2026-07-24T16:15:00Z,search-svc,index_lag_ms,90.1
2026-07-24T16:16:00Z,config-svc,config_svc_requests_per_s,3798.0
2026-07-24T16:16:00Z,config-svc,rpc_latency_p95_ms,457.5
2026-07-24T16:16:00Z,dashboard-svc,dashboard_data_lag_s,608.0383
2026-07-24T16:16:00Z,dashboard-svc,dashboard_request_p95_ms,142.6
2026-07-24T16:16:00Z,ingest-worker,ingest_queue_depth,17.0
2026-07-24T16:16:00Z,pipeline-transformer,batch_process_p95_ms,2260.2
2026-07-24T16:16:00Z,search-svc,index_lag_ms,81.2
2026-07-24T16:17:00Z,config-svc,config_svc_requests_per_s,3824.3
2026-07-24T16:17:00Z,config-svc,rpc_latency_p95_ms,475.6
2026-07-24T16:17:00Z,dashboard-svc,dashboard_data_lag_s,586.2885
2026-07-24T16:17:00Z,dashboard-svc,dashboard_request_p95_ms,137.8
2026-07-24T16:17:00Z,ingest-worker,ingest_queue_depth,20.3
2026-07-24T16:17:00Z,pipeline-transformer,batch_process_p95_ms,2412.9
2026-07-24T16:17:00Z,search-svc,index_lag_ms,87.1
2026-07-24T16:18:00Z,config-svc,config_svc_requests_per_s,3551.1
2026-07-24T16:18:00Z,config-svc,rpc_latency_p95_ms,507.1
2026-07-24T16:18:00Z,dashboard-svc,dashboard_data_lag_s,682.5143
2026-07-24T16:18:00Z,dashboard-svc,dashboard_request_p95_ms,139.9
2026-07-24T16:18:00Z,ingest-worker,ingest_queue_depth,22.2
2026-07-24T16:18:00Z,pipeline-transformer,batch_process_p95_ms,2500.8
2026-07-24T16:18:00Z,search-svc,index_lag_ms,98.7
2026-07-24T16:19:00Z,config-svc,config_svc_requests_per_s,4006.7
2026-07-24T16:19:00Z,config-svc,rpc_latency_p95_ms,515.0
2026-07-24T16:19:00Z,dashboard-svc,dashboard_data_lag_s,602.9581
2026-07-24T16:19:00Z,dashboard-svc,dashboard_request_p95_ms,144.0
2026-07-24T16:19:00Z,ingest-worker,ingest_queue_depth,22.3
2026-07-24T16:19:00Z,pipeline-transformer,batch_process_p95_ms,2380.9
2026-07-24T16:19:00Z,search-svc,index_lag_ms,88.6
2026-07-24T16:20:00Z,config-svc,config_svc_requests_per_s,4239.8
2026-07-24T16:20:00Z,config-svc,rpc_latency_p95_ms,435.2
2026-07-24T16:20:00Z,dashboard-svc,dashboard_data_lag_s,675.6533
2026-07-24T16:20:00Z,dashboard-svc,dashboard_request_p95_ms,139.3
2026-07-24T16:20:00Z,ingest-worker,ingest_queue_depth,21.6
2026-07-24T16:20:00Z,pipeline-transformer,batch_process_p95_ms,2580.5
2026-07-24T16:20:00Z,search-svc,index_lag_ms,88.2
2026-07-24T16:21:00Z,config-svc,config_svc_requests_per_s,3573.7
2026-07-24T16:21:00Z,config-svc,rpc_latency_p95_ms,479.5
2026-07-24T16:21:00Z,dashboard-svc,dashboard_data_lag_s,580.753
2026-07-24T16:21:00Z,dashboard-svc,dashboard_request_p95_ms,132.7
2026-07-24T16:21:00Z,ingest-worker,ingest_queue_depth,22.7
2026-07-24T16:21:00Z,pipeline-transformer,batch_process_p95_ms,2300.7
2026-07-24T16:21:00Z,search-svc,index_lag_ms,92.5
2026-07-24T16:22:00Z,config-svc,config_svc_requests_per_s,4019.0
2026-07-24T16:22:00Z,config-svc,rpc_latency_p95_ms,468.9
2026-07-24T16:22:00Z,dashboard-svc,dashboard_data_lag_s,697.91
2026-07-24T16:22:00Z,dashboard-svc,dashboard_request_p95_ms,136.9
2026-07-24T16:22:00Z,ingest-worker,ingest_queue_depth,18.7
2026-07-24T16:22:00Z,pipeline-transformer,batch_process_p95_ms,2292.8
2026-07-24T16:22:00Z,search-svc,index_lag_ms,89.4
2026-07-24T16:23:00Z,config-svc,config_svc_requests_per_s,4089.6
2026-07-24T16:23:00Z,config-svc,rpc_latency_p95_ms,500.3
2026-07-24T16:23:00Z,dashboard-svc,dashboard_data_lag_s,630.0046
2026-07-24T16:23:00Z,dashboard-svc,dashboard_request_p95_ms,149.0
2026-07-24T16:23:00Z,ingest-worker,ingest_queue_depth,22.0
2026-07-24T16:23:00Z,pipeline-transformer,batch_process_p95_ms,2398.9
2026-07-24T16:23:00Z,search-svc,index_lag_ms,79.8
2026-07-24T16:24:00Z,config-svc,config_svc_requests_per_s,3775.7
2026-07-24T16:24:00Z,config-svc,rpc_latency_p95_ms,450.5
2026-07-24T16:24:00Z,dashboard-svc,dashboard_data_lag_s,659.1842
2026-07-24T16:24:00Z,dashboard-svc,dashboard_request_p95_ms,147.2
2026-07-24T16:24:00Z,ingest-worker,ingest_queue_depth,20.5
2026-07-24T16:24:00Z,pipeline-transformer,batch_process_p95_ms,2567.9
2026-07-24T16:24:00Z,search-svc,index_lag_ms,94.4
2026-07-24T16:25:00Z,config-svc,config_svc_requests_per_s,3513.2
2026-07-24T16:25:00Z,config-svc,rpc_latency_p95_ms,458.6
2026-07-24T16:25:00Z,dashboard-svc,dashboard_data_lag_s,695.3379
2026-07-24T16:25:00Z,dashboard-svc,dashboard_request_p95_ms,138.9
2026-07-24T16:25:00Z,ingest-worker,ingest_queue_depth,22.7
2026-07-24T16:25:00Z,pipeline-transformer,batch_process_p95_ms,2326.9
2026-07-24T16:25:00Z,search-svc,index_lag_ms,83.4
2026-07-24T16:26:00Z,config-svc,config_svc_requests_per_s,4269.3
2026-07-24T16:26:00Z,config-svc,rpc_latency_p95_ms,509.5
2026-07-24T16:26:00Z,dashboard-svc,dashboard_data_lag_s,585.3865
2026-07-24T16:26:00Z,dashboard-svc,dashboard_request_p95_ms,142.0
2026-07-24T16:26:00Z,ingest-worker,ingest_queue_depth,18.3
2026-07-24T16:26:00Z,pipeline-transformer,batch_process_p95_ms,2556.4
2026-07-24T16:26:00Z,search-svc,index_lag_ms,96.5
2026-07-24T16:27:00Z,config-svc,config_svc_requests_per_s,3597.3
2026-07-24T16:27:00Z,config-svc,rpc_latency_p95_ms,492.1
2026-07-24T16:27:00Z,dashboard-svc,dashboard_data_lag_s,622.0108
2026-07-24T16:27:00Z,dashboard-svc,dashboard_request_p95_ms,148.3
2026-07-24T16:27:00Z,ingest-worker,ingest_queue_depth,19.6
2026-07-24T16:27:00Z,pipeline-transformer,batch_process_p95_ms,2419.2
2026-07-24T16:27:00Z,search-svc,index_lag_ms,90.6
2026-07-24T16:28:00Z,config-svc,config_svc_requests_per_s,3678.2
2026-07-24T16:28:00Z,config-svc,rpc_latency_p95_ms,517.6
2026-07-24T16:28:00Z,dashboard-svc,dashboard_data_lag_s,691.6382
2026-07-24T16:28:00Z,dashboard-svc,dashboard_request_p95_ms,142.2
2026-07-24T16:28:00Z,ingest-worker,ingest_queue_depth,22.9
2026-07-24T16:28:00Z,pipeline-transformer,batch_process_p95_ms,2238.4
2026-07-24T16:28:00Z,search-svc,index_lag_ms,98.6
2026-07-24T16:29:00Z,config-svc,config_svc_requests_per_s,3975.6
2026-07-24T16:29:00Z,config-svc,rpc_latency_p95_ms,496.8
2026-07-24T16:29:00Z,dashboard-svc,dashboard_data_lag_s,663.1472
2026-07-24T16:29:00Z,dashboard-svc,dashboard_request_p95_ms,147.7
2026-07-24T16:29:00Z,ingest-worker,ingest_queue_depth,18.9
2026-07-24T16:29:00Z,pipeline-transformer,batch_process_p95_ms,2373.6
2026-07-24T16:29:00Z,search-svc,index_lag_ms,88.7
2026-07-24T16:30:00Z,config-svc,config_svc_requests_per_s,3687.6
2026-07-24T16:30:00Z,config-svc,rpc_latency_p95_ms,435.8
2026-07-24T16:30:00Z,dashboard-svc,dashboard_data_lag_s,609.0429
2026-07-24T16:30:00Z,dashboard-svc,dashboard_request_p95_ms,132.9
2026-07-24T16:30:00Z,ingest-worker,ingest_queue_depth,19.2
2026-07-24T16:30:00Z,pipeline-transformer,batch_process_p95_ms,2459.0
2026-07-24T16:30:00Z,search-svc,index_lag_ms,79.8
2026-07-24T16:31:00Z,config-svc,config_svc_requests_per_s,4226.6
2026-07-24T16:31:00Z,config-svc,rpc_latency_p95_ms,492.1
2026-07-24T16:31:00Z,dashboard-svc,dashboard_data_lag_s,684.9985
2026-07-24T16:31:00Z,dashboard-svc,dashboard_request_p95_ms,131.3
2026-07-24T16:31:00Z,ingest-worker,ingest_queue_depth,18.0
2026-07-24T16:31:00Z,pipeline-transformer,batch_process_p95_ms,2502.8
2026-07-24T16:31:00Z,search-svc,index_lag_ms,99.5
2026-07-24T16:32:00Z,config-svc,config_svc_requests_per_s,4142.4
2026-07-24T16:32:00Z,config-svc,rpc_latency_p95_ms,474.9
2026-07-24T16:32:00Z,dashboard-svc,dashboard_data_lag_s,611.4745
2026-07-24T16:32:00Z,dashboard-svc,dashboard_request_p95_ms,135.7
2026-07-24T16:32:00Z,ingest-worker,ingest_queue_depth,19.2
2026-07-24T16:32:00Z,pipeline-transformer,batch_process_p95_ms,2343.9
2026-07-24T16:32:00Z,search-svc,index_lag_ms,86.8
2026-07-24T16:33:00Z,config-svc,config_svc_requests_per_s,3752.6
2026-07-24T16:33:00Z,config-svc,rpc_latency_p95_ms,506.6
2026-07-24T16:33:00Z,dashboard-svc,dashboard_data_lag_s,612.7262
2026-07-24T16:33:00Z,dashboard-svc,dashboard_request_p95_ms,136.5
2026-07-24T16:33:00Z,ingest-worker,ingest_queue_depth,18.4
2026-07-24T16:33:00Z,pipeline-transformer,batch_process_p95_ms,2253.0
2026-07-24T16:33:00Z,search-svc,index_lag_ms,100.0
2026-07-24T16:34:00Z,config-svc,config_svc_requests_per_s,4193.9
2026-07-24T16:34:00Z,config-svc,rpc_latency_p95_ms,489.2
2026-07-24T16:34:00Z,dashboard-svc,dashboard_data_lag_s,665.7566
2026-07-24T16:34:00Z,dashboard-svc,dashboard_request_p95_ms,148.4
2026-07-24T16:34:00Z,ingest-worker,ingest_queue_depth,18.3
2026-07-24T16:34:00Z,pipeline-transformer,batch_process_p95_ms,2487.6
2026-07-24T16:34:00Z,search-svc,index_lag_ms,92.4
2026-07-24T16:35:00Z,config-svc,config_svc_requests_per_s,3602.6
2026-07-24T16:35:00Z,config-svc,rpc_latency_p95_ms,455.6
2026-07-24T16:35:00Z,dashboard-svc,dashboard_data_lag_s,629.8998
2026-07-24T16:35:00Z,dashboard-svc,dashboard_request_p95_ms,133.5
2026-07-24T16:35:00Z,ingest-worker,ingest_queue_depth,19.9
2026-07-24T16:35:00Z,pipeline-transformer,batch_process_p95_ms,2551.7
2026-07-24T16:35:00Z,search-svc,index_lag_ms,89.4
2026-07-24T16:36:00Z,config-svc,config_svc_requests_per_s,4012.7
2026-07-24T16:36:00Z,config-svc,rpc_latency_p95_ms,449.1
2026-07-24T16:36:00Z,dashboard-svc,dashboard_data_lag_s,619.6664
2026-07-24T16:36:00Z,dashboard-svc,dashboard_request_p95_ms,134.2
2026-07-24T16:36:00Z,ingest-worker,ingest_queue_depth,18.0
2026-07-24T16:36:00Z,pipeline-transformer,batch_process_p95_ms,2577.8
2026-07-24T16:36:00Z,search-svc,index_lag_ms,95.1
2026-07-24T16:37:00Z,config-svc,config_svc_requests_per_s,4094.2
2026-07-24T16:37:00Z,config-svc,rpc_latency_p95_ms,508.3
2026-07-24T16:37:00Z,dashboard-svc,dashboard_data_lag_s,660.5146
2026-07-24T16:37:00Z,dashboard-svc,dashboard_request_p95_ms,132.7
2026-07-24T16:37:00Z,ingest-worker,ingest_queue_depth,22.4
2026-07-24T16:37:00Z,pipeline-transformer,batch_process_p95_ms,2426.4
2026-07-24T16:37:00Z,search-svc,index_lag_ms,95.0
2026-07-24T16:38:00Z,config-svc,config_svc_requests_per_s,3669.6
2026-07-24T16:38:00Z,config-svc,rpc_latency_p95_ms,512.6
2026-07-24T16:38:00Z,dashboard-svc,dashboard_data_lag_s,649.2821
2026-07-24T16:38:00Z,dashboard-svc,dashboard_request_p95_ms,136.2
2026-07-24T16:38:00Z,ingest-worker,ingest_queue_depth,18.5
2026-07-24T16:38:00Z,pipeline-transformer,batch_process_p95_ms,2446.6
2026-07-24T16:38:00Z,search-svc,index_lag_ms,97.7
2026-07-24T16:39:00Z,config-svc,config_svc_requests_per_s,3636.5
2026-07-24T16:39:00Z,config-svc,rpc_latency_p95_ms,501.9
2026-07-24T16:39:00Z,dashboard-svc,dashboard_data_lag_s,688.8718
2026-07-24T16:39:00Z,dashboard-svc,dashboard_request_p95_ms,132.8
2026-07-24T16:39:00Z,ingest-worker,ingest_queue_depth,17.9
2026-07-24T16:39:00Z,pipeline-transformer,batch_process_p95_ms,2362.2
2026-07-24T16:39:00Z,search-svc,index_lag_ms,88.7
2026-07-24T16:40:00Z,config-svc,config_svc_requests_per_s,4209.7
2026-07-24T16:40:00Z,config-svc,rpc_latency_p95_ms,493.6
2026-07-24T16:40:00Z,dashboard-svc,dashboard_data_lag_s,599.6478
2026-07-24T16:40:00Z,dashboard-svc,dashboard_request_p95_ms,147.5
2026-07-24T16:40:00Z,ingest-worker,ingest_queue_depth,22.8
2026-07-24T16:40:00Z,pipeline-transformer,batch_process_p95_ms,2295.5
2026-07-24T16:40:00Z,search-svc,index_lag_ms,91.5
2026-07-24T16:41:00Z,config-svc,config_svc_requests_per_s,3780.0
2026-07-24T16:41:00Z,config-svc,rpc_latency_p95_ms,504.3
2026-07-24T16:41:00Z,dashboard-svc,dashboard_data_lag_s,626.2449
2026-07-24T16:41:00Z,dashboard-svc,dashboard_request_p95_ms,131.9
2026-07-24T16:41:00Z,ingest-worker,ingest_queue_depth,20.5
2026-07-24T16:41:00Z,pipeline-transformer,batch_process_p95_ms,2294.4
2026-07-24T16:41:00Z,search-svc,index_lag_ms,94.9
2026-07-24T16:42:00Z,config-svc,config_svc_requests_per_s,3632.3
2026-07-24T16:42:00Z,config-svc,rpc_latency_p95_ms,502.4
2026-07-24T16:42:00Z,dashboard-svc,dashboard_data_lag_s,638.6125
2026-07-24T16:42:00Z,dashboard-svc,dashboard_request_p95_ms,130.5
2026-07-24T16:42:00Z,ingest-worker,ingest_queue_depth,17.8
2026-07-24T16:42:00Z,pipeline-transformer,batch_process_p95_ms,2393.2
2026-07-24T16:42:00Z,search-svc,index_lag_ms,91.7
2026-07-24T16:43:00Z,config-svc,config_svc_requests_per_s,3927.1
2026-07-24T16:43:00Z,config-svc,rpc_latency_p95_ms,522.8
2026-07-24T16:43:00Z,dashboard-svc,dashboard_data_lag_s,661.6015
2026-07-24T16:43:00Z,dashboard-svc,dashboard_request_p95_ms,137.8
2026-07-24T16:43:00Z,ingest-worker,ingest_queue_depth,22.5
2026-07-24T16:43:00Z,pipeline-transformer,batch_process_p95_ms,2303.2
2026-07-24T16:43:00Z,search-svc,index_lag_ms,84.6
2026-07-24T16:44:00Z,config-svc,config_svc_requests_per_s,3641.4
2026-07-24T16:44:00Z,config-svc,rpc_latency_p95_ms,461.1
2026-07-24T16:44:00Z,dashboard-svc,dashboard_data_lag_s,681.4993
2026-07-24T16:44:00Z,dashboard-svc,dashboard_request_p95_ms,147.6
2026-07-24T16:44:00Z,ingest-worker,ingest_queue_depth,20.7
2026-07-24T16:44:00Z,pipeline-transformer,batch_process_p95_ms,2528.5
2026-07-24T16:44:00Z,search-svc,index_lag_ms,96.1
2026-07-24T16:45:00Z,config-svc,config_svc_requests_per_s,3583.5
2026-07-24T16:45:00Z,config-svc,rpc_latency_p95_ms,516.0
2026-07-24T16:45:00Z,dashboard-svc,dashboard_data_lag_s,649.711
2026-07-24T16:45:00Z,dashboard-svc,dashboard_request_p95_ms,137.4
2026-07-24T16:45:00Z,ingest-worker,ingest_queue_depth,19.2
2026-07-24T16:45:00Z,pipeline-transformer,batch_process_p95_ms,2473.8
2026-07-24T16:45:00Z,search-svc,index_lag_ms,100.1
2026-07-24T16:46:00Z,config-svc,config_svc_requests_per_s,4087.7
2026-07-24T16:46:00Z,config-svc,rpc_latency_p95_ms,507.5
2026-07-24T16:46:00Z,dashboard-svc,dashboard_data_lag_s,598.1833
2026-07-24T16:46:00Z,dashboard-svc,dashboard_request_p95_ms,138.3
2026-07-24T16:46:00Z,ingest-worker,ingest_queue_depth,18.4
2026-07-24T16:46:00Z,pipeline-transformer,batch_process_p95_ms,2505.7
2026-07-24T16:46:00Z,search-svc,index_lag_ms,92.1
2026-07-24T16:47:00Z,config-svc,config_svc_requests_per_s,3815.8
2026-07-24T16:47:00Z,config-svc,rpc_latency_p95_ms,485.2
2026-07-24T16:47:00Z,dashboard-svc,dashboard_data_lag_s,698.9735
2026-07-24T16:47:00Z,dashboard-svc,dashboard_request_p95_ms,149.6
2026-07-24T16:47:00Z,ingest-worker,ingest_queue_depth,20.8
2026-07-24T16:47:00Z,pipeline-transformer,batch_process_p95_ms,2562.3
2026-07-24T16:47:00Z,search-svc,index_lag_ms,92.3
2026-07-24T16:48:00Z,config-svc,config_svc_requests_per_s,4056.7
2026-07-24T16:48:00Z,config-svc,rpc_latency_p95_ms,457.6
2026-07-24T16:48:00Z,dashboard-svc,dashboard_data_lag_s,653.7054
2026-07-24T16:48:00Z,dashboard-svc,dashboard_request_p95_ms,143.2
2026-07-24T16:48:00Z,ingest-worker,ingest_queue_depth,20.4
2026-07-24T16:48:00Z,pipeline-transformer,batch_process_p95_ms,2569.8
2026-07-24T16:48:00Z,search-svc,index_lag_ms,84.3
2026-07-24T16:49:00Z,config-svc,config_svc_requests_per_s,3666.9
2026-07-24T16:49:00Z,config-svc,rpc_latency_p95_ms,452.7
2026-07-24T16:49:00Z,dashboard-svc,dashboard_data_lag_s,684.6224
2026-07-24T16:49:00Z,dashboard-svc,dashboard_request_p95_ms,136.3
2026-07-24T16:49:00Z,ingest-worker,ingest_queue_depth,21.7
2026-07-24T16:49:00Z,pipeline-transformer,batch_process_p95_ms,2410.7
2026-07-24T16:49:00Z,search-svc,index_lag_ms,94.1
2026-07-24T16:50:00Z,config-svc,config_svc_requests_per_s,3926.1
2026-07-24T16:50:00Z,config-svc,rpc_latency_p95_ms,483.5
2026-07-24T16:50:00Z,dashboard-svc,dashboard_data_lag_s,667.0105
2026-07-24T16:50:00Z,dashboard-svc,dashboard_request_p95_ms,149.5
2026-07-24T16:50:00Z,ingest-worker,ingest_queue_depth,17.6
2026-07-24T16:50:00Z,pipeline-transformer,batch_process_p95_ms,2514.1
2026-07-24T16:50:00Z,search-svc,index_lag_ms,94.5
2026-07-24T16:51:00Z,config-svc,config_svc_requests_per_s,4127.8
2026-07-24T16:51:00Z,config-svc,rpc_latency_p95_ms,438.3
2026-07-24T16:51:00Z,dashboard-svc,dashboard_data_lag_s,626.697
2026-07-24T16:51:00Z,dashboard-svc,dashboard_request_p95_ms,137.6
2026-07-24T16:51:00Z,ingest-worker,ingest_queue_depth,22.5
2026-07-24T16:51:00Z,pipeline-transformer,batch_process_p95_ms,2258.1
2026-07-24T16:51:00Z,search-svc,index_lag_ms,81.5
2026-07-24T16:52:00Z,config-svc,config_svc_requests_per_s,3607.7
2026-07-24T16:52:00Z,config-svc,rpc_latency_p95_ms,443.2
2026-07-24T16:52:00Z,dashboard-svc,dashboard_data_lag_s,633.3111
2026-07-24T16:52:00Z,dashboard-svc,dashboard_request_p95_ms,138.8
2026-07-24T16:52:00Z,ingest-worker,ingest_queue_depth,17.4
2026-07-24T16:52:00Z,pipeline-transformer,batch_process_p95_ms,2529.1
2026-07-24T16:52:00Z,search-svc,index_lag_ms,98.9
2026-07-24T16:53:00Z,config-svc,config_svc_requests_per_s,4024.2
2026-07-24T16:53:00Z,config-svc,rpc_latency_p95_ms,525.1
2026-07-24T16:53:00Z,dashboard-svc,dashboard_data_lag_s,598.6002
2026-07-24T16:53:00Z,dashboard-svc,dashboard_request_p95_ms,134.8
2026-07-24T16:53:00Z,ingest-worker,ingest_queue_depth,17.5
2026-07-24T16:53:00Z,pipeline-transformer,batch_process_p95_ms,2377.8
2026-07-24T16:53:00Z,search-svc,index_lag_ms,96.7
2026-07-24T16:54:00Z,config-svc,config_svc_requests_per_s,4031.7
2026-07-24T16:54:00Z,config-svc,rpc_latency_p95_ms,451.7
2026-07-24T16:54:00Z,dashboard-svc,dashboard_data_lag_s,695.5284
2026-07-24T16:54:00Z,dashboard-svc,dashboard_request_p95_ms,148.2
2026-07-24T16:54:00Z,ingest-worker,ingest_queue_depth,22.1
2026-07-24T16:54:00Z,pipeline-transformer,batch_process_p95_ms,2492.8
2026-07-24T16:54:00Z,search-svc,index_lag_ms,83.4
2026-07-24T16:55:00Z,config-svc,config_svc_requests_per_s,3615.8
2026-07-24T16:55:00Z,config-svc,rpc_latency_p95_ms,521.6
2026-07-24T16:55:00Z,dashboard-svc,dashboard_data_lag_s,696.578
2026-07-24T16:55:00Z,dashboard-svc,dashboard_request_p95_ms,131.5
2026-07-24T16:55:00Z,ingest-worker,ingest_queue_depth,17.9
2026-07-24T16:55:00Z,pipeline-transformer,batch_process_p95_ms,2259.0
2026-07-24T16:55:00Z,search-svc,index_lag_ms,82.4
2026-07-24T16:56:00Z,config-svc,config_svc_requests_per_s,4172.4
2026-07-24T16:56:00Z,config-svc,rpc_latency_p95_ms,439.4
2026-07-24T16:56:00Z,dashboard-svc,dashboard_data_lag_s,628.364
2026-07-24T16:56:00Z,dashboard-svc,dashboard_request_p95_ms,144.7
2026-07-24T16:56:00Z,ingest-worker,ingest_queue_depth,17.5
2026-07-24T16:56:00Z,pipeline-transformer,batch_process_p95_ms,2314.8
2026-07-24T16:56:00Z,search-svc,index_lag_ms,82.6
2026-07-24T16:57:00Z,config-svc,config_svc_requests_per_s,3776.0
2026-07-24T16:57:00Z,config-svc,rpc_latency_p95_ms,520.0
2026-07-24T16:57:00Z,dashboard-svc,dashboard_data_lag_s,696.8919
2026-07-24T16:57:00Z,dashboard-svc,dashboard_request_p95_ms,146.1
2026-07-24T16:57:00Z,ingest-worker,ingest_queue_depth,17.0
2026-07-24T16:57:00Z,pipeline-transformer,batch_process_p95_ms,2485.9
2026-07-24T16:57:00Z,search-svc,index_lag_ms,96.7
2026-07-24T16:58:00Z,config-svc,config_svc_requests_per_s,4242.2
2026-07-24T16:58:00Z,config-svc,rpc_latency_p95_ms,480.5
2026-07-24T16:58:00Z,dashboard-svc,dashboard_data_lag_s,622.4992
2026-07-24T16:58:00Z,dashboard-svc,dashboard_request_p95_ms,139.2
2026-07-24T16:58:00Z,ingest-worker,ingest_queue_depth,19.5
2026-07-24T16:58:00Z,pipeline-transformer,batch_process_p95_ms,2455.7
2026-07-24T16:58:00Z,search-svc,index_lag_ms,98.2
2026-07-24T16:59:00Z,config-svc,config_svc_requests_per_s,4244.7
2026-07-24T16:59:00Z,config-svc,rpc_latency_p95_ms,494.0
2026-07-24T16:59:00Z,dashboard-svc,dashboard_data_lag_s,613.8317
2026-07-24T16:59:00Z,dashboard-svc,dashboard_request_p95_ms,146.7
2026-07-24T16:59:00Z,ingest-worker,ingest_queue_depth,19.6
2026-07-24T16:59:00Z,pipeline-transformer,batch_process_p95_ms,2237.4
2026-07-24T16:59:00Z,search-svc,index_lag_ms,97.0
2026-07-24T17:00:00Z,config-svc,config_svc_requests_per_s,4020.8
2026-07-24T17:00:00Z,config-svc,rpc_latency_p95_ms,432.2
2026-07-24T17:00:00Z,dashboard-svc,dashboard_data_lag_s,696.5039
2026-07-24T17:00:00Z,dashboard-svc,dashboard_request_p95_ms,134.0
2026-07-24T17:00:00Z,ingest-worker,ingest_queue_depth,18.9
2026-07-24T17:00:00Z,pipeline-transformer,batch_process_p95_ms,2284.9
2026-07-24T17:00:00Z,search-svc,index_lag_ms,93.6
2026-07-24T17:01:00Z,config-svc,config_svc_requests_per_s,3627.9
2026-07-24T17:01:00Z,config-svc,rpc_latency_p95_ms,452.2
2026-07-24T17:01:00Z,dashboard-svc,dashboard_data_lag_s,646.6574
2026-07-24T17:01:00Z,dashboard-svc,dashboard_request_p95_ms,137.1
2026-07-24T17:01:00Z,ingest-worker,ingest_queue_depth,19.9
2026-07-24T17:01:00Z,pipeline-transformer,batch_process_p95_ms,2397.2
2026-07-24T17:01:00Z,search-svc,index_lag_ms,94.9
2026-07-24T17:02:00Z,config-svc,config_svc_requests_per_s,3998.7
2026-07-24T17:02:00Z,config-svc,rpc_latency_p95_ms,451.0
2026-07-24T17:02:00Z,dashboard-svc,dashboard_data_lag_s,686.359
2026-07-24T17:02:00Z,dashboard-svc,dashboard_request_p95_ms,131.1
2026-07-24T17:02:00Z,ingest-worker,ingest_queue_depth,22.1
2026-07-24T17:02:00Z,pipeline-transformer,batch_process_p95_ms,2236.5
2026-07-24T17:02:00Z,search-svc,index_lag_ms,91.3
2026-07-24T17:03:00Z,config-svc,config_svc_requests_per_s,3723.3
2026-07-24T17:03:00Z,config-svc,rpc_latency_p95_ms,503.5
2026-07-24T17:03:00Z,dashboard-svc,dashboard_data_lag_s,637.8723
2026-07-24T17:03:00Z,dashboard-svc,dashboard_request_p95_ms,135.1
2026-07-24T17:03:00Z,ingest-worker,ingest_queue_depth,17.7
2026-07-24T17:03:00Z,pipeline-transformer,batch_process_p95_ms,2559.2
2026-07-24T17:03:00Z,search-svc,index_lag_ms,92.6
2026-07-24T17:04:00Z,config-svc,config_svc_requests_per_s,3928.1
2026-07-24T17:04:00Z,config-svc,rpc_latency_p95_ms,495.0
2026-07-24T17:04:00Z,dashboard-svc,dashboard_data_lag_s,627.3551
2026-07-24T17:04:00Z,dashboard-svc,dashboard_request_p95_ms,144.0
2026-07-24T17:04:00Z,ingest-worker,ingest_queue_depth,19.6
2026-07-24T17:04:00Z,pipeline-transformer,batch_process_p95_ms,2582.1
2026-07-24T17:04:00Z,search-svc,index_lag_ms,96.0
2026-07-24T17:05:00Z,config-svc,config_svc_requests_per_s,4005.8
2026-07-24T17:05:00Z,config-svc,rpc_latency_p95_ms,491.1
2026-07-24T17:05:00Z,dashboard-svc,dashboard_data_lag_s,609.8519
2026-07-24T17:05:00Z,dashboard-svc,dashboard_request_p95_ms,146.9
2026-07-24T17:05:00Z,ingest-worker,ingest_queue_depth,21.5
2026-07-24T17:05:00Z,pipeline-transformer,batch_process_p95_ms,2395.0
2026-07-24T17:05:00Z,search-svc,index_lag_ms,90.3
2026-07-24T17:06:00Z,config-svc,config_svc_requests_per_s,3933.5
2026-07-24T17:06:00Z,config-svc,rpc_latency_p95_ms,526.9
2026-07-24T17:06:00Z,dashboard-svc,dashboard_data_lag_s,649.9118
2026-07-24T17:06:00Z,dashboard-svc,dashboard_request_p95_ms,136.9
2026-07-24T17:06:00Z,ingest-worker,ingest_queue_depth,20.6
2026-07-24T17:06:00Z,pipeline-transformer,batch_process_p95_ms,2316.9
2026-07-24T17:06:00Z,search-svc,index_lag_ms,84.4
2026-07-24T17:07:00Z,config-svc,config_svc_requests_per_s,3580.0
2026-07-24T17:07:00Z,config-svc,rpc_latency_p95_ms,493.6
2026-07-24T17:07:00Z,dashboard-svc,dashboard_data_lag_s,611.7676
2026-07-24T17:07:00Z,dashboard-svc,dashboard_request_p95_ms,142.3
2026-07-24T17:07:00Z,ingest-worker,ingest_queue_depth,21.2
2026-07-24T17:07:00Z,pipeline-transformer,batch_process_p95_ms,2391.6
2026-07-24T17:07:00Z,search-svc,index_lag_ms,93.5
2026-07-24T17:08:00Z,config-svc,config_svc_requests_per_s,3650.2
2026-07-24T17:08:00Z,config-svc,rpc_latency_p95_ms,489.5
2026-07-24T17:08:00Z,dashboard-svc,dashboard_data_lag_s,596.9503
2026-07-24T17:08:00Z,dashboard-svc,dashboard_request_p95_ms,136.5
2026-07-24T17:08:00Z,ingest-worker,ingest_queue_depth,22.8
2026-07-24T17:08:00Z,pipeline-transformer,batch_process_p95_ms,2288.7
2026-07-24T17:08:00Z,search-svc,index_lag_ms,83.7
2026-07-24T17:09:00Z,config-svc,config_svc_requests_per_s,4057.6
2026-07-24T17:09:00Z,config-svc,rpc_latency_p95_ms,518.8
2026-07-24T17:09:00Z,dashboard-svc,dashboard_data_lag_s,654.3032
2026-07-24T17:09:00Z,dashboard-svc,dashboard_request_p95_ms,145.5
2026-07-24T17:09:00Z,ingest-worker,ingest_queue_depth,19.4
2026-07-24T17:09:00Z,pipeline-transformer,batch_process_p95_ms,2582.7
2026-07-24T17:09:00Z,search-svc,index_lag_ms,94.7
2026-07-24T17:10:00Z,config-svc,config_svc_requests_per_s,3551.5
2026-07-24T17:10:00Z,config-svc,rpc_latency_p95_ms,517.5
2026-07-24T17:10:00Z,dashboard-svc,dashboard_data_lag_s,692.8611
2026-07-24T17:10:00Z,dashboard-svc,dashboard_request_p95_ms,149.4
2026-07-24T17:10:00Z,ingest-worker,ingest_queue_depth,19.6
2026-07-24T17:10:00Z,pipeline-transformer,batch_process_p95_ms,2575.3
2026-07-24T17:10:00Z,search-svc,index_lag_ms,96.8
2026-07-24T17:11:00Z,config-svc,config_svc_requests_per_s,4210.4
2026-07-24T17:11:00Z,config-svc,rpc_latency_p95_ms,451.3
2026-07-24T17:11:00Z,dashboard-svc,dashboard_data_lag_s,649.703
2026-07-24T17:11:00Z,dashboard-svc,dashboard_request_p95_ms,147.3
2026-07-24T17:11:00Z,ingest-worker,ingest_queue_depth,22.5
2026-07-24T17:11:00Z,pipeline-transformer,batch_process_p95_ms,2457.7
2026-07-24T17:11:00Z,search-svc,index_lag_ms,96.5
2026-07-24T17:12:00Z,config-svc,config_svc_requests_per_s,3783.6
2026-07-24T17:12:00Z,config-svc,rpc_latency_p95_ms,461.7
2026-07-24T17:12:00Z,dashboard-svc,dashboard_data_lag_s,655.391
2026-07-24T17:12:00Z,dashboard-svc,dashboard_request_p95_ms,135.7
2026-07-24T17:12:00Z,ingest-worker,ingest_queue_depth,20.4
2026-07-24T17:12:00Z,pipeline-transformer,batch_process_p95_ms,2315.2
2026-07-24T17:12:00Z,search-svc,index_lag_ms,92.5
2026-07-24T17:13:00Z,config-svc,config_svc_requests_per_s,4139.3
2026-07-24T17:13:00Z,config-svc,rpc_latency_p95_ms,525.8
2026-07-24T17:13:00Z,dashboard-svc,dashboard_data_lag_s,647.072
2026-07-24T17:13:00Z,dashboard-svc,dashboard_request_p95_ms,133.4
2026-07-24T17:13:00Z,ingest-worker,ingest_queue_depth,21.2
2026-07-24T17:13:00Z,pipeline-transformer,batch_process_p95_ms,2310.9
2026-07-24T17:13:00Z,search-svc,index_lag_ms,98.4
2026-07-24T17:14:00Z,config-svc,config_svc_requests_per_s,4133.1
2026-07-24T17:14:00Z,config-svc,rpc_latency_p95_ms,488.6
2026-07-24T17:14:00Z,dashboard-svc,dashboard_data_lag_s,658.406
2026-07-24T17:14:00Z,dashboard-svc,dashboard_request_p95_ms,137.6
2026-07-24T17:14:00Z,ingest-worker,ingest_queue_depth,19.9
2026-07-24T17:14:00Z,pipeline-transformer,batch_process_p95_ms,2552.8
2026-07-24T17:14:00Z,search-svc,index_lag_ms,79.5
2026-07-24T17:15:00Z,config-svc,config_svc_requests_per_s,3925.2
2026-07-24T17:15:00Z,config-svc,rpc_latency_p95_ms,520.8
2026-07-24T17:15:00Z,dashboard-svc,dashboard_data_lag_s,671.3962
2026-07-24T17:15:00Z,dashboard-svc,dashboard_request_p95_ms,131.4
2026-07-24T17:15:00Z,ingest-worker,ingest_queue_depth,20.2
2026-07-24T17:15:00Z,pipeline-transformer,batch_process_p95_ms,2379.1
2026-07-24T17:15:00Z,search-svc,index_lag_ms,99.4
2026-07-24T17:16:00Z,config-svc,config_svc_requests_per_s,3743.1
2026-07-24T17:16:00Z,config-svc,rpc_latency_p95_ms,516.7
2026-07-24T17:16:00Z,dashboard-svc,dashboard_data_lag_s,602.1822
2026-07-24T17:16:00Z,dashboard-svc,dashboard_request_p95_ms,136.9
2026-07-24T17:16:00Z,ingest-worker,ingest_queue_depth,18.2
2026-07-24T17:16:00Z,pipeline-transformer,batch_process_p95_ms,2247.9
2026-07-24T17:16:00Z,search-svc,index_lag_ms,94.0
2026-07-24T17:17:00Z,config-svc,config_svc_requests_per_s,4026.6
2026-07-24T17:17:00Z,config-svc,rpc_latency_p95_ms,480.0
2026-07-24T17:17:00Z,dashboard-svc,dashboard_data_lag_s,615.7134
2026-07-24T17:17:00Z,dashboard-svc,dashboard_request_p95_ms,135.5
2026-07-24T17:17:00Z,ingest-worker,ingest_queue_depth,18.1
2026-07-24T17:17:00Z,pipeline-transformer,batch_process_p95_ms,2439.7
2026-07-24T17:17:00Z,search-svc,index_lag_ms,89.2
2026-07-24T17:18:00Z,config-svc,config_svc_requests_per_s,4269.1
2026-07-24T17:18:00Z,config-svc,rpc_latency_p95_ms,480.6
2026-07-24T17:18:00Z,dashboard-svc,dashboard_data_lag_s,646.7232
2026-07-24T17:18:00Z,dashboard-svc,dashboard_request_p95_ms,137.4
2026-07-24T17:18:00Z,ingest-worker,ingest_queue_depth,21.0
2026-07-24T17:18:00Z,pipeline-transformer,batch_process_p95_ms,2571.2
2026-07-24T17:18:00Z,search-svc,index_lag_ms,84.3
2026-07-24T17:19:00Z,config-svc,config_svc_requests_per_s,4098.6
2026-07-24T17:19:00Z,config-svc,rpc_latency_p95_ms,511.6
2026-07-24T17:19:00Z,dashboard-svc,dashboard_data_lag_s,586.6191
2026-07-24T17:19:00Z,dashboard-svc,dashboard_request_p95_ms,137.7
2026-07-24T17:19:00Z,ingest-worker,ingest_queue_depth,20.8
2026-07-24T17:19:00Z,pipeline-transformer,batch_process_p95_ms,2227.6
2026-07-24T17:19:00Z,search-svc,index_lag_ms,80.8
2026-07-24T17:20:00Z,config-svc,config_svc_requests_per_s,3852.8
2026-07-24T17:20:00Z,config-svc,rpc_latency_p95_ms,453.3
2026-07-24T17:20:00Z,dashboard-svc,dashboard_data_lag_s,596.0092
2026-07-24T17:20:00Z,dashboard-svc,dashboard_request_p95_ms,133.9
2026-07-24T17:20:00Z,ingest-worker,ingest_queue_depth,21.0
2026-07-24T17:20:00Z,pipeline-transformer,batch_process_p95_ms,2449.4
2026-07-24T17:20:00Z,search-svc,index_lag_ms,84.4
2026-07-24T17:21:00Z,config-svc,config_svc_requests_per_s,3729.4
2026-07-24T17:21:00Z,config-svc,rpc_latency_p95_ms,464.4
2026-07-24T17:21:00Z,dashboard-svc,dashboard_data_lag_s,629.2864
2026-07-24T17:21:00Z,dashboard-svc,dashboard_request_p95_ms,138.6
2026-07-24T17:21:00Z,ingest-worker,ingest_queue_depth,19.3
2026-07-24T17:21:00Z,pipeline-transformer,batch_process_p95_ms,2488.0
2026-07-24T17:21:00Z,search-svc,index_lag_ms,93.5
2026-07-24T17:22:00Z,config-svc,config_svc_requests_per_s,3812.4
2026-07-24T17:22:00Z,config-svc,rpc_latency_p95_ms,437.2
2026-07-24T17:22:00Z,dashboard-svc,dashboard_data_lag_s,675.7748
2026-07-24T17:22:00Z,dashboard-svc,dashboard_request_p95_ms,141.6
2026-07-24T17:22:00Z,ingest-worker,ingest_queue_depth,21.2
2026-07-24T17:22:00Z,pipeline-transformer,batch_process_p95_ms,2540.3
2026-07-24T17:22:00Z,search-svc,index_lag_ms,91.3
2026-07-24T17:23:00Z,config-svc,config_svc_requests_per_s,3526.7
2026-07-24T17:23:00Z,config-svc,rpc_latency_p95_ms,476.5
2026-07-24T17:23:00Z,dashboard-svc,dashboard_data_lag_s,678.0006
2026-07-24T17:23:00Z,dashboard-svc,dashboard_request_p95_ms,134.7
2026-07-24T17:23:00Z,ingest-worker,ingest_queue_depth,20.7
2026-07-24T17:23:00Z,pipeline-transformer,batch_process_p95_ms,2266.0
2026-07-24T17:23:00Z,search-svc,index_lag_ms,81.8
2026-07-24T17:24:00Z,config-svc,config_svc_requests_per_s,4171.3
2026-07-24T17:24:00Z,config-svc,rpc_latency_p95_ms,494.2
2026-07-24T17:24:00Z,dashboard-svc,dashboard_data_lag_s,596.0942
2026-07-24T17:24:00Z,dashboard-svc,dashboard_request_p95_ms,138.3
2026-07-24T17:24:00Z,ingest-worker,ingest_queue_depth,19.7
2026-07-24T17:24:00Z,pipeline-transformer,batch_process_p95_ms,2421.2
2026-07-24T17:24:00Z,search-svc,index_lag_ms,82.9
2026-07-24T17:25:00Z,config-svc,config_svc_requests_per_s,3728.9
2026-07-24T17:25:00Z,config-svc,rpc_latency_p95_ms,438.2
2026-07-24T17:25:00Z,dashboard-svc,dashboard_data_lag_s,699.3008
2026-07-24T17:25:00Z,dashboard-svc,dashboard_request_p95_ms,131.9
2026-07-24T17:25:00Z,ingest-worker,ingest_queue_depth,20.7
2026-07-24T17:25:00Z,pipeline-transformer,batch_process_p95_ms,2524.8
2026-07-24T17:25:00Z,search-svc,index_lag_ms,79.2
2026-07-24T17:26:00Z,config-svc,config_svc_requests_per_s,3850.3
2026-07-24T17:26:00Z,config-svc,rpc_latency_p95_ms,526.0
2026-07-24T17:26:00Z,dashboard-svc,dashboard_data_lag_s,669.5525
2026-07-24T17:26:00Z,dashboard-svc,dashboard_request_p95_ms,144.5
2026-07-24T17:26:00Z,ingest-worker,ingest_queue_depth,20.8
2026-07-24T17:26:00Z,pipeline-transformer,batch_process_p95_ms,2362.2
2026-07-24T17:26:00Z,search-svc,index_lag_ms,91.7
2026-07-24T17:27:00Z,config-svc,config_svc_requests_per_s,4024.6
2026-07-24T17:27:00Z,config-svc,rpc_latency_p95_ms,492.2
2026-07-24T17:27:00Z,dashboard-svc,dashboard_data_lag_s,632.0566
2026-07-24T17:27:00Z,dashboard-svc,dashboard_request_p95_ms,139.8
2026-07-24T17:27:00Z,ingest-worker,ingest_queue_depth,19.7
2026-07-24T17:27:00Z,pipeline-transformer,batch_process_p95_ms,2516.5
2026-07-24T17:27:00Z,search-svc,index_lag_ms,81.7
2026-07-24T17:28:00Z,config-svc,config_svc_requests_per_s,4250.9
2026-07-24T17:28:00Z,config-svc,rpc_latency_p95_ms,500.4
2026-07-24T17:28:00Z,dashboard-svc,dashboard_data_lag_s,620.549
2026-07-24T17:28:00Z,dashboard-svc,dashboard_request_p95_ms,145.8
2026-07-24T17:28:00Z,ingest-worker,ingest_queue_depth,21.0
2026-07-24T17:28:00Z,pipeline-transformer,batch_process_p95_ms,2275.8
2026-07-24T17:28:00Z,search-svc,index_lag_ms,90.5
2026-07-24T17:29:00Z,config-svc,config_svc_requests_per_s,4122.0
2026-07-24T17:29:00Z,config-svc,rpc_latency_p95_ms,482.1
2026-07-24T17:29:00Z,dashboard-svc,dashboard_data_lag_s,694.0969
2026-07-24T17:29:00Z,dashboard-svc,dashboard_request_p95_ms,138.5
2026-07-24T17:29:00Z,ingest-worker,ingest_queue_depth,18.3
2026-07-24T17:29:00Z,pipeline-transformer,batch_process_p95_ms,2538.7
2026-07-24T17:29:00Z,search-svc,index_lag_ms,86.8
2026-07-24T17:30:00Z,config-svc,config_svc_requests_per_s,4036.4
2026-07-24T17:30:00Z,config-svc,rpc_latency_p95_ms,497.4
2026-07-24T17:30:00Z,dashboard-svc,dashboard_data_lag_s,646.9684
2026-07-24T17:30:00Z,dashboard-svc,dashboard_request_p95_ms,146.3
2026-07-24T17:30:00Z,ingest-worker,ingest_queue_depth,22.6
2026-07-24T17:30:00Z,pipeline-transformer,batch_process_p95_ms,2576.9
2026-07-24T17:30:00Z,search-svc,index_lag_ms,95.6
2026-07-24T17:31:00Z,config-svc,config_svc_requests_per_s,3516.3
2026-07-24T17:31:00Z,config-svc,rpc_latency_p95_ms,477.1
2026-07-24T17:31:00Z,dashboard-svc,dashboard_data_lag_s,593.9
2026-07-24T17:31:00Z,dashboard-svc,dashboard_request_p95_ms,133.5
2026-07-24T17:31:00Z,ingest-worker,ingest_queue_depth,20.0
2026-07-24T17:31:00Z,pipeline-transformer,batch_process_p95_ms,2584.3
2026-07-24T17:31:00Z,search-svc,index_lag_ms,83.0
2026-07-24T17:32:00Z,config-svc,config_svc_requests_per_s,3935.6
2026-07-24T17:32:00Z,config-svc,rpc_latency_p95_ms,443.4
2026-07-24T17:32:00Z,dashboard-svc,dashboard_data_lag_s,699.2584
2026-07-24T17:32:00Z,dashboard-svc,dashboard_request_p95_ms,138.2
2026-07-24T17:32:00Z,ingest-worker,ingest_queue_depth,19.7
2026-07-24T17:32:00Z,pipeline-transformer,batch_process_p95_ms,2498.9
2026-07-24T17:32:00Z,search-svc,index_lag_ms,84.9
2026-07-24T17:33:00Z,config-svc,config_svc_requests_per_s,3986.1
2026-07-24T17:33:00Z,config-svc,rpc_latency_p95_ms,494.0
2026-07-24T17:33:00Z,dashboard-svc,dashboard_data_lag_s,661.9324
2026-07-24T17:33:00Z,dashboard-svc,dashboard_request_p95_ms,138.8
2026-07-24T17:33:00Z,ingest-worker,ingest_queue_depth,19.0
2026-07-24T17:33:00Z,pipeline-transformer,batch_process_p95_ms,2503.6
2026-07-24T17:33:00Z,search-svc,index_lag_ms,88.6
2026-07-24T17:34:00Z,config-svc,config_svc_requests_per_s,3710.4
2026-07-24T17:34:00Z,config-svc,rpc_latency_p95_ms,441.6
2026-07-24T17:34:00Z,dashboard-svc,dashboard_data_lag_s,694.0496
2026-07-24T17:34:00Z,dashboard-svc,dashboard_request_p95_ms,149.2
2026-07-24T17:34:00Z,ingest-worker,ingest_queue_depth,19.9
2026-07-24T17:34:00Z,pipeline-transformer,batch_process_p95_ms,2519.7
2026-07-24T17:34:00Z,search-svc,index_lag_ms,96.9
2026-07-24T17:35:00Z,config-svc,config_svc_requests_per_s,3553.8
2026-07-24T17:35:00Z,config-svc,rpc_latency_p95_ms,458.0
2026-07-24T17:35:00Z,dashboard-svc,dashboard_data_lag_s,663.6093
2026-07-24T17:35:00Z,dashboard-svc,dashboard_request_p95_ms,131.4
2026-07-24T17:35:00Z,ingest-worker,ingest_queue_depth,20.1
2026-07-24T17:35:00Z,pipeline-transformer,batch_process_p95_ms,2338.7
2026-07-24T17:35:00Z,search-svc,index_lag_ms,89.7
2026-07-24T17:36:00Z,config-svc,config_svc_requests_per_s,3745.0
2026-07-24T17:36:00Z,config-svc,rpc_latency_p95_ms,453.0
2026-07-24T17:36:00Z,dashboard-svc,dashboard_data_lag_s,637.5996
2026-07-24T17:36:00Z,dashboard-svc,dashboard_request_p95_ms,135.8
2026-07-24T17:36:00Z,ingest-worker,ingest_queue_depth,21.5
2026-07-24T17:36:00Z,pipeline-transformer,batch_process_p95_ms,2514.7
2026-07-24T17:36:00Z,search-svc,index_lag_ms,96.6
2026-07-24T17:37:00Z,config-svc,config_svc_requests_per_s,3820.0
2026-07-24T17:37:00Z,config-svc,rpc_latency_p95_ms,452.7
2026-07-24T17:37:00Z,dashboard-svc,dashboard_data_lag_s,682.8532
2026-07-24T17:37:00Z,dashboard-svc,dashboard_request_p95_ms,139.2
2026-07-24T17:37:00Z,ingest-worker,ingest_queue_depth,18.9
2026-07-24T17:37:00Z,pipeline-transformer,batch_process_p95_ms,2533.3
2026-07-24T17:37:00Z,search-svc,index_lag_ms,98.4
2026-07-24T17:38:00Z,config-svc,config_svc_requests_per_s,3529.0
2026-07-24T17:38:00Z,config-svc,rpc_latency_p95_ms,493.7
2026-07-24T17:38:00Z,dashboard-svc,dashboard_data_lag_s,661.5037
2026-07-24T17:38:00Z,dashboard-svc,dashboard_request_p95_ms,138.8
2026-07-24T17:38:00Z,ingest-worker,ingest_queue_depth,22.5
2026-07-24T17:38:00Z,pipeline-transformer,batch_process_p95_ms,2438.3
2026-07-24T17:38:00Z,search-svc,index_lag_ms,85.9
2026-07-24T17:39:00Z,config-svc,config_svc_requests_per_s,3581.6
2026-07-24T17:39:00Z,config-svc,rpc_latency_p95_ms,520.9
2026-07-24T17:39:00Z,dashboard-svc,dashboard_data_lag_s,639.8752
2026-07-24T17:39:00Z,dashboard-svc,dashboard_request_p95_ms,135.3
2026-07-24T17:39:00Z,ingest-worker,ingest_queue_depth,17.6
2026-07-24T17:39:00Z,pipeline-transformer,batch_process_p95_ms,2437.6
2026-07-24T17:39:00Z,search-svc,index_lag_ms,87.8
2026-07-24T17:40:00Z,config-svc,config_svc_requests_per_s,4069.9
2026-07-24T17:40:00Z,config-svc,rpc_latency_p95_ms,515.6
2026-07-24T17:40:00Z,dashboard-svc,dashboard_data_lag_s,642.9377
2026-07-24T17:40:00Z,dashboard-svc,dashboard_request_p95_ms,134.4
2026-07-24T17:40:00Z,ingest-worker,ingest_queue_depth,19.1
2026-07-24T17:40:00Z,pipeline-transformer,batch_process_p95_ms,2558.1
2026-07-24T17:40:00Z,search-svc,index_lag_ms,90.5
2026-07-24T17:41:00Z,config-svc,config_svc_requests_per_s,3843.7
2026-07-24T17:41:00Z,config-svc,rpc_latency_p95_ms,436.8
2026-07-24T17:41:00Z,dashboard-svc,dashboard_data_lag_s,597.4421
2026-07-24T17:41:00Z,dashboard-svc,dashboard_request_p95_ms,136.4
2026-07-24T17:41:00Z,ingest-worker,ingest_queue_depth,21.5
2026-07-24T17:41:00Z,pipeline-transformer,batch_process_p95_ms,2346.4
2026-07-24T17:41:00Z,search-svc,index_lag_ms,84.2
2026-07-24T17:42:00Z,config-svc,config_svc_requests_per_s,4041.8
2026-07-24T17:42:00Z,config-svc,rpc_latency_p95_ms,471.6
2026-07-24T17:42:00Z,dashboard-svc,dashboard_data_lag_s,655.0741
2026-07-24T17:42:00Z,dashboard-svc,dashboard_request_p95_ms,131.1
2026-07-24T17:42:00Z,ingest-worker,ingest_queue_depth,17.3
2026-07-24T17:42:00Z,pipeline-transformer,batch_process_p95_ms,2417.1
2026-07-24T17:42:00Z,search-svc,index_lag_ms,92.7
2026-07-24T17:43:00Z,config-svc,config_svc_requests_per_s,3831.2
2026-07-24T17:43:00Z,config-svc,rpc_latency_p95_ms,455.2
2026-07-24T17:43:00Z,dashboard-svc,dashboard_data_lag_s,619.2555
2026-07-24T17:43:00Z,dashboard-svc,dashboard_request_p95_ms,136.3
2026-07-24T17:43:00Z,ingest-worker,ingest_queue_depth,22.1
2026-07-24T17:43:00Z,pipeline-transformer,batch_process_p95_ms,2511.0
2026-07-24T17:43:00Z,search-svc,index_lag_ms,86.6
2026-07-24T17:44:00Z,config-svc,config_svc_requests_per_s,4240.4
2026-07-24T17:44:00Z,config-svc,rpc_latency_p95_ms,501.9
2026-07-24T17:44:00Z,dashboard-svc,dashboard_data_lag_s,674.2182
2026-07-24T17:44:00Z,dashboard-svc,dashboard_request_p95_ms,141.5
2026-07-24T17:44:00Z,ingest-worker,ingest_queue_depth,20.8
2026-07-24T17:44:00Z,pipeline-transformer,batch_process_p95_ms,2375.0
2026-07-24T17:44:00Z,search-svc,index_lag_ms,92.7
2026-07-24T17:45:00Z,config-svc,config_svc_requests_per_s,4210.4
2026-07-24T17:45:00Z,config-svc,rpc_latency_p95_ms,435.6
2026-07-24T17:45:00Z,dashboard-svc,dashboard_data_lag_s,695.853
2026-07-24T17:45:00Z,dashboard-svc,dashboard_request_p95_ms,148.6
2026-07-24T17:45:00Z,ingest-worker,ingest_queue_depth,19.8
2026-07-24T17:45:00Z,pipeline-transformer,batch_process_p95_ms,2405.1
2026-07-24T17:45:00Z,search-svc,index_lag_ms,91.8
2026-07-24T17:46:00Z,config-svc,config_svc_requests_per_s,4142.7
2026-07-24T17:46:00Z,config-svc,rpc_latency_p95_ms,468.1
2026-07-24T17:46:00Z,dashboard-svc,dashboard_data_lag_s,673.3016
2026-07-24T17:46:00Z,dashboard-svc,dashboard_request_p95_ms,149.4
2026-07-24T17:46:00Z,ingest-worker,ingest_queue_depth,21.7
2026-07-24T17:46:00Z,pipeline-transformer,batch_process_p95_ms,2432.6
2026-07-24T17:46:00Z,search-svc,index_lag_ms,85.6
2026-07-24T17:47:00Z,config-svc,config_svc_requests_per_s,3740.8
2026-07-24T17:47:00Z,config-svc,rpc_latency_p95_ms,494.3
2026-07-24T17:47:00Z,dashboard-svc,dashboard_data_lag_s,633.038
2026-07-24T17:47:00Z,dashboard-svc,dashboard_request_p95_ms,141.5
2026-07-24T17:47:00Z,ingest-worker,ingest_queue_depth,21.1
2026-07-24T17:47:00Z,pipeline-transformer,batch_process_p95_ms,2317.2
2026-07-24T17:47:00Z,search-svc,index_lag_ms,96.1
2026-07-24T17:48:00Z,config-svc,config_svc_requests_per_s,3960.0
2026-07-24T17:48:00Z,config-svc,rpc_latency_p95_ms,507.5
2026-07-24T17:48:00Z,dashboard-svc,dashboard_data_lag_s,599.2161
2026-07-24T17:48:00Z,dashboard-svc,dashboard_request_p95_ms,142.0
2026-07-24T17:48:00Z,ingest-worker,ingest_queue_depth,22.4
2026-07-24T17:48:00Z,pipeline-transformer,batch_process_p95_ms,2440.9
2026-07-24T17:48:00Z,search-svc,index_lag_ms,93.8
2026-07-24T17:49:00Z,config-svc,config_svc_requests_per_s,3890.4
2026-07-24T17:49:00Z,config-svc,rpc_latency_p95_ms,433.2
2026-07-24T17:49:00Z,dashboard-svc,dashboard_data_lag_s,594.9551
2026-07-24T17:49:00Z,dashboard-svc,dashboard_request_p95_ms,139.4
2026-07-24T17:49:00Z,ingest-worker,ingest_queue_depth,21.2
2026-07-24T17:49:00Z,pipeline-transformer,batch_process_p95_ms,2355.7
2026-07-24T17:49:00Z,search-svc,index_lag_ms,94.9
2026-07-24T17:50:00Z,config-svc,config_svc_requests_per_s,3607.9
2026-07-24T17:50:00Z,config-svc,rpc_latency_p95_ms,501.7
2026-07-24T17:50:00Z,dashboard-svc,dashboard_data_lag_s,651.7865
2026-07-24T17:50:00Z,dashboard-svc,dashboard_request_p95_ms,142.8
2026-07-24T17:50:00Z,ingest-worker,ingest_queue_depth,18.1
2026-07-24T17:50:00Z,pipeline-transformer,batch_process_p95_ms,2426.1
2026-07-24T17:50:00Z,search-svc,index_lag_ms,85.9
2026-07-24T17:51:00Z,config-svc,config_svc_requests_per_s,4220.0
2026-07-24T17:51:00Z,config-svc,rpc_latency_p95_ms,517.5
2026-07-24T17:51:00Z,dashboard-svc,dashboard_data_lag_s,672.2955
2026-07-24T17:51:00Z,dashboard-svc,dashboard_request_p95_ms,135.4
2026-07-24T17:51:00Z,ingest-worker,ingest_queue_depth,22.7
2026-07-24T17:51:00Z,pipeline-transformer,batch_process_p95_ms,2569.2
2026-07-24T17:51:00Z,search-svc,index_lag_ms,84.1
2026-07-24T17:52:00Z,config-svc,config_svc_requests_per_s,3914.8
2026-07-24T17:52:00Z,config-svc,rpc_latency_p95_ms,439.7
2026-07-24T17:52:00Z,dashboard-svc,dashboard_data_lag_s,646.9628
2026-07-24T17:52:00Z,dashboard-svc,dashboard_request_p95_ms,131.2
2026-07-24T17:52:00Z,ingest-worker,ingest_queue_depth,19.3
2026-07-24T17:52:00Z,pipeline-transformer,batch_process_p95_ms,2294.2
2026-07-24T17:52:00Z,search-svc,index_lag_ms,93.4
2026-07-24T17:53:00Z,config-svc,config_svc_requests_per_s,3904.7
2026-07-24T17:53:00Z,config-svc,rpc_latency_p95_ms,488.1
2026-07-24T17:53:00Z,dashboard-svc,dashboard_data_lag_s,671.8544
2026-07-24T17:53:00Z,dashboard-svc,dashboard_request_p95_ms,133.4
2026-07-24T17:53:00Z,ingest-worker,ingest_queue_depth,19.5
2026-07-24T17:53:00Z,pipeline-transformer,batch_process_p95_ms,2292.7
2026-07-24T17:53:00Z,search-svc,index_lag_ms,97.3
2026-07-24T17:54:00Z,config-svc,config_svc_requests_per_s,3648.1
2026-07-24T17:54:00Z,config-svc,rpc_latency_p95_ms,511.2
2026-07-24T17:54:00Z,dashboard-svc,dashboard_data_lag_s,703.9857
2026-07-24T17:54:00Z,dashboard-svc,dashboard_request_p95_ms,148.3
2026-07-24T17:54:00Z,ingest-worker,ingest_queue_depth,22.8
2026-07-24T17:54:00Z,pipeline-transformer,batch_process_p95_ms,2564.4
2026-07-24T17:54:00Z,search-svc,index_lag_ms,89.2
2026-07-24T17:55:00Z,config-svc,config_svc_requests_per_s,3790.9
2026-07-24T17:55:00Z,config-svc,rpc_latency_p95_ms,454.1
2026-07-24T17:55:00Z,dashboard-svc,dashboard_data_lag_s,618.9842
2026-07-24T17:55:00Z,dashboard-svc,dashboard_request_p95_ms,141.8
2026-07-24T17:55:00Z,ingest-worker,ingest_queue_depth,22.2
2026-07-24T17:55:00Z,pipeline-transformer,batch_process_p95_ms,2271.7
2026-07-24T17:55:00Z,search-svc,index_lag_ms,89.3
2026-07-24T17:56:00Z,config-svc,config_svc_requests_per_s,4245.4
2026-07-24T17:56:00Z,config-svc,rpc_latency_p95_ms,477.4
2026-07-24T17:56:00Z,dashboard-svc,dashboard_data_lag_s,663.9436
2026-07-24T17:56:00Z,dashboard-svc,dashboard_request_p95_ms,146.0
2026-07-24T17:56:00Z,ingest-worker,ingest_queue_depth,20.8
2026-07-24T17:56:00Z,pipeline-transformer,batch_process_p95_ms,2539.4
2026-07-24T17:56:00Z,search-svc,index_lag_ms,89.8
2026-07-24T17:57:00Z,config-svc,config_svc_requests_per_s,4085.3
2026-07-24T17:57:00Z,config-svc,rpc_latency_p95_ms,500.1
2026-07-24T17:57:00Z,dashboard-svc,dashboard_data_lag_s,582.7552
2026-07-24T17:57:00Z,dashboard-svc,dashboard_request_p95_ms,137.4
2026-07-24T17:57:00Z,ingest-worker,ingest_queue_depth,18.7
2026-07-24T17:57:00Z,pipeline-transformer,batch_process_p95_ms,2450.2
2026-07-24T17:57:00Z,search-svc,index_lag_ms,83.1
2026-07-24T17:58:00Z,config-svc,config_svc_requests_per_s,3960.9
2026-07-24T17:58:00Z,config-svc,rpc_latency_p95_ms,484.9
2026-07-24T17:58:00Z,dashboard-svc,dashboard_data_lag_s,682.5579
2026-07-24T17:58:00Z,dashboard-svc,dashboard_request_p95_ms,147.7
2026-07-24T17:58:00Z,ingest-worker,ingest_queue_depth,17.3
2026-07-24T17:58:00Z,pipeline-transformer,batch_process_p95_ms,2231.8
2026-07-24T17:58:00Z,search-svc,index_lag_ms,97.4
2026-07-24T17:59:00Z,config-svc,config_svc_requests_per_s,3556.2
2026-07-24T17:59:00Z,config-svc,rpc_latency_p95_ms,470.8
2026-07-24T17:59:00Z,dashboard-svc,dashboard_data_lag_s,674.835
2026-07-24T17:59:00Z,dashboard-svc,dashboard_request_p95_ms,147.1
2026-07-24T17:59:00Z,ingest-worker,ingest_queue_depth,22.3
2026-07-24T17:59:00Z,pipeline-transformer,batch_process_p95_ms,2293.4
2026-07-24T17:59:00Z,search-svc,index_lag_ms,97.4
2026-07-24T18:00:00Z,config-svc,config_svc_requests_per_s,3664.9
2026-07-24T18:00:00Z,config-svc,rpc_latency_p95_ms,472.2
2026-07-24T18:00:00Z,dashboard-svc,dashboard_data_lag_s,676.649
2026-07-24T18:00:00Z,dashboard-svc,dashboard_request_p95_ms,130.5
2026-07-24T18:00:00Z,ingest-worker,ingest_queue_depth,17.0
2026-07-24T18:00:00Z,pipeline-transformer,batch_process_p95_ms,2478.7
2026-07-24T18:00:00Z,search-svc,index_lag_ms,82.4
