timestamp,service,metric,value
2026-07-23T08:00:00Z,billing-api,webhook_confirmation_p99_ms,312.2
2026-07-23T08:00:00Z,billing-api,webhook_retry_queue_depth,3.9389
2026-07-23T08:00:00Z,partner-sync-worker,records_processed_per_min,248.0
2026-07-23T08:00:00Z,partner-sync-worker,sync_backlog_depth,19.7
2026-07-23T08:00:00Z,partner-sync-worker,sync_lag_s,6.895
2026-07-23T08:00:00Z,webhook-dispatcher,container_memory_rss_mb,491.6
2026-07-23T08:00:00Z,webhook-dispatcher,tcp_new_conns_per_s,11.0
2026-07-23T08:00:00Z,webhook-dispatcher,tls_handshake_p95_ms,17.1
2026-07-23T08:00:00Z,webhook-dispatcher,webhook_dispatch_p95_ms,198.8
2026-07-23T08:01:00Z,billing-api,webhook_confirmation_p99_ms,290.5
2026-07-23T08:01:00Z,billing-api,webhook_retry_queue_depth,4.3505
2026-07-23T08:01:00Z,partner-sync-worker,records_processed_per_min,251.4
2026-07-23T08:01:00Z,partner-sync-worker,sync_backlog_depth,19.0
2026-07-23T08:01:00Z,partner-sync-worker,sync_lag_s,5.9544
2026-07-23T08:01:00Z,webhook-dispatcher,container_memory_rss_mb,475.0
2026-07-23T08:01:00Z,webhook-dispatcher,tcp_new_conns_per_s,11.8
2026-07-23T08:01:00Z,webhook-dispatcher,tls_handshake_p95_ms,19.4
2026-07-23T08:01:00Z,webhook-dispatcher,webhook_dispatch_p95_ms,194.0
2026-07-23T08:02:00Z,billing-api,webhook_confirmation_p99_ms,290.5
2026-07-23T08:02:00Z,billing-api,webhook_retry_queue_depth,3.7144
2026-07-23T08:02:00Z,partner-sync-worker,records_processed_per_min,253.9
2026-07-23T08:02:00Z,partner-sync-worker,sync_backlog_depth,21.1
2026-07-23T08:02:00Z,partner-sync-worker,sync_lag_s,5.4659
2026-07-23T08:02:00Z,webhook-dispatcher,container_memory_rss_mb,471.8
2026-07-23T08:02:00Z,webhook-dispatcher,tcp_new_conns_per_s,10.8
2026-07-23T08:02:00Z,webhook-dispatcher,tls_handshake_p95_ms,17.8
2026-07-23T08:02:00Z,webhook-dispatcher,webhook_dispatch_p95_ms,190.3
2026-07-23T08:03:00Z,billing-api,webhook_confirmation_p99_ms,295.4
2026-07-23T08:03:00Z,billing-api,webhook_retry_queue_depth,4.2608
2026-07-23T08:03:00Z,partner-sync-worker,records_processed_per_min,231.6
2026-07-23T08:03:00Z,partner-sync-worker,sync_backlog_depth,20.0
2026-07-23T08:03:00Z,partner-sync-worker,sync_lag_s,6.7943
2026-07-23T08:03:00Z,webhook-dispatcher,container_memory_rss_mb,489.1
2026-07-23T08:03:00Z,webhook-dispatcher,tcp_new_conns_per_s,11.0
2026-07-23T08:03:00Z,webhook-dispatcher,tls_handshake_p95_ms,17.0
2026-07-23T08:03:00Z,webhook-dispatcher,webhook_dispatch_p95_ms,188.4
2026-07-23T08:04:00Z,billing-api,webhook_confirmation_p99_ms,294.0
2026-07-23T08:04:00Z,billing-api,webhook_retry_queue_depth,3.9036
2026-07-23T08:04:00Z,partner-sync-worker,records_processed_per_min,222.2
2026-07-23T08:04:00Z,partner-sync-worker,sync_backlog_depth,19.7
2026-07-23T08:04:00Z,partner-sync-worker,sync_lag_s,6.2596
2026-07-23T08:04:00Z,webhook-dispatcher,container_memory_rss_mb,485.4
2026-07-23T08:04:00Z,webhook-dispatcher,tcp_new_conns_per_s,12.2
2026-07-23T08:04:00Z,webhook-dispatcher,tls_handshake_p95_ms,16.9
2026-07-23T08:04:00Z,webhook-dispatcher,webhook_dispatch_p95_ms,179.2
2026-07-23T08:05:00Z,billing-api,webhook_confirmation_p99_ms,289.0
2026-07-23T08:05:00Z,billing-api,webhook_retry_queue_depth,4.3811
2026-07-23T08:05:00Z,partner-sync-worker,records_processed_per_min,261.3
2026-07-23T08:05:00Z,partner-sync-worker,sync_backlog_depth,18.7
2026-07-23T08:05:00Z,partner-sync-worker,sync_lag_s,5.5201
2026-07-23T08:05:00Z,webhook-dispatcher,container_memory_rss_mb,483.6
2026-07-23T08:05:00Z,webhook-dispatcher,tcp_new_conns_per_s,11.6
2026-07-23T08:05:00Z,webhook-dispatcher,tls_handshake_p95_ms,16.7
2026-07-23T08:05:00Z,webhook-dispatcher,webhook_dispatch_p95_ms,195.2
2026-07-23T08:06:00Z,billing-api,webhook_confirmation_p99_ms,299.2
2026-07-23T08:06:00Z,billing-api,webhook_retry_queue_depth,3.8986
2026-07-23T08:06:00Z,partner-sync-worker,records_processed_per_min,219.8
2026-07-23T08:06:00Z,partner-sync-worker,sync_backlog_depth,21.3
2026-07-23T08:06:00Z,partner-sync-worker,sync_lag_s,5.1384
2026-07-23T08:06:00Z,webhook-dispatcher,container_memory_rss_mb,478.2
2026-07-23T08:06:00Z,webhook-dispatcher,tcp_new_conns_per_s,11.8
2026-07-23T08:06:00Z,webhook-dispatcher,tls_handshake_p95_ms,17.6
2026-07-23T08:06:00Z,webhook-dispatcher,webhook_dispatch_p95_ms,197.4
2026-07-23T08:07:00Z,billing-api,webhook_confirmation_p99_ms,283.8
2026-07-23T08:07:00Z,billing-api,webhook_retry_queue_depth,4.1084
2026-07-23T08:07:00Z,partner-sync-worker,records_processed_per_min,230.6
2026-07-23T08:07:00Z,partner-sync-worker,sync_backlog_depth,21.6
2026-07-23T08:07:00Z,partner-sync-worker,sync_lag_s,6.1097
2026-07-23T08:07:00Z,webhook-dispatcher,container_memory_rss_mb,493.9
2026-07-23T08:07:00Z,webhook-dispatcher,tcp_new_conns_per_s,11.0
2026-07-23T08:07:00Z,webhook-dispatcher,tls_handshake_p95_ms,17.4
2026-07-23T08:07:00Z,webhook-dispatcher,webhook_dispatch_p95_ms,188.4
2026-07-23T08:08:00Z,billing-api,webhook_confirmation_p99_ms,308.0
2026-07-23T08:08:00Z,billing-api,webhook_retry_queue_depth,3.8236
2026-07-23T08:08:00Z,partner-sync-worker,records_processed_per_min,247.3
2026-07-23T08:08:00Z,partner-sync-worker,sync_backlog_depth,19.5
2026-07-23T08:08:00Z,partner-sync-worker,sync_lag_s,5.1449
2026-07-23T08:08:00Z,webhook-dispatcher,container_memory_rss_mb,476.4
2026-07-23T08:08:00Z,webhook-dispatcher,tcp_new_conns_per_s,12.9
2026-07-23T08:08:00Z,webhook-dispatcher,tls_handshake_p95_ms,19.0
2026-07-23T08:08:00Z,webhook-dispatcher,webhook_dispatch_p95_ms,196.1
2026-07-23T08:09:00Z,billing-api,webhook_confirmation_p99_ms,300.1
2026-07-23T08:09:00Z,billing-api,webhook_retry_queue_depth,4.0369
2026-07-23T08:09:00Z,partner-sync-worker,records_processed_per_min,217.3
2026-07-23T08:09:00Z,partner-sync-worker,sync_backlog_depth,20.0
2026-07-23T08:09:00Z,partner-sync-worker,sync_lag_s,6.8691
2026-07-23T08:09:00Z,webhook-dispatcher,container_memory_rss_mb,485.2
2026-07-23T08:09:00Z,webhook-dispatcher,tcp_new_conns_per_s,12.4
2026-07-23T08:09:00Z,webhook-dispatcher,tls_handshake_p95_ms,18.2
2026-07-23T08:09:00Z,webhook-dispatcher,webhook_dispatch_p95_ms,196.2
2026-07-23T08:10:00Z,billing-api,webhook_confirmation_p99_ms,289.3
2026-07-23T08:10:00Z,billing-api,webhook_retry_queue_depth,4.0662
2026-07-23T08:10:00Z,partner-sync-worker,records_processed_per_min,225.0
2026-07-23T08:10:00Z,partner-sync-worker,sync_backlog_depth,21.8
2026-07-23T08:10:00Z,partner-sync-worker,sync_lag_s,6.4491
2026-07-23T08:10:00Z,webhook-dispatcher,container_memory_rss_mb,483.0
2026-07-23T08:10:00Z,webhook-dispatcher,tcp_new_conns_per_s,12.0
2026-07-23T08:10:00Z,webhook-dispatcher,tls_handshake_p95_ms,16.6
2026-07-23T08:10:00Z,webhook-dispatcher,webhook_dispatch_p95_ms,192.3
2026-07-23T08:11:00Z,billing-api,webhook_confirmation_p99_ms,302.0
2026-07-23T08:11:00Z,billing-api,webhook_retry_queue_depth,4.3345
2026-07-23T08:11:00Z,partner-sync-worker,records_processed_per_min,256.3
2026-07-23T08:11:00Z,partner-sync-worker,sync_backlog_depth,18.1
2026-07-23T08:11:00Z,partner-sync-worker,sync_lag_s,6.2822
2026-07-23T08:11:00Z,webhook-dispatcher,container_memory_rss_mb,477.3
2026-07-23T08:11:00Z,webhook-dispatcher,tcp_new_conns_per_s,12.1
2026-07-23T08:11:00Z,webhook-dispatcher,tls_handshake_p95_ms,16.7
2026-07-23T08:11:00Z,webhook-dispatcher,webhook_dispatch_p95_ms,202.1
2026-07-23T08:12:00Z,billing-api,webhook_confirmation_p99_ms,286.1
2026-07-23T08:12:00Z,billing-api,webhook_retry_queue_depth,3.8436
2026-07-23T08:12:00Z,partner-sync-worker,records_processed_per_min,224.7
2026-07-23T08:12:00Z,partner-sync-worker,sync_backlog_depth,21.4
2026-07-23T08:12:00Z,partner-sync-worker,sync_lag_s,6.3017
2026-07-23T08:12:00Z,webhook-dispatcher,container_memory_rss_mb,485.7
2026-07-23T08:12:00Z,webhook-dispatcher,tcp_new_conns_per_s,11.2
2026-07-23T08:12:00Z,webhook-dispatcher,tls_handshake_p95_ms,17.1
2026-07-23T08:12:00Z,webhook-dispatcher,webhook_dispatch_p95_ms,183.3
2026-07-23T08:13:00Z,billing-api,webhook_confirmation_p99_ms,302.4
2026-07-23T08:13:00Z,billing-api,webhook_retry_queue_depth,3.7723
2026-07-23T08:13:00Z,partner-sync-worker,records_processed_per_min,237.3
2026-07-23T08:13:00Z,partner-sync-worker,sync_backlog_depth,18.6
2026-07-23T08:13:00Z,partner-sync-worker,sync_lag_s,6.622
2026-07-23T08:13:00Z,webhook-dispatcher,container_memory_rss_mb,484.4
2026-07-23T08:13:00Z,webhook-dispatcher,tcp_new_conns_per_s,12.2
2026-07-23T08:13:00Z,webhook-dispatcher,tls_handshake_p95_ms,17.6
2026-07-23T08:13:00Z,webhook-dispatcher,webhook_dispatch_p95_ms,201.1
2026-07-23T08:14:00Z,billing-api,webhook_confirmation_p99_ms,304.0
2026-07-23T08:14:00Z,billing-api,webhook_retry_queue_depth,4.386
2026-07-23T08:14:00Z,partner-sync-worker,records_processed_per_min,218.9
2026-07-23T08:14:00Z,partner-sync-worker,sync_backlog_depth,21.3
2026-07-23T08:14:00Z,partner-sync-worker,sync_lag_s,6.037
2026-07-23T08:14:00Z,webhook-dispatcher,container_memory_rss_mb,487.6
2026-07-23T08:14:00Z,webhook-dispatcher,tcp_new_conns_per_s,12.6
2026-07-23T08:14:00Z,webhook-dispatcher,tls_handshake_p95_ms,18.8
2026-07-23T08:14:00Z,webhook-dispatcher,webhook_dispatch_p95_ms,185.8
2026-07-23T08:15:00Z,billing-api,webhook_confirmation_p99_ms,300.1
2026-07-23T08:15:00Z,billing-api,webhook_retry_queue_depth,3.9079
2026-07-23T08:15:00Z,partner-sync-worker,records_processed_per_min,228.8
2026-07-23T08:15:00Z,partner-sync-worker,sync_backlog_depth,22.1
2026-07-23T08:15:00Z,partner-sync-worker,sync_lag_s,6.4334
2026-07-23T08:15:00Z,webhook-dispatcher,container_memory_rss_mb,471.7
2026-07-23T08:15:00Z,webhook-dispatcher,tcp_new_conns_per_s,11.2
2026-07-23T08:15:00Z,webhook-dispatcher,tls_handshake_p95_ms,17.2
2026-07-23T08:15:00Z,webhook-dispatcher,webhook_dispatch_p95_ms,201.3
2026-07-23T08:16:00Z,billing-api,webhook_confirmation_p99_ms,304.3
2026-07-23T08:16:00Z,billing-api,webhook_retry_queue_depth,3.9726
2026-07-23T08:16:00Z,partner-sync-worker,records_processed_per_min,261.8
2026-07-23T08:16:00Z,partner-sync-worker,sync_backlog_depth,34.2
2026-07-23T08:16:00Z,partner-sync-worker,sync_lag_s,6.1924
2026-07-23T08:16:00Z,webhook-dispatcher,container_memory_rss_mb,471.6
2026-07-23T08:16:00Z,webhook-dispatcher,tcp_new_conns_per_s,11.1
2026-07-23T08:16:00Z,webhook-dispatcher,tls_handshake_p95_ms,16.9
2026-07-23T08:16:00Z,webhook-dispatcher,webhook_dispatch_p95_ms,188.7
2026-07-23T08:17:00Z,billing-api,webhook_confirmation_p99_ms,298.1
2026-07-23T08:17:00Z,billing-api,webhook_retry_queue_depth,3.9633
2026-07-23T08:17:00Z,partner-sync-worker,records_processed_per_min,234.7
2026-07-23T08:17:00Z,partner-sync-worker,sync_backlog_depth,60.7
2026-07-23T08:17:00Z,partner-sync-worker,sync_lag_s,6.8892
2026-07-23T08:17:00Z,webhook-dispatcher,container_memory_rss_mb,467.9
2026-07-23T08:17:00Z,webhook-dispatcher,tcp_new_conns_per_s,12.0
2026-07-23T08:17:00Z,webhook-dispatcher,tls_handshake_p95_ms,17.2
2026-07-23T08:17:00Z,webhook-dispatcher,webhook_dispatch_p95_ms,184.3
2026-07-23T08:18:00Z,billing-api,webhook_confirmation_p99_ms,297.5
2026-07-23T08:18:00Z,billing-api,webhook_retry_queue_depth,4.1687
2026-07-23T08:18:00Z,partner-sync-worker,records_processed_per_min,239.9
2026-07-23T08:18:00Z,partner-sync-worker,sync_backlog_depth,68.4
2026-07-23T08:18:00Z,partner-sync-worker,sync_lag_s,5.3903
2026-07-23T08:18:00Z,webhook-dispatcher,container_memory_rss_mb,472.1
2026-07-23T08:18:00Z,webhook-dispatcher,tcp_new_conns_per_s,11.1
2026-07-23T08:18:00Z,webhook-dispatcher,tls_handshake_p95_ms,17.0
2026-07-23T08:18:00Z,webhook-dispatcher,webhook_dispatch_p95_ms,194.7
2026-07-23T08:19:00Z,billing-api,webhook_confirmation_p99_ms,288.3
2026-07-23T08:19:00Z,billing-api,webhook_retry_queue_depth,4.3725
2026-07-23T08:19:00Z,partner-sync-worker,records_processed_per_min,262.7
2026-07-23T08:19:00Z,partner-sync-worker,sync_backlog_depth,90.6
2026-07-23T08:19:00Z,partner-sync-worker,sync_lag_s,6.5336
2026-07-23T08:19:00Z,webhook-dispatcher,container_memory_rss_mb,485.0
2026-07-23T08:19:00Z,webhook-dispatcher,tcp_new_conns_per_s,11.8
2026-07-23T08:19:00Z,webhook-dispatcher,tls_handshake_p95_ms,19.2
2026-07-23T08:19:00Z,webhook-dispatcher,webhook_dispatch_p95_ms,180.1
2026-07-23T08:20:00Z,billing-api,webhook_confirmation_p99_ms,285.3
2026-07-23T08:20:00Z,billing-api,webhook_retry_queue_depth,4.1733
2026-07-23T08:20:00Z,partner-sync-worker,records_processed_per_min,235.3
2026-07-23T08:20:00Z,partner-sync-worker,sync_backlog_depth,119.6
2026-07-23T08:20:00Z,partner-sync-worker,sync_lag_s,6.223
2026-07-23T08:20:00Z,webhook-dispatcher,container_memory_rss_mb,469.3
2026-07-23T08:20:00Z,webhook-dispatcher,tcp_new_conns_per_s,11.4
2026-07-23T08:20:00Z,webhook-dispatcher,tls_handshake_p95_ms,18.5
2026-07-23T08:20:00Z,webhook-dispatcher,webhook_dispatch_p95_ms,196.6
2026-07-23T08:21:00Z,billing-api,webhook_confirmation_p99_ms,296.8
2026-07-23T08:21:00Z,billing-api,webhook_retry_queue_depth,4.3295
2026-07-23T08:21:00Z,partner-sync-worker,records_processed_per_min,219.3
2026-07-23T08:21:00Z,partner-sync-worker,sync_backlog_depth,117.4
2026-07-23T08:21:00Z,partner-sync-worker,sync_lag_s,6.4651
2026-07-23T08:21:00Z,webhook-dispatcher,container_memory_rss_mb,476.7
2026-07-23T08:21:00Z,webhook-dispatcher,tcp_new_conns_per_s,10.9
2026-07-23T08:21:00Z,webhook-dispatcher,tls_handshake_p95_ms,16.7
2026-07-23T08:21:00Z,webhook-dispatcher,webhook_dispatch_p95_ms,189.8
2026-07-23T08:22:00Z,billing-api,webhook_confirmation_p99_ms,305.2
2026-07-23T08:22:00Z,billing-api,webhook_retry_queue_depth,3.6197
2026-07-23T08:22:00Z,partner-sync-worker,records_processed_per_min,262.4
2026-07-23T08:22:00Z,partner-sync-worker,sync_backlog_depth,155.2
2026-07-23T08:22:00Z,partner-sync-worker,sync_lag_s,5.9689
2026-07-23T08:22:00Z,webhook-dispatcher,container_memory_rss_mb,491.9
2026-07-23T08:22:00Z,webhook-dispatcher,tcp_new_conns_per_s,11.6
2026-07-23T08:22:00Z,webhook-dispatcher,tls_handshake_p95_ms,19.1
2026-07-23T08:22:00Z,webhook-dispatcher,webhook_dispatch_p95_ms,194.1
2026-07-23T08:23:00Z,billing-api,webhook_confirmation_p99_ms,294.3
2026-07-23T08:23:00Z,billing-api,webhook_retry_queue_depth,4.2574
2026-07-23T08:23:00Z,partner-sync-worker,records_processed_per_min,220.4
2026-07-23T08:23:00Z,partner-sync-worker,sync_backlog_depth,165.4
2026-07-23T08:23:00Z,partner-sync-worker,sync_lag_s,5.7505
2026-07-23T08:23:00Z,webhook-dispatcher,container_memory_rss_mb,473.0
2026-07-23T08:23:00Z,webhook-dispatcher,tcp_new_conns_per_s,12.8
2026-07-23T08:23:00Z,webhook-dispatcher,tls_handshake_p95_ms,18.5
2026-07-23T08:23:00Z,webhook-dispatcher,webhook_dispatch_p95_ms,184.6
2026-07-23T08:24:00Z,billing-api,webhook_confirmation_p99_ms,283.3
2026-07-23T08:24:00Z,billing-api,webhook_retry_queue_depth,3.9593
2026-07-23T08:24:00Z,partner-sync-worker,records_processed_per_min,243.3
2026-07-23T08:24:00Z,partner-sync-worker,sync_backlog_depth,176.6
2026-07-23T08:24:00Z,partner-sync-worker,sync_lag_s,5.7432
2026-07-23T08:24:00Z,webhook-dispatcher,container_memory_rss_mb,490.7
2026-07-23T08:24:00Z,webhook-dispatcher,tcp_new_conns_per_s,12.1
2026-07-23T08:24:00Z,webhook-dispatcher,tls_handshake_p95_ms,19.3
2026-07-23T08:24:00Z,webhook-dispatcher,webhook_dispatch_p95_ms,179.0
2026-07-23T08:25:00Z,billing-api,webhook_confirmation_p99_ms,312.2
2026-07-23T08:25:00Z,billing-api,webhook_retry_queue_depth,4.275
2026-07-23T08:25:00Z,partner-sync-worker,records_processed_per_min,225.7
2026-07-23T08:25:00Z,partner-sync-worker,sync_backlog_depth,194.5
2026-07-23T08:25:00Z,partner-sync-worker,sync_lag_s,5.6193
2026-07-23T08:25:00Z,webhook-dispatcher,container_memory_rss_mb,484.2
2026-07-23T08:25:00Z,webhook-dispatcher,tcp_new_conns_per_s,11.3
2026-07-23T08:25:00Z,webhook-dispatcher,tls_handshake_p95_ms,16.9
2026-07-23T08:25:00Z,webhook-dispatcher,webhook_dispatch_p95_ms,194.6
2026-07-23T08:26:00Z,billing-api,webhook_confirmation_p99_ms,288.9
2026-07-23T08:26:00Z,billing-api,webhook_retry_queue_depth,4.3864
2026-07-23T08:26:00Z,partner-sync-worker,records_processed_per_min,222.5
2026-07-23T08:26:00Z,partner-sync-worker,sync_backlog_depth,221.3
2026-07-23T08:26:00Z,partner-sync-worker,sync_lag_s,5.5394
2026-07-23T08:26:00Z,webhook-dispatcher,container_memory_rss_mb,475.6
2026-07-23T08:26:00Z,webhook-dispatcher,tcp_new_conns_per_s,10.9
2026-07-23T08:26:00Z,webhook-dispatcher,tls_handshake_p95_ms,17.2
2026-07-23T08:26:00Z,webhook-dispatcher,webhook_dispatch_p95_ms,186.0
2026-07-23T08:27:00Z,billing-api,webhook_confirmation_p99_ms,306.3
2026-07-23T08:27:00Z,billing-api,webhook_retry_queue_depth,4.2985
2026-07-23T08:27:00Z,partner-sync-worker,records_processed_per_min,255.8
2026-07-23T08:27:00Z,partner-sync-worker,sync_backlog_depth,261.0
2026-07-23T08:27:00Z,partner-sync-worker,sync_lag_s,5.6747
2026-07-23T08:27:00Z,webhook-dispatcher,container_memory_rss_mb,479.4
2026-07-23T08:27:00Z,webhook-dispatcher,tcp_new_conns_per_s,11.0
2026-07-23T08:27:00Z,webhook-dispatcher,tls_handshake_p95_ms,17.3
2026-07-23T08:27:00Z,webhook-dispatcher,webhook_dispatch_p95_ms,182.2
2026-07-23T08:28:00Z,billing-api,webhook_confirmation_p99_ms,304.0
2026-07-23T08:28:00Z,billing-api,webhook_retry_queue_depth,4.2093
2026-07-23T08:28:00Z,partner-sync-worker,records_processed_per_min,260.3
2026-07-23T08:28:00Z,partner-sync-worker,sync_backlog_depth,242.5
2026-07-23T08:28:00Z,partner-sync-worker,sync_lag_s,6.8025
2026-07-23T08:28:00Z,webhook-dispatcher,container_memory_rss_mb,468.6
2026-07-23T08:28:00Z,webhook-dispatcher,tcp_new_conns_per_s,13.2
2026-07-23T08:28:00Z,webhook-dispatcher,tls_handshake_p95_ms,18.8
2026-07-23T08:28:00Z,webhook-dispatcher,webhook_dispatch_p95_ms,189.3
2026-07-23T08:29:00Z,billing-api,webhook_confirmation_p99_ms,296.1
2026-07-23T08:29:00Z,billing-api,webhook_retry_queue_depth,3.8754
2026-07-23T08:29:00Z,partner-sync-worker,records_processed_per_min,229.6
2026-07-23T08:29:00Z,partner-sync-worker,sync_backlog_depth,267.2
2026-07-23T08:29:00Z,partner-sync-worker,sync_lag_s,6.6203
2026-07-23T08:29:00Z,webhook-dispatcher,container_memory_rss_mb,465.8
2026-07-23T08:29:00Z,webhook-dispatcher,tcp_new_conns_per_s,12.6
2026-07-23T08:29:00Z,webhook-dispatcher,tls_handshake_p95_ms,17.4
2026-07-23T08:29:00Z,webhook-dispatcher,webhook_dispatch_p95_ms,183.0
2026-07-23T08:30:00Z,billing-api,webhook_confirmation_p99_ms,292.1
2026-07-23T08:30:00Z,billing-api,webhook_retry_queue_depth,3.7907
2026-07-23T08:30:00Z,partner-sync-worker,records_processed_per_min,219.5
2026-07-23T08:30:00Z,partner-sync-worker,sync_backlog_depth,275.9
2026-07-23T08:30:00Z,partner-sync-worker,sync_lag_s,5.5905
2026-07-23T08:30:00Z,webhook-dispatcher,container_memory_rss_mb,474.9
2026-07-23T08:30:00Z,webhook-dispatcher,tcp_new_conns_per_s,12.2
2026-07-23T08:30:00Z,webhook-dispatcher,tls_handshake_p95_ms,17.7
2026-07-23T08:30:00Z,webhook-dispatcher,webhook_dispatch_p95_ms,182.1
2026-07-23T08:31:00Z,billing-api,webhook_confirmation_p99_ms,287.2
2026-07-23T08:31:00Z,billing-api,webhook_retry_queue_depth,3.6145
2026-07-23T08:31:00Z,partner-sync-worker,records_processed_per_min,216.5
2026-07-23T08:31:00Z,partner-sync-worker,sync_backlog_depth,311.4
2026-07-23T08:31:00Z,partner-sync-worker,sync_lag_s,5.4263
2026-07-23T08:31:00Z,webhook-dispatcher,container_memory_rss_mb,476.0
2026-07-23T08:31:00Z,webhook-dispatcher,tcp_new_conns_per_s,12.1
2026-07-23T08:31:00Z,webhook-dispatcher,tls_handshake_p95_ms,17.5
2026-07-23T08:31:00Z,webhook-dispatcher,webhook_dispatch_p95_ms,196.5
2026-07-23T08:32:00Z,billing-api,webhook_confirmation_p99_ms,313.7
2026-07-23T08:32:00Z,billing-api,webhook_retry_queue_depth,3.6892
2026-07-23T08:32:00Z,partner-sync-worker,records_processed_per_min,258.8
2026-07-23T08:32:00Z,partner-sync-worker,sync_backlog_depth,272.1
2026-07-23T08:32:00Z,partner-sync-worker,sync_lag_s,5.2295
2026-07-23T08:32:00Z,webhook-dispatcher,container_memory_rss_mb,476.2
2026-07-23T08:32:00Z,webhook-dispatcher,tcp_new_conns_per_s,12.8
2026-07-23T08:32:00Z,webhook-dispatcher,tls_handshake_p95_ms,18.6
2026-07-23T08:32:00Z,webhook-dispatcher,webhook_dispatch_p95_ms,193.0
2026-07-23T08:33:00Z,billing-api,webhook_confirmation_p99_ms,312.0
2026-07-23T08:33:00Z,billing-api,webhook_retry_queue_depth,4.0048
2026-07-23T08:33:00Z,partner-sync-worker,records_processed_per_min,217.0
2026-07-23T08:33:00Z,partner-sync-worker,sync_backlog_depth,242.1
2026-07-23T08:33:00Z,partner-sync-worker,sync_lag_s,6.887
2026-07-23T08:33:00Z,webhook-dispatcher,container_memory_rss_mb,478.9
2026-07-23T08:33:00Z,webhook-dispatcher,tcp_new_conns_per_s,11.1
2026-07-23T08:33:00Z,webhook-dispatcher,tls_handshake_p95_ms,18.9
2026-07-23T08:33:00Z,webhook-dispatcher,webhook_dispatch_p95_ms,180.6
2026-07-23T08:34:00Z,billing-api,webhook_confirmation_p99_ms,289.8
2026-07-23T08:34:00Z,billing-api,webhook_retry_queue_depth,4.3694
2026-07-23T08:34:00Z,partner-sync-worker,records_processed_per_min,218.0
2026-07-23T08:34:00Z,partner-sync-worker,sync_backlog_depth,222.9
2026-07-23T08:34:00Z,partner-sync-worker,sync_lag_s,5.2253
2026-07-23T08:34:00Z,webhook-dispatcher,container_memory_rss_mb,468.8
2026-07-23T08:34:00Z,webhook-dispatcher,tcp_new_conns_per_s,12.7
2026-07-23T08:34:00Z,webhook-dispatcher,tls_handshake_p95_ms,17.1
2026-07-23T08:34:00Z,webhook-dispatcher,webhook_dispatch_p95_ms,190.0
2026-07-23T08:35:00Z,billing-api,webhook_confirmation_p99_ms,292.3
2026-07-23T08:35:00Z,billing-api,webhook_retry_queue_depth,4.1443
2026-07-23T08:35:00Z,partner-sync-worker,records_processed_per_min,252.6
2026-07-23T08:35:00Z,partner-sync-worker,sync_backlog_depth,224.0
2026-07-23T08:35:00Z,partner-sync-worker,sync_lag_s,5.3247
2026-07-23T08:35:00Z,webhook-dispatcher,container_memory_rss_mb,482.8
2026-07-23T08:35:00Z,webhook-dispatcher,tcp_new_conns_per_s,12.8
2026-07-23T08:35:00Z,webhook-dispatcher,tls_handshake_p95_ms,19.1
2026-07-23T08:35:00Z,webhook-dispatcher,webhook_dispatch_p95_ms,185.0
2026-07-23T08:36:00Z,billing-api,webhook_confirmation_p99_ms,289.0
2026-07-23T08:36:00Z,billing-api,webhook_retry_queue_depth,4.2105
2026-07-23T08:36:00Z,partner-sync-worker,records_processed_per_min,246.2
2026-07-23T08:36:00Z,partner-sync-worker,sync_backlog_depth,203.5
2026-07-23T08:36:00Z,partner-sync-worker,sync_lag_s,6.4722
2026-07-23T08:36:00Z,webhook-dispatcher,container_memory_rss_mb,479.4
2026-07-23T08:36:00Z,webhook-dispatcher,tcp_new_conns_per_s,11.5
2026-07-23T08:36:00Z,webhook-dispatcher,tls_handshake_p95_ms,18.3
2026-07-23T08:36:00Z,webhook-dispatcher,webhook_dispatch_p95_ms,182.2
2026-07-23T08:37:00Z,billing-api,webhook_confirmation_p99_ms,293.1
2026-07-23T08:37:00Z,billing-api,webhook_retry_queue_depth,3.9293
2026-07-23T08:37:00Z,partner-sync-worker,records_processed_per_min,251.9
2026-07-23T08:37:00Z,partner-sync-worker,sync_backlog_depth,180.6
2026-07-23T08:37:00Z,partner-sync-worker,sync_lag_s,5.5711
2026-07-23T08:37:00Z,webhook-dispatcher,container_memory_rss_mb,474.2
2026-07-23T08:37:00Z,webhook-dispatcher,tcp_new_conns_per_s,12.6
2026-07-23T08:37:00Z,webhook-dispatcher,tls_handshake_p95_ms,19.2
2026-07-23T08:37:00Z,webhook-dispatcher,webhook_dispatch_p95_ms,177.5
2026-07-23T08:38:00Z,billing-api,webhook_confirmation_p99_ms,291.5
2026-07-23T08:38:00Z,billing-api,webhook_retry_queue_depth,4.2459
2026-07-23T08:38:00Z,partner-sync-worker,records_processed_per_min,235.8
2026-07-23T08:38:00Z,partner-sync-worker,sync_backlog_depth,160.9
2026-07-23T08:38:00Z,partner-sync-worker,sync_lag_s,6.5463
2026-07-23T08:38:00Z,webhook-dispatcher,container_memory_rss_mb,482.7
2026-07-23T08:38:00Z,webhook-dispatcher,tcp_new_conns_per_s,11.6
2026-07-23T08:38:00Z,webhook-dispatcher,tls_handshake_p95_ms,17.4
2026-07-23T08:38:00Z,webhook-dispatcher,webhook_dispatch_p95_ms,178.5
2026-07-23T08:39:00Z,billing-api,webhook_confirmation_p99_ms,285.7
2026-07-23T08:39:00Z,billing-api,webhook_retry_queue_depth,3.7963
2026-07-23T08:39:00Z,partner-sync-worker,records_processed_per_min,249.9
2026-07-23T08:39:00Z,partner-sync-worker,sync_backlog_depth,130.8
2026-07-23T08:39:00Z,partner-sync-worker,sync_lag_s,5.2794
2026-07-23T08:39:00Z,webhook-dispatcher,container_memory_rss_mb,469.5
2026-07-23T08:39:00Z,webhook-dispatcher,tcp_new_conns_per_s,12.4
2026-07-23T08:39:00Z,webhook-dispatcher,tls_handshake_p95_ms,18.4
2026-07-23T08:39:00Z,webhook-dispatcher,webhook_dispatch_p95_ms,200.9
2026-07-23T08:40:00Z,billing-api,webhook_confirmation_p99_ms,308.2
2026-07-23T08:40:00Z,billing-api,webhook_retry_queue_depth,3.8077
2026-07-23T08:40:00Z,partner-sync-worker,records_processed_per_min,239.4
2026-07-23T08:40:00Z,partner-sync-worker,sync_backlog_depth,104.8
2026-07-23T08:40:00Z,partner-sync-worker,sync_lag_s,6.4098
2026-07-23T08:40:00Z,webhook-dispatcher,container_memory_rss_mb,466.8
2026-07-23T08:40:00Z,webhook-dispatcher,tcp_new_conns_per_s,11.4
2026-07-23T08:40:00Z,webhook-dispatcher,tls_handshake_p95_ms,17.1
2026-07-23T08:40:00Z,webhook-dispatcher,webhook_dispatch_p95_ms,201.3
2026-07-23T08:41:00Z,billing-api,webhook_confirmation_p99_ms,312.5
2026-07-23T08:41:00Z,billing-api,webhook_retry_queue_depth,3.7731
2026-07-23T08:41:00Z,partner-sync-worker,records_processed_per_min,222.7
2026-07-23T08:41:00Z,partner-sync-worker,sync_backlog_depth,87.8
2026-07-23T08:41:00Z,partner-sync-worker,sync_lag_s,5.7851
2026-07-23T08:41:00Z,webhook-dispatcher,container_memory_rss_mb,474.3
2026-07-23T08:41:00Z,webhook-dispatcher,tcp_new_conns_per_s,11.3
2026-07-23T08:41:00Z,webhook-dispatcher,tls_handshake_p95_ms,17.5
2026-07-23T08:41:00Z,webhook-dispatcher,webhook_dispatch_p95_ms,196.5
2026-07-23T08:42:00Z,billing-api,webhook_confirmation_p99_ms,304.4
2026-07-23T08:42:00Z,billing-api,webhook_retry_queue_depth,3.6022
2026-07-23T08:42:00Z,partner-sync-worker,records_processed_per_min,241.3
2026-07-23T08:42:00Z,partner-sync-worker,sync_backlog_depth,82.0
2026-07-23T08:42:00Z,partner-sync-worker,sync_lag_s,6.1087
2026-07-23T08:42:00Z,webhook-dispatcher,container_memory_rss_mb,468.2
2026-07-23T08:42:00Z,webhook-dispatcher,tcp_new_conns_per_s,13.2
2026-07-23T08:42:00Z,webhook-dispatcher,tls_handshake_p95_ms,17.6
2026-07-23T08:42:00Z,webhook-dispatcher,webhook_dispatch_p95_ms,185.3
2026-07-23T08:43:00Z,billing-api,webhook_confirmation_p99_ms,294.5
2026-07-23T08:43:00Z,billing-api,webhook_retry_queue_depth,4.1451
2026-07-23T08:43:00Z,partner-sync-worker,records_processed_per_min,231.4
2026-07-23T08:43:00Z,partner-sync-worker,sync_backlog_depth,62.0
2026-07-23T08:43:00Z,partner-sync-worker,sync_lag_s,5.8446
2026-07-23T08:43:00Z,webhook-dispatcher,container_memory_rss_mb,488.2
2026-07-23T08:43:00Z,webhook-dispatcher,tcp_new_conns_per_s,11.3
2026-07-23T08:43:00Z,webhook-dispatcher,tls_handshake_p95_ms,19.3
2026-07-23T08:43:00Z,webhook-dispatcher,webhook_dispatch_p95_ms,201.8
2026-07-23T08:44:00Z,billing-api,webhook_confirmation_p99_ms,300.2
2026-07-23T08:44:00Z,billing-api,webhook_retry_queue_depth,3.9669
2026-07-23T08:44:00Z,partner-sync-worker,records_processed_per_min,228.7
2026-07-23T08:44:00Z,partner-sync-worker,sync_backlog_depth,35.6
2026-07-23T08:44:00Z,partner-sync-worker,sync_lag_s,5.2886
2026-07-23T08:44:00Z,webhook-dispatcher,container_memory_rss_mb,467.0
2026-07-23T08:44:00Z,webhook-dispatcher,tcp_new_conns_per_s,11.4
2026-07-23T08:44:00Z,webhook-dispatcher,tls_handshake_p95_ms,19.3
2026-07-23T08:44:00Z,webhook-dispatcher,webhook_dispatch_p95_ms,187.4
2026-07-23T08:45:00Z,billing-api,webhook_confirmation_p99_ms,289.8
2026-07-23T08:45:00Z,billing-api,webhook_retry_queue_depth,3.8218
2026-07-23T08:45:00Z,partner-sync-worker,records_processed_per_min,220.0
2026-07-23T08:45:00Z,partner-sync-worker,sync_backlog_depth,19.7
2026-07-23T08:45:00Z,partner-sync-worker,sync_lag_s,5.6439
2026-07-23T08:45:00Z,webhook-dispatcher,container_memory_rss_mb,470.5
2026-07-23T08:45:00Z,webhook-dispatcher,tcp_new_conns_per_s,11.4
2026-07-23T08:45:00Z,webhook-dispatcher,tls_handshake_p95_ms,19.1
2026-07-23T08:45:00Z,webhook-dispatcher,webhook_dispatch_p95_ms,199.7
2026-07-23T08:46:00Z,billing-api,webhook_confirmation_p99_ms,302.3
2026-07-23T08:46:00Z,billing-api,webhook_retry_queue_depth,3.9491
2026-07-23T08:46:00Z,partner-sync-worker,records_processed_per_min,218.8
2026-07-23T08:46:00Z,partner-sync-worker,sync_backlog_depth,18.2
2026-07-23T08:46:00Z,partner-sync-worker,sync_lag_s,5.8284
2026-07-23T08:46:00Z,webhook-dispatcher,container_memory_rss_mb,477.7
2026-07-23T08:46:00Z,webhook-dispatcher,tcp_new_conns_per_s,12.0
2026-07-23T08:46:00Z,webhook-dispatcher,tls_handshake_p95_ms,16.7
2026-07-23T08:46:00Z,webhook-dispatcher,webhook_dispatch_p95_ms,186.8
2026-07-23T08:47:00Z,billing-api,webhook_confirmation_p99_ms,298.0
2026-07-23T08:47:00Z,billing-api,webhook_retry_queue_depth,3.9433
2026-07-23T08:47:00Z,partner-sync-worker,records_processed_per_min,263.9
2026-07-23T08:47:00Z,partner-sync-worker,sync_backlog_depth,17.7
2026-07-23T08:47:00Z,partner-sync-worker,sync_lag_s,6.3874
2026-07-23T08:47:00Z,webhook-dispatcher,container_memory_rss_mb,492.0
2026-07-23T08:47:00Z,webhook-dispatcher,tcp_new_conns_per_s,11.3
2026-07-23T08:47:00Z,webhook-dispatcher,tls_handshake_p95_ms,19.4
2026-07-23T08:47:00Z,webhook-dispatcher,webhook_dispatch_p95_ms,187.4
2026-07-23T08:48:00Z,billing-api,webhook_confirmation_p99_ms,289.2
2026-07-23T08:48:00Z,billing-api,webhook_retry_queue_depth,3.632
2026-07-23T08:48:00Z,partner-sync-worker,records_processed_per_min,249.9
2026-07-23T08:48:00Z,partner-sync-worker,sync_backlog_depth,20.5
2026-07-23T08:48:00Z,partner-sync-worker,sync_lag_s,6.4204
2026-07-23T08:48:00Z,webhook-dispatcher,container_memory_rss_mb,489.2
2026-07-23T08:48:00Z,webhook-dispatcher,tcp_new_conns_per_s,10.9
2026-07-23T08:48:00Z,webhook-dispatcher,tls_handshake_p95_ms,18.9
2026-07-23T08:48:00Z,webhook-dispatcher,webhook_dispatch_p95_ms,179.0
2026-07-23T08:49:00Z,billing-api,webhook_confirmation_p99_ms,313.6
2026-07-23T08:49:00Z,billing-api,webhook_retry_queue_depth,4.2801
2026-07-23T08:49:00Z,partner-sync-worker,records_processed_per_min,242.8
2026-07-23T08:49:00Z,partner-sync-worker,sync_backlog_depth,22.1
2026-07-23T08:49:00Z,partner-sync-worker,sync_lag_s,5.493
2026-07-23T08:49:00Z,webhook-dispatcher,container_memory_rss_mb,470.8
2026-07-23T08:49:00Z,webhook-dispatcher,tcp_new_conns_per_s,11.7
2026-07-23T08:49:00Z,webhook-dispatcher,tls_handshake_p95_ms,18.7
2026-07-23T08:49:00Z,webhook-dispatcher,webhook_dispatch_p95_ms,177.0
2026-07-23T08:50:00Z,billing-api,webhook_confirmation_p99_ms,300.2
2026-07-23T08:50:00Z,billing-api,webhook_retry_queue_depth,3.8088
2026-07-23T08:50:00Z,partner-sync-worker,records_processed_per_min,238.5
2026-07-23T08:50:00Z,partner-sync-worker,sync_backlog_depth,20.4
2026-07-23T08:50:00Z,partner-sync-worker,sync_lag_s,5.9472
2026-07-23T08:50:00Z,webhook-dispatcher,container_memory_rss_mb,492.2
2026-07-23T08:50:00Z,webhook-dispatcher,tcp_new_conns_per_s,11.9
2026-07-23T08:50:00Z,webhook-dispatcher,tls_handshake_p95_ms,17.4
2026-07-23T08:50:00Z,webhook-dispatcher,webhook_dispatch_p95_ms,193.4
2026-07-23T08:51:00Z,billing-api,webhook_confirmation_p99_ms,309.2
2026-07-23T08:51:00Z,billing-api,webhook_retry_queue_depth,4.0197
2026-07-23T08:51:00Z,partner-sync-worker,records_processed_per_min,225.0
2026-07-23T08:51:00Z,partner-sync-worker,sync_backlog_depth,21.8
2026-07-23T08:51:00Z,partner-sync-worker,sync_lag_s,6.6947
2026-07-23T08:51:00Z,webhook-dispatcher,container_memory_rss_mb,492.6
2026-07-23T08:51:00Z,webhook-dispatcher,tcp_new_conns_per_s,10.8
2026-07-23T08:51:00Z,webhook-dispatcher,tls_handshake_p95_ms,19.4
2026-07-23T08:51:00Z,webhook-dispatcher,webhook_dispatch_p95_ms,181.0
2026-07-23T08:52:00Z,billing-api,webhook_confirmation_p99_ms,308.2
2026-07-23T08:52:00Z,billing-api,webhook_retry_queue_depth,3.612
2026-07-23T08:52:00Z,partner-sync-worker,records_processed_per_min,258.6
2026-07-23T08:52:00Z,partner-sync-worker,sync_backlog_depth,18.2
2026-07-23T08:52:00Z,partner-sync-worker,sync_lag_s,5.6707
2026-07-23T08:52:00Z,webhook-dispatcher,container_memory_rss_mb,482.4
2026-07-23T08:52:00Z,webhook-dispatcher,tcp_new_conns_per_s,13.2
2026-07-23T08:52:00Z,webhook-dispatcher,tls_handshake_p95_ms,18.1
2026-07-23T08:52:00Z,webhook-dispatcher,webhook_dispatch_p95_ms,178.4
2026-07-23T08:53:00Z,billing-api,webhook_confirmation_p99_ms,291.6
2026-07-23T08:53:00Z,billing-api,webhook_retry_queue_depth,4.0333
2026-07-23T08:53:00Z,partner-sync-worker,records_processed_per_min,252.8
2026-07-23T08:53:00Z,partner-sync-worker,sync_backlog_depth,20.5
2026-07-23T08:53:00Z,partner-sync-worker,sync_lag_s,5.1532
2026-07-23T08:53:00Z,webhook-dispatcher,container_memory_rss_mb,470.5
2026-07-23T08:53:00Z,webhook-dispatcher,tcp_new_conns_per_s,11.1
2026-07-23T08:53:00Z,webhook-dispatcher,tls_handshake_p95_ms,18.8
2026-07-23T08:53:00Z,webhook-dispatcher,webhook_dispatch_p95_ms,183.4
2026-07-23T08:54:00Z,billing-api,webhook_confirmation_p99_ms,304.9
2026-07-23T08:54:00Z,billing-api,webhook_retry_queue_depth,3.6462
2026-07-23T08:54:00Z,partner-sync-worker,records_processed_per_min,231.0
2026-07-23T08:54:00Z,partner-sync-worker,sync_backlog_depth,20.5
2026-07-23T08:54:00Z,partner-sync-worker,sync_lag_s,6.2369
2026-07-23T08:54:00Z,webhook-dispatcher,container_memory_rss_mb,476.3
2026-07-23T08:54:00Z,webhook-dispatcher,tcp_new_conns_per_s,12.0
2026-07-23T08:54:00Z,webhook-dispatcher,tls_handshake_p95_ms,18.0
2026-07-23T08:54:00Z,webhook-dispatcher,webhook_dispatch_p95_ms,181.1
2026-07-23T08:55:00Z,billing-api,webhook_confirmation_p99_ms,298.4
2026-07-23T08:55:00Z,billing-api,webhook_retry_queue_depth,3.727
2026-07-23T08:55:00Z,partner-sync-worker,records_processed_per_min,261.9
2026-07-23T08:55:00Z,partner-sync-worker,sync_backlog_depth,21.3
2026-07-23T08:55:00Z,partner-sync-worker,sync_lag_s,6.4718
2026-07-23T08:55:00Z,webhook-dispatcher,container_memory_rss_mb,481.1
2026-07-23T08:55:00Z,webhook-dispatcher,tcp_new_conns_per_s,13.1
2026-07-23T08:55:00Z,webhook-dispatcher,tls_handshake_p95_ms,18.2
2026-07-23T08:55:00Z,webhook-dispatcher,webhook_dispatch_p95_ms,194.3
2026-07-23T08:56:00Z,billing-api,webhook_confirmation_p99_ms,304.6
2026-07-23T08:56:00Z,billing-api,webhook_retry_queue_depth,4.1446
2026-07-23T08:56:00Z,partner-sync-worker,records_processed_per_min,249.0
2026-07-23T08:56:00Z,partner-sync-worker,sync_backlog_depth,18.7
2026-07-23T08:56:00Z,partner-sync-worker,sync_lag_s,5.5024
2026-07-23T08:56:00Z,webhook-dispatcher,container_memory_rss_mb,469.6
2026-07-23T08:56:00Z,webhook-dispatcher,tcp_new_conns_per_s,12.7
2026-07-23T08:56:00Z,webhook-dispatcher,tls_handshake_p95_ms,17.6
2026-07-23T08:56:00Z,webhook-dispatcher,webhook_dispatch_p95_ms,185.3
2026-07-23T08:57:00Z,billing-api,webhook_confirmation_p99_ms,285.2
2026-07-23T08:57:00Z,billing-api,webhook_retry_queue_depth,3.8505
2026-07-23T08:57:00Z,partner-sync-worker,records_processed_per_min,263.9
2026-07-23T08:57:00Z,partner-sync-worker,sync_backlog_depth,19.3
2026-07-23T08:57:00Z,partner-sync-worker,sync_lag_s,5.6805
2026-07-23T08:57:00Z,webhook-dispatcher,container_memory_rss_mb,493.7
2026-07-23T08:57:00Z,webhook-dispatcher,tcp_new_conns_per_s,12.9
2026-07-23T08:57:00Z,webhook-dispatcher,tls_handshake_p95_ms,18.9
2026-07-23T08:57:00Z,webhook-dispatcher,webhook_dispatch_p95_ms,189.1
2026-07-23T08:58:00Z,billing-api,webhook_confirmation_p99_ms,305.4
2026-07-23T08:58:00Z,billing-api,webhook_retry_queue_depth,4.335
2026-07-23T08:58:00Z,partner-sync-worker,records_processed_per_min,240.8
2026-07-23T08:58:00Z,partner-sync-worker,sync_backlog_depth,19.2
2026-07-23T08:58:00Z,partner-sync-worker,sync_lag_s,6.7973
2026-07-23T08:58:00Z,webhook-dispatcher,container_memory_rss_mb,472.9
2026-07-23T08:58:00Z,webhook-dispatcher,tcp_new_conns_per_s,13.1
2026-07-23T08:58:00Z,webhook-dispatcher,tls_handshake_p95_ms,19.2
2026-07-23T08:58:00Z,webhook-dispatcher,webhook_dispatch_p95_ms,184.3
2026-07-23T08:59:00Z,billing-api,webhook_confirmation_p99_ms,299.2
2026-07-23T08:59:00Z,billing-api,webhook_retry_queue_depth,4.1383
2026-07-23T08:59:00Z,partner-sync-worker,records_processed_per_min,230.4
2026-07-23T08:59:00Z,partner-sync-worker,sync_backlog_depth,20.2
2026-07-23T08:59:00Z,partner-sync-worker,sync_lag_s,5.3505
2026-07-23T08:59:00Z,webhook-dispatcher,container_memory_rss_mb,471.3
2026-07-23T08:59:00Z,webhook-dispatcher,tcp_new_conns_per_s,12.4
2026-07-23T08:59:00Z,webhook-dispatcher,tls_handshake_p95_ms,19.3
2026-07-23T08:59:00Z,webhook-dispatcher,webhook_dispatch_p95_ms,193.3
2026-07-23T09:00:00Z,billing-api,webhook_confirmation_p99_ms,295.9
2026-07-23T09:00:00Z,billing-api,webhook_retry_queue_depth,3.9978
2026-07-23T09:00:00Z,partner-sync-worker,records_processed_per_min,252.5
2026-07-23T09:00:00Z,partner-sync-worker,sync_backlog_depth,21.0
2026-07-23T09:00:00Z,partner-sync-worker,sync_lag_s,6.2667
2026-07-23T09:00:00Z,webhook-dispatcher,container_memory_rss_mb,486.9
2026-07-23T09:00:00Z,webhook-dispatcher,tcp_new_conns_per_s,12.1
2026-07-23T09:00:00Z,webhook-dispatcher,tls_handshake_p95_ms,18.6
2026-07-23T09:00:00Z,webhook-dispatcher,webhook_dispatch_p95_ms,186.4
2026-07-23T09:01:00Z,billing-api,webhook_confirmation_p99_ms,283.3
2026-07-23T09:01:00Z,billing-api,webhook_retry_queue_depth,4.3682
2026-07-23T09:01:00Z,partner-sync-worker,records_processed_per_min,229.5
2026-07-23T09:01:00Z,partner-sync-worker,sync_backlog_depth,18.3
2026-07-23T09:01:00Z,partner-sync-worker,sync_lag_s,5.91
2026-07-23T09:01:00Z,webhook-dispatcher,container_memory_rss_mb,476.3
2026-07-23T09:01:00Z,webhook-dispatcher,tcp_new_conns_per_s,12.2
2026-07-23T09:01:00Z,webhook-dispatcher,tls_handshake_p95_ms,17.9
2026-07-23T09:01:00Z,webhook-dispatcher,webhook_dispatch_p95_ms,177.0
2026-07-23T09:02:00Z,billing-api,webhook_confirmation_p99_ms,306.1
2026-07-23T09:02:00Z,billing-api,webhook_retry_queue_depth,3.6886
2026-07-23T09:02:00Z,partner-sync-worker,records_processed_per_min,224.8
2026-07-23T09:02:00Z,partner-sync-worker,sync_backlog_depth,17.8
2026-07-23T09:02:00Z,partner-sync-worker,sync_lag_s,6.5558
2026-07-23T09:02:00Z,webhook-dispatcher,container_memory_rss_mb,489.5
2026-07-23T09:02:00Z,webhook-dispatcher,tcp_new_conns_per_s,11.5
2026-07-23T09:02:00Z,webhook-dispatcher,tls_handshake_p95_ms,17.2
2026-07-23T09:02:00Z,webhook-dispatcher,webhook_dispatch_p95_ms,200.5
2026-07-23T09:03:00Z,billing-api,webhook_confirmation_p99_ms,297.5
2026-07-23T09:03:00Z,billing-api,webhook_retry_queue_depth,4.3309
2026-07-23T09:03:00Z,partner-sync-worker,records_processed_per_min,224.3
2026-07-23T09:03:00Z,partner-sync-worker,sync_backlog_depth,19.4
2026-07-23T09:03:00Z,partner-sync-worker,sync_lag_s,5.2769
2026-07-23T09:03:00Z,webhook-dispatcher,container_memory_rss_mb,489.2
2026-07-23T09:03:00Z,webhook-dispatcher,tcp_new_conns_per_s,13.1
2026-07-23T09:03:00Z,webhook-dispatcher,tls_handshake_p95_ms,17.2
2026-07-23T09:03:00Z,webhook-dispatcher,webhook_dispatch_p95_ms,202.9
2026-07-23T09:04:00Z,billing-api,webhook_confirmation_p99_ms,284.9
2026-07-23T09:04:00Z,billing-api,webhook_retry_queue_depth,3.7585
2026-07-23T09:04:00Z,partner-sync-worker,records_processed_per_min,216.3
2026-07-23T09:04:00Z,partner-sync-worker,sync_backlog_depth,20.1
2026-07-23T09:04:00Z,partner-sync-worker,sync_lag_s,6.0016
2026-07-23T09:04:00Z,webhook-dispatcher,container_memory_rss_mb,468.1
2026-07-23T09:04:00Z,webhook-dispatcher,tcp_new_conns_per_s,11.9
2026-07-23T09:04:00Z,webhook-dispatcher,tls_handshake_p95_ms,18.8
2026-07-23T09:04:00Z,webhook-dispatcher,webhook_dispatch_p95_ms,176.9
2026-07-23T09:05:00Z,billing-api,webhook_confirmation_p99_ms,308.4
2026-07-23T09:05:00Z,billing-api,webhook_retry_queue_depth,3.669
2026-07-23T09:05:00Z,partner-sync-worker,records_processed_per_min,245.6
2026-07-23T09:05:00Z,partner-sync-worker,sync_backlog_depth,19.5
2026-07-23T09:05:00Z,partner-sync-worker,sync_lag_s,5.8931
2026-07-23T09:05:00Z,webhook-dispatcher,container_memory_rss_mb,476.7
2026-07-23T09:05:00Z,webhook-dispatcher,tcp_new_conns_per_s,12.5
2026-07-23T09:05:00Z,webhook-dispatcher,tls_handshake_p95_ms,17.4
2026-07-23T09:05:00Z,webhook-dispatcher,webhook_dispatch_p95_ms,202.4
2026-07-23T09:06:00Z,billing-api,webhook_confirmation_p99_ms,302.0
2026-07-23T09:06:00Z,billing-api,webhook_retry_queue_depth,3.7659
2026-07-23T09:06:00Z,partner-sync-worker,records_processed_per_min,259.2
2026-07-23T09:06:00Z,partner-sync-worker,sync_backlog_depth,20.6
2026-07-23T09:06:00Z,partner-sync-worker,sync_lag_s,5.1884
2026-07-23T09:06:00Z,webhook-dispatcher,container_memory_rss_mb,469.3
2026-07-23T09:06:00Z,webhook-dispatcher,tcp_new_conns_per_s,11.2
2026-07-23T09:06:00Z,webhook-dispatcher,tls_handshake_p95_ms,18.5
2026-07-23T09:06:00Z,webhook-dispatcher,webhook_dispatch_p95_ms,200.5
2026-07-23T09:07:00Z,billing-api,webhook_confirmation_p99_ms,284.8
2026-07-23T09:07:00Z,billing-api,webhook_retry_queue_depth,3.9061
2026-07-23T09:07:00Z,partner-sync-worker,records_processed_per_min,229.2
2026-07-23T09:07:00Z,partner-sync-worker,sync_backlog_depth,18.0
2026-07-23T09:07:00Z,partner-sync-worker,sync_lag_s,5.8327
2026-07-23T09:07:00Z,webhook-dispatcher,container_memory_rss_mb,472.3
2026-07-23T09:07:00Z,webhook-dispatcher,tcp_new_conns_per_s,11.0
2026-07-23T09:07:00Z,webhook-dispatcher,tls_handshake_p95_ms,18.1
2026-07-23T09:07:00Z,webhook-dispatcher,webhook_dispatch_p95_ms,201.3
2026-07-23T09:08:00Z,billing-api,webhook_confirmation_p99_ms,287.0
2026-07-23T09:08:00Z,billing-api,webhook_retry_queue_depth,3.7339
2026-07-23T09:08:00Z,partner-sync-worker,records_processed_per_min,252.2
2026-07-23T09:08:00Z,partner-sync-worker,sync_backlog_depth,22.1
2026-07-23T09:08:00Z,partner-sync-worker,sync_lag_s,6.7561
2026-07-23T09:08:00Z,webhook-dispatcher,container_memory_rss_mb,486.0
2026-07-23T09:08:00Z,webhook-dispatcher,tcp_new_conns_per_s,12.1
2026-07-23T09:08:00Z,webhook-dispatcher,tls_handshake_p95_ms,17.1
2026-07-23T09:08:00Z,webhook-dispatcher,webhook_dispatch_p95_ms,192.5
2026-07-23T09:09:00Z,billing-api,webhook_confirmation_p99_ms,288.6
2026-07-23T09:09:00Z,billing-api,webhook_retry_queue_depth,4.0607
2026-07-23T09:09:00Z,partner-sync-worker,records_processed_per_min,222.1
2026-07-23T09:09:00Z,partner-sync-worker,sync_backlog_depth,19.5
2026-07-23T09:09:00Z,partner-sync-worker,sync_lag_s,6.6664
2026-07-23T09:09:00Z,webhook-dispatcher,container_memory_rss_mb,487.1
2026-07-23T09:09:00Z,webhook-dispatcher,tcp_new_conns_per_s,13.2
2026-07-23T09:09:00Z,webhook-dispatcher,tls_handshake_p95_ms,18.6
2026-07-23T09:09:00Z,webhook-dispatcher,webhook_dispatch_p95_ms,190.8
2026-07-23T09:10:00Z,billing-api,webhook_confirmation_p99_ms,299.1
2026-07-23T09:10:00Z,billing-api,webhook_retry_queue_depth,3.685
2026-07-23T09:10:00Z,partner-sync-worker,records_processed_per_min,250.0
2026-07-23T09:10:00Z,partner-sync-worker,sync_backlog_depth,19.2
2026-07-23T09:10:00Z,partner-sync-worker,sync_lag_s,5.9544
2026-07-23T09:10:00Z,webhook-dispatcher,container_memory_rss_mb,468.0
2026-07-23T09:10:00Z,webhook-dispatcher,tcp_new_conns_per_s,11.8
2026-07-23T09:10:00Z,webhook-dispatcher,tls_handshake_p95_ms,18.5
2026-07-23T09:10:00Z,webhook-dispatcher,webhook_dispatch_p95_ms,176.8
2026-07-23T09:11:00Z,billing-api,webhook_confirmation_p99_ms,298.1
2026-07-23T09:11:00Z,billing-api,webhook_retry_queue_depth,3.738
2026-07-23T09:11:00Z,partner-sync-worker,records_processed_per_min,245.7
2026-07-23T09:11:00Z,partner-sync-worker,sync_backlog_depth,20.2
2026-07-23T09:11:00Z,partner-sync-worker,sync_lag_s,6.4952
2026-07-23T09:11:00Z,webhook-dispatcher,container_memory_rss_mb,488.4
2026-07-23T09:11:00Z,webhook-dispatcher,tcp_new_conns_per_s,11.4
2026-07-23T09:11:00Z,webhook-dispatcher,tls_handshake_p95_ms,19.2
2026-07-23T09:11:00Z,webhook-dispatcher,webhook_dispatch_p95_ms,203.1
2026-07-23T09:12:00Z,billing-api,webhook_confirmation_p99_ms,301.1
2026-07-23T09:12:00Z,billing-api,webhook_retry_queue_depth,3.7448
2026-07-23T09:12:00Z,partner-sync-worker,records_processed_per_min,258.5
2026-07-23T09:12:00Z,partner-sync-worker,sync_backlog_depth,21.9
2026-07-23T09:12:00Z,partner-sync-worker,sync_lag_s,6.8853
2026-07-23T09:12:00Z,webhook-dispatcher,container_memory_rss_mb,471.3
2026-07-23T09:12:00Z,webhook-dispatcher,tcp_new_conns_per_s,11.8
2026-07-23T09:12:00Z,webhook-dispatcher,tls_handshake_p95_ms,19.0
2026-07-23T09:12:00Z,webhook-dispatcher,webhook_dispatch_p95_ms,202.5
2026-07-23T09:13:00Z,billing-api,webhook_confirmation_p99_ms,303.2
2026-07-23T09:13:00Z,billing-api,webhook_retry_queue_depth,4.3725
2026-07-23T09:13:00Z,partner-sync-worker,records_processed_per_min,246.2
2026-07-23T09:13:00Z,partner-sync-worker,sync_backlog_depth,19.8
2026-07-23T09:13:00Z,partner-sync-worker,sync_lag_s,6.8598
2026-07-23T09:13:00Z,webhook-dispatcher,container_memory_rss_mb,491.1
2026-07-23T09:13:00Z,webhook-dispatcher,tcp_new_conns_per_s,13.2
2026-07-23T09:13:00Z,webhook-dispatcher,tls_handshake_p95_ms,19.0
2026-07-23T09:13:00Z,webhook-dispatcher,webhook_dispatch_p95_ms,186.3
2026-07-23T09:14:00Z,billing-api,webhook_confirmation_p99_ms,300.2
2026-07-23T09:14:00Z,billing-api,webhook_retry_queue_depth,3.8806
2026-07-23T09:14:00Z,partner-sync-worker,records_processed_per_min,259.3
2026-07-23T09:14:00Z,partner-sync-worker,sync_backlog_depth,17.6
2026-07-23T09:14:00Z,partner-sync-worker,sync_lag_s,5.7254
2026-07-23T09:14:00Z,webhook-dispatcher,container_memory_rss_mb,480.7
2026-07-23T09:14:00Z,webhook-dispatcher,tcp_new_conns_per_s,11.3
2026-07-23T09:14:00Z,webhook-dispatcher,tls_handshake_p95_ms,19.4
2026-07-23T09:14:00Z,webhook-dispatcher,webhook_dispatch_p95_ms,186.8
2026-07-23T09:15:00Z,billing-api,webhook_confirmation_p99_ms,282.7
2026-07-23T09:15:00Z,billing-api,webhook_retry_queue_depth,3.7274
2026-07-23T09:15:00Z,partner-sync-worker,records_processed_per_min,255.9
2026-07-23T09:15:00Z,partner-sync-worker,sync_backlog_depth,21.1
2026-07-23T09:15:00Z,partner-sync-worker,sync_lag_s,6.2013
2026-07-23T09:15:00Z,webhook-dispatcher,container_memory_rss_mb,479.0
2026-07-23T09:15:00Z,webhook-dispatcher,tcp_new_conns_per_s,11.8
2026-07-23T09:15:00Z,webhook-dispatcher,tls_handshake_p95_ms,17.5
2026-07-23T09:15:00Z,webhook-dispatcher,webhook_dispatch_p95_ms,179.4
2026-07-23T09:16:00Z,billing-api,webhook_confirmation_p99_ms,310.5
2026-07-23T09:16:00Z,billing-api,webhook_retry_queue_depth,4.2318
2026-07-23T09:16:00Z,partner-sync-worker,records_processed_per_min,221.1
2026-07-23T09:16:00Z,partner-sync-worker,sync_backlog_depth,18.3
2026-07-23T09:16:00Z,partner-sync-worker,sync_lag_s,6.5122
2026-07-23T09:16:00Z,webhook-dispatcher,container_memory_rss_mb,489.8
2026-07-23T09:16:00Z,webhook-dispatcher,tcp_new_conns_per_s,12.5
2026-07-23T09:16:00Z,webhook-dispatcher,tls_handshake_p95_ms,17.8
2026-07-23T09:16:00Z,webhook-dispatcher,webhook_dispatch_p95_ms,186.4
2026-07-23T09:17:00Z,billing-api,webhook_confirmation_p99_ms,316.4
2026-07-23T09:17:00Z,billing-api,webhook_retry_queue_depth,3.7576
2026-07-23T09:17:00Z,partner-sync-worker,records_processed_per_min,259.0
2026-07-23T09:17:00Z,partner-sync-worker,sync_backlog_depth,18.8
2026-07-23T09:17:00Z,partner-sync-worker,sync_lag_s,5.9224
2026-07-23T09:17:00Z,webhook-dispatcher,container_memory_rss_mb,482.9
2026-07-23T09:17:00Z,webhook-dispatcher,tcp_new_conns_per_s,11.4
2026-07-23T09:17:00Z,webhook-dispatcher,tls_handshake_p95_ms,18.7
2026-07-23T09:17:00Z,webhook-dispatcher,webhook_dispatch_p95_ms,189.6
2026-07-23T09:18:00Z,billing-api,webhook_confirmation_p99_ms,286.0
2026-07-23T09:18:00Z,billing-api,webhook_retry_queue_depth,4.1999
2026-07-23T09:18:00Z,partner-sync-worker,records_processed_per_min,234.5
2026-07-23T09:18:00Z,partner-sync-worker,sync_backlog_depth,17.6
2026-07-23T09:18:00Z,partner-sync-worker,sync_lag_s,6.677
2026-07-23T09:18:00Z,webhook-dispatcher,container_memory_rss_mb,479.6
2026-07-23T09:18:00Z,webhook-dispatcher,tcp_new_conns_per_s,11.9
2026-07-23T09:18:00Z,webhook-dispatcher,tls_handshake_p95_ms,18.4
2026-07-23T09:18:00Z,webhook-dispatcher,webhook_dispatch_p95_ms,196.0
2026-07-23T09:19:00Z,billing-api,webhook_confirmation_p99_ms,289.6
2026-07-23T09:19:00Z,billing-api,webhook_retry_queue_depth,4.3485
2026-07-23T09:19:00Z,partner-sync-worker,records_processed_per_min,260.0
2026-07-23T09:19:00Z,partner-sync-worker,sync_backlog_depth,19.9
2026-07-23T09:19:00Z,partner-sync-worker,sync_lag_s,6.6965
2026-07-23T09:19:00Z,webhook-dispatcher,container_memory_rss_mb,477.5
2026-07-23T09:19:00Z,webhook-dispatcher,tcp_new_conns_per_s,11.3
2026-07-23T09:19:00Z,webhook-dispatcher,tls_handshake_p95_ms,18.3
2026-07-23T09:19:00Z,webhook-dispatcher,webhook_dispatch_p95_ms,183.6
2026-07-23T09:20:00Z,billing-api,webhook_confirmation_p99_ms,297.5
2026-07-23T09:20:00Z,billing-api,webhook_retry_queue_depth,3.6407
2026-07-23T09:20:00Z,partner-sync-worker,records_processed_per_min,250.9
2026-07-23T09:20:00Z,partner-sync-worker,sync_backlog_depth,17.8
2026-07-23T09:20:00Z,partner-sync-worker,sync_lag_s,5.2257
2026-07-23T09:20:00Z,webhook-dispatcher,container_memory_rss_mb,488.7
2026-07-23T09:20:00Z,webhook-dispatcher,tcp_new_conns_per_s,12.8
2026-07-23T09:20:00Z,webhook-dispatcher,tls_handshake_p95_ms,17.3
2026-07-23T09:20:00Z,webhook-dispatcher,webhook_dispatch_p95_ms,193.5
2026-07-23T09:21:00Z,billing-api,webhook_confirmation_p99_ms,299.5
2026-07-23T09:21:00Z,billing-api,webhook_retry_queue_depth,4.1322
2026-07-23T09:21:00Z,partner-sync-worker,records_processed_per_min,247.0
2026-07-23T09:21:00Z,partner-sync-worker,sync_backlog_depth,20.6
2026-07-23T09:21:00Z,partner-sync-worker,sync_lag_s,6.8563
2026-07-23T09:21:00Z,webhook-dispatcher,container_memory_rss_mb,484.3
2026-07-23T09:21:00Z,webhook-dispatcher,tcp_new_conns_per_s,11.0
2026-07-23T09:21:00Z,webhook-dispatcher,tls_handshake_p95_ms,18.3
2026-07-23T09:21:00Z,webhook-dispatcher,webhook_dispatch_p95_ms,202.2
2026-07-23T09:22:00Z,billing-api,webhook_confirmation_p99_ms,307.2
2026-07-23T09:22:00Z,billing-api,webhook_retry_queue_depth,3.7142
2026-07-23T09:22:00Z,partner-sync-worker,records_processed_per_min,250.4
2026-07-23T09:22:00Z,partner-sync-worker,sync_backlog_depth,20.1
2026-07-23T09:22:00Z,partner-sync-worker,sync_lag_s,5.7713
2026-07-23T09:22:00Z,webhook-dispatcher,container_memory_rss_mb,473.2
2026-07-23T09:22:00Z,webhook-dispatcher,tcp_new_conns_per_s,11.1
2026-07-23T09:22:00Z,webhook-dispatcher,tls_handshake_p95_ms,18.0
2026-07-23T09:22:00Z,webhook-dispatcher,webhook_dispatch_p95_ms,200.5
2026-07-23T09:23:00Z,billing-api,webhook_confirmation_p99_ms,288.2
2026-07-23T09:23:00Z,billing-api,webhook_retry_queue_depth,3.6345
2026-07-23T09:23:00Z,partner-sync-worker,records_processed_per_min,244.5
2026-07-23T09:23:00Z,partner-sync-worker,sync_backlog_depth,19.8
2026-07-23T09:23:00Z,partner-sync-worker,sync_lag_s,6.7615
2026-07-23T09:23:00Z,webhook-dispatcher,container_memory_rss_mb,486.8
2026-07-23T09:23:00Z,webhook-dispatcher,tcp_new_conns_per_s,11.8
2026-07-23T09:23:00Z,webhook-dispatcher,tls_handshake_p95_ms,18.6
2026-07-23T09:23:00Z,webhook-dispatcher,webhook_dispatch_p95_ms,178.3
2026-07-23T09:24:00Z,billing-api,webhook_confirmation_p99_ms,302.9
2026-07-23T09:24:00Z,billing-api,webhook_retry_queue_depth,4.0819
2026-07-23T09:24:00Z,partner-sync-worker,records_processed_per_min,243.7
2026-07-23T09:24:00Z,partner-sync-worker,sync_backlog_depth,18.2
2026-07-23T09:24:00Z,partner-sync-worker,sync_lag_s,5.2114
2026-07-23T09:24:00Z,webhook-dispatcher,container_memory_rss_mb,483.4
2026-07-23T09:24:00Z,webhook-dispatcher,tcp_new_conns_per_s,12.6
2026-07-23T09:24:00Z,webhook-dispatcher,tls_handshake_p95_ms,17.9
2026-07-23T09:24:00Z,webhook-dispatcher,webhook_dispatch_p95_ms,198.7
2026-07-23T09:25:00Z,billing-api,webhook_confirmation_p99_ms,302.5
2026-07-23T09:25:00Z,billing-api,webhook_retry_queue_depth,3.8534
2026-07-23T09:25:00Z,partner-sync-worker,records_processed_per_min,225.1
2026-07-23T09:25:00Z,partner-sync-worker,sync_backlog_depth,18.8
2026-07-23T09:25:00Z,partner-sync-worker,sync_lag_s,5.3202
2026-07-23T09:25:00Z,webhook-dispatcher,container_memory_rss_mb,472.6
2026-07-23T09:25:00Z,webhook-dispatcher,tcp_new_conns_per_s,12.7
2026-07-23T09:25:00Z,webhook-dispatcher,tls_handshake_p95_ms,17.9
2026-07-23T09:25:00Z,webhook-dispatcher,webhook_dispatch_p95_ms,183.2
2026-07-23T09:26:00Z,billing-api,webhook_confirmation_p99_ms,303.4
2026-07-23T09:26:00Z,billing-api,webhook_retry_queue_depth,4.1589
2026-07-23T09:26:00Z,partner-sync-worker,records_processed_per_min,244.7
2026-07-23T09:26:00Z,partner-sync-worker,sync_backlog_depth,17.8
2026-07-23T09:26:00Z,partner-sync-worker,sync_lag_s,5.4445
2026-07-23T09:26:00Z,webhook-dispatcher,container_memory_rss_mb,484.2
2026-07-23T09:26:00Z,webhook-dispatcher,tcp_new_conns_per_s,13.0
2026-07-23T09:26:00Z,webhook-dispatcher,tls_handshake_p95_ms,18.5
2026-07-23T09:26:00Z,webhook-dispatcher,webhook_dispatch_p95_ms,189.8
2026-07-23T09:27:00Z,billing-api,webhook_confirmation_p99_ms,311.7
2026-07-23T09:27:00Z,billing-api,webhook_retry_queue_depth,4.3002
2026-07-23T09:27:00Z,partner-sync-worker,records_processed_per_min,233.1
2026-07-23T09:27:00Z,partner-sync-worker,sync_backlog_depth,18.8
2026-07-23T09:27:00Z,partner-sync-worker,sync_lag_s,6.5496
2026-07-23T09:27:00Z,webhook-dispatcher,container_memory_rss_mb,488.5
2026-07-23T09:27:00Z,webhook-dispatcher,tcp_new_conns_per_s,11.8
2026-07-23T09:27:00Z,webhook-dispatcher,tls_handshake_p95_ms,17.3
2026-07-23T09:27:00Z,webhook-dispatcher,webhook_dispatch_p95_ms,185.2
2026-07-23T09:28:00Z,billing-api,webhook_confirmation_p99_ms,296.0
2026-07-23T09:28:00Z,billing-api,webhook_retry_queue_depth,4.2986
2026-07-23T09:28:00Z,partner-sync-worker,records_processed_per_min,248.0
2026-07-23T09:28:00Z,partner-sync-worker,sync_backlog_depth,17.6
2026-07-23T09:28:00Z,partner-sync-worker,sync_lag_s,6.3616
2026-07-23T09:28:00Z,webhook-dispatcher,container_memory_rss_mb,466.2
2026-07-23T09:28:00Z,webhook-dispatcher,tcp_new_conns_per_s,11.1
2026-07-23T09:28:00Z,webhook-dispatcher,tls_handshake_p95_ms,18.4
2026-07-23T09:28:00Z,webhook-dispatcher,webhook_dispatch_p95_ms,181.1
2026-07-23T09:29:00Z,billing-api,webhook_confirmation_p99_ms,306.2
2026-07-23T09:29:00Z,billing-api,webhook_retry_queue_depth,3.7708
2026-07-23T09:29:00Z,partner-sync-worker,records_processed_per_min,252.9
2026-07-23T09:29:00Z,partner-sync-worker,sync_backlog_depth,20.0
2026-07-23T09:29:00Z,partner-sync-worker,sync_lag_s,5.7407
2026-07-23T09:29:00Z,webhook-dispatcher,container_memory_rss_mb,494.1
2026-07-23T09:29:00Z,webhook-dispatcher,tcp_new_conns_per_s,12.0
2026-07-23T09:29:00Z,webhook-dispatcher,tls_handshake_p95_ms,18.4
2026-07-23T09:29:00Z,webhook-dispatcher,webhook_dispatch_p95_ms,195.3
2026-07-23T09:30:00Z,billing-api,webhook_confirmation_p99_ms,305.2
2026-07-23T09:30:00Z,billing-api,webhook_retry_queue_depth,3.7719
2026-07-23T09:30:00Z,partner-sync-worker,records_processed_per_min,256.6
2026-07-23T09:30:00Z,partner-sync-worker,sync_backlog_depth,22.1
2026-07-23T09:30:00Z,partner-sync-worker,sync_lag_s,5.6197
2026-07-23T09:30:00Z,webhook-dispatcher,container_memory_rss_mb,471.1
2026-07-23T09:30:00Z,webhook-dispatcher,tcp_new_conns_per_s,12.6
2026-07-23T09:30:00Z,webhook-dispatcher,tls_handshake_p95_ms,18.6
2026-07-23T09:30:00Z,webhook-dispatcher,webhook_dispatch_p95_ms,196.7
2026-07-23T09:31:00Z,billing-api,webhook_confirmation_p99_ms,303.9
2026-07-23T09:31:00Z,billing-api,webhook_retry_queue_depth,3.6863
2026-07-23T09:31:00Z,partner-sync-worker,records_processed_per_min,255.7
2026-07-23T09:31:00Z,partner-sync-worker,sync_backlog_depth,18.3
2026-07-23T09:31:00Z,partner-sync-worker,sync_lag_s,6.26
2026-07-23T09:31:00Z,webhook-dispatcher,container_memory_rss_mb,466.4
2026-07-23T09:31:00Z,webhook-dispatcher,tcp_new_conns_per_s,11.9
2026-07-23T09:31:00Z,webhook-dispatcher,tls_handshake_p95_ms,18.5
2026-07-23T09:31:00Z,webhook-dispatcher,webhook_dispatch_p95_ms,181.5
2026-07-23T09:32:00Z,billing-api,webhook_confirmation_p99_ms,310.5
2026-07-23T09:32:00Z,billing-api,webhook_retry_queue_depth,4.3806
2026-07-23T09:32:00Z,partner-sync-worker,records_processed_per_min,247.1
2026-07-23T09:32:00Z,partner-sync-worker,sync_backlog_depth,17.7
2026-07-23T09:32:00Z,partner-sync-worker,sync_lag_s,5.9072
2026-07-23T09:32:00Z,webhook-dispatcher,container_memory_rss_mb,474.3
2026-07-23T09:32:00Z,webhook-dispatcher,tcp_new_conns_per_s,12.4
2026-07-23T09:32:00Z,webhook-dispatcher,tls_handshake_p95_ms,18.0
2026-07-23T09:32:00Z,webhook-dispatcher,webhook_dispatch_p95_ms,186.3
2026-07-23T09:33:00Z,billing-api,webhook_confirmation_p99_ms,282.8
2026-07-23T09:33:00Z,billing-api,webhook_retry_queue_depth,3.899
2026-07-23T09:33:00Z,partner-sync-worker,records_processed_per_min,235.6
2026-07-23T09:33:00Z,partner-sync-worker,sync_backlog_depth,18.8
2026-07-23T09:33:00Z,partner-sync-worker,sync_lag_s,6.387
2026-07-23T09:33:00Z,webhook-dispatcher,container_memory_rss_mb,488.4
2026-07-23T09:33:00Z,webhook-dispatcher,tcp_new_conns_per_s,11.9
2026-07-23T09:33:00Z,webhook-dispatcher,tls_handshake_p95_ms,18.9
2026-07-23T09:33:00Z,webhook-dispatcher,webhook_dispatch_p95_ms,177.7
2026-07-23T09:34:00Z,billing-api,webhook_confirmation_p99_ms,298.1
2026-07-23T09:34:00Z,billing-api,webhook_retry_queue_depth,4.1222
2026-07-23T09:34:00Z,partner-sync-worker,records_processed_per_min,243.3
2026-07-23T09:34:00Z,partner-sync-worker,sync_backlog_depth,18.5
2026-07-23T09:34:00Z,partner-sync-worker,sync_lag_s,6.5475
2026-07-23T09:34:00Z,webhook-dispatcher,container_memory_rss_mb,475.2
2026-07-23T09:34:00Z,webhook-dispatcher,tcp_new_conns_per_s,12.1
2026-07-23T09:34:00Z,webhook-dispatcher,tls_handshake_p95_ms,17.9
2026-07-23T09:34:00Z,webhook-dispatcher,webhook_dispatch_p95_ms,202.2
2026-07-23T09:35:00Z,billing-api,webhook_confirmation_p99_ms,283.1
2026-07-23T09:35:00Z,billing-api,webhook_retry_queue_depth,3.7162
2026-07-23T09:35:00Z,partner-sync-worker,records_processed_per_min,253.4
2026-07-23T09:35:00Z,partner-sync-worker,sync_backlog_depth,18.4
2026-07-23T09:35:00Z,partner-sync-worker,sync_lag_s,6.8084
2026-07-23T09:35:00Z,webhook-dispatcher,container_memory_rss_mb,472.0
2026-07-23T09:35:00Z,webhook-dispatcher,tcp_new_conns_per_s,13.0
2026-07-23T09:35:00Z,webhook-dispatcher,tls_handshake_p95_ms,17.5
2026-07-23T09:35:00Z,webhook-dispatcher,webhook_dispatch_p95_ms,189.6
2026-07-23T09:36:00Z,billing-api,webhook_confirmation_p99_ms,282.7
2026-07-23T09:36:00Z,billing-api,webhook_retry_queue_depth,3.9944
2026-07-23T09:36:00Z,partner-sync-worker,records_processed_per_min,250.5
2026-07-23T09:36:00Z,partner-sync-worker,sync_backlog_depth,18.9
2026-07-23T09:36:00Z,partner-sync-worker,sync_lag_s,6.5979
2026-07-23T09:36:00Z,webhook-dispatcher,container_memory_rss_mb,485.7
2026-07-23T09:36:00Z,webhook-dispatcher,tcp_new_conns_per_s,11.7
2026-07-23T09:36:00Z,webhook-dispatcher,tls_handshake_p95_ms,19.4
2026-07-23T09:36:00Z,webhook-dispatcher,webhook_dispatch_p95_ms,177.7
2026-07-23T09:37:00Z,billing-api,webhook_confirmation_p99_ms,292.3
2026-07-23T09:37:00Z,billing-api,webhook_retry_queue_depth,4.3849
2026-07-23T09:37:00Z,partner-sync-worker,records_processed_per_min,244.7
2026-07-23T09:37:00Z,partner-sync-worker,sync_backlog_depth,21.8
2026-07-23T09:37:00Z,partner-sync-worker,sync_lag_s,5.4958
2026-07-23T09:37:00Z,webhook-dispatcher,container_memory_rss_mb,485.6
2026-07-23T09:37:00Z,webhook-dispatcher,tcp_new_conns_per_s,12.1
2026-07-23T09:37:00Z,webhook-dispatcher,tls_handshake_p95_ms,18.6
2026-07-23T09:37:00Z,webhook-dispatcher,webhook_dispatch_p95_ms,180.7
2026-07-23T09:38:00Z,billing-api,webhook_confirmation_p99_ms,288.2
2026-07-23T09:38:00Z,billing-api,webhook_retry_queue_depth,3.9242
2026-07-23T09:38:00Z,partner-sync-worker,records_processed_per_min,233.4
2026-07-23T09:38:00Z,partner-sync-worker,sync_backlog_depth,17.8
2026-07-23T09:38:00Z,partner-sync-worker,sync_lag_s,6.5572
2026-07-23T09:38:00Z,webhook-dispatcher,container_memory_rss_mb,475.7
2026-07-23T09:38:00Z,webhook-dispatcher,tcp_new_conns_per_s,12.0
2026-07-23T09:38:00Z,webhook-dispatcher,tls_handshake_p95_ms,16.7
2026-07-23T09:38:00Z,webhook-dispatcher,webhook_dispatch_p95_ms,184.3
2026-07-23T09:39:00Z,billing-api,webhook_confirmation_p99_ms,288.2
2026-07-23T09:39:00Z,billing-api,webhook_retry_queue_depth,3.8364
2026-07-23T09:39:00Z,partner-sync-worker,records_processed_per_min,254.0
2026-07-23T09:39:00Z,partner-sync-worker,sync_backlog_depth,18.4
2026-07-23T09:39:00Z,partner-sync-worker,sync_lag_s,6.3962
2026-07-23T09:39:00Z,webhook-dispatcher,container_memory_rss_mb,494.4
2026-07-23T09:39:00Z,webhook-dispatcher,tcp_new_conns_per_s,13.1
2026-07-23T09:39:00Z,webhook-dispatcher,tls_handshake_p95_ms,17.1
2026-07-23T09:39:00Z,webhook-dispatcher,webhook_dispatch_p95_ms,192.3
2026-07-23T09:40:00Z,billing-api,webhook_confirmation_p99_ms,292.1
2026-07-23T09:40:00Z,billing-api,webhook_retry_queue_depth,3.7264
2026-07-23T09:40:00Z,partner-sync-worker,records_processed_per_min,230.3
2026-07-23T09:40:00Z,partner-sync-worker,sync_backlog_depth,20.7
2026-07-23T09:40:00Z,partner-sync-worker,sync_lag_s,6.6165
2026-07-23T09:40:00Z,webhook-dispatcher,container_memory_rss_mb,489.0
2026-07-23T09:40:00Z,webhook-dispatcher,tcp_new_conns_per_s,13.0
2026-07-23T09:40:00Z,webhook-dispatcher,tls_handshake_p95_ms,18.5
2026-07-23T09:40:00Z,webhook-dispatcher,webhook_dispatch_p95_ms,193.2
2026-07-23T09:41:00Z,billing-api,webhook_confirmation_p99_ms,316.8
2026-07-23T09:41:00Z,billing-api,webhook_retry_queue_depth,3.9629
2026-07-23T09:41:00Z,partner-sync-worker,records_processed_per_min,233.7
2026-07-23T09:41:00Z,partner-sync-worker,sync_backlog_depth,21.7
2026-07-23T09:41:00Z,partner-sync-worker,sync_lag_s,6.4104
2026-07-23T09:41:00Z,webhook-dispatcher,container_memory_rss_mb,475.4
2026-07-23T09:41:00Z,webhook-dispatcher,tcp_new_conns_per_s,11.7
2026-07-23T09:41:00Z,webhook-dispatcher,tls_handshake_p95_ms,17.7
2026-07-23T09:41:00Z,webhook-dispatcher,webhook_dispatch_p95_ms,191.9
2026-07-23T09:42:00Z,billing-api,webhook_confirmation_p99_ms,309.2
2026-07-23T09:42:00Z,billing-api,webhook_retry_queue_depth,3.6831
2026-07-23T09:42:00Z,partner-sync-worker,records_processed_per_min,219.2
2026-07-23T09:42:00Z,partner-sync-worker,sync_backlog_depth,18.2
2026-07-23T09:42:00Z,partner-sync-worker,sync_lag_s,6.7055
2026-07-23T09:42:00Z,webhook-dispatcher,container_memory_rss_mb,472.4
2026-07-23T09:42:00Z,webhook-dispatcher,tcp_new_conns_per_s,11.9
2026-07-23T09:42:00Z,webhook-dispatcher,tls_handshake_p95_ms,17.6
2026-07-23T09:42:00Z,webhook-dispatcher,webhook_dispatch_p95_ms,180.1
2026-07-23T09:43:00Z,billing-api,webhook_confirmation_p99_ms,317.5
2026-07-23T09:43:00Z,billing-api,webhook_retry_queue_depth,4.1492
2026-07-23T09:43:00Z,partner-sync-worker,records_processed_per_min,229.6
2026-07-23T09:43:00Z,partner-sync-worker,sync_backlog_depth,22.3
2026-07-23T09:43:00Z,partner-sync-worker,sync_lag_s,5.3368
2026-07-23T09:43:00Z,webhook-dispatcher,container_memory_rss_mb,492.0
2026-07-23T09:43:00Z,webhook-dispatcher,tcp_new_conns_per_s,11.7
2026-07-23T09:43:00Z,webhook-dispatcher,tls_handshake_p95_ms,16.9
2026-07-23T09:43:00Z,webhook-dispatcher,webhook_dispatch_p95_ms,199.4
2026-07-23T09:44:00Z,billing-api,webhook_confirmation_p99_ms,293.3
2026-07-23T09:44:00Z,billing-api,webhook_retry_queue_depth,3.7646
2026-07-23T09:44:00Z,partner-sync-worker,records_processed_per_min,217.1
2026-07-23T09:44:00Z,partner-sync-worker,sync_backlog_depth,20.9
2026-07-23T09:44:00Z,partner-sync-worker,sync_lag_s,5.1253
2026-07-23T09:44:00Z,webhook-dispatcher,container_memory_rss_mb,466.6
2026-07-23T09:44:00Z,webhook-dispatcher,tcp_new_conns_per_s,11.1
2026-07-23T09:44:00Z,webhook-dispatcher,tls_handshake_p95_ms,17.1
2026-07-23T09:44:00Z,webhook-dispatcher,webhook_dispatch_p95_ms,190.2
2026-07-23T09:45:00Z,billing-api,webhook_confirmation_p99_ms,305.5
2026-07-23T09:45:00Z,billing-api,webhook_retry_queue_depth,3.7632
2026-07-23T09:45:00Z,partner-sync-worker,records_processed_per_min,258.6
2026-07-23T09:45:00Z,partner-sync-worker,sync_backlog_depth,20.9
2026-07-23T09:45:00Z,partner-sync-worker,sync_lag_s,5.7666
2026-07-23T09:45:00Z,webhook-dispatcher,container_memory_rss_mb,470.8
2026-07-23T09:45:00Z,webhook-dispatcher,tcp_new_conns_per_s,11.8
2026-07-23T09:45:00Z,webhook-dispatcher,tls_handshake_p95_ms,18.3
2026-07-23T09:45:00Z,webhook-dispatcher,webhook_dispatch_p95_ms,189.3
2026-07-23T09:46:00Z,billing-api,webhook_confirmation_p99_ms,313.4
2026-07-23T09:46:00Z,billing-api,webhook_retry_queue_depth,3.6106
2026-07-23T09:46:00Z,partner-sync-worker,records_processed_per_min,229.4
2026-07-23T09:46:00Z,partner-sync-worker,sync_backlog_depth,19.5
2026-07-23T09:46:00Z,partner-sync-worker,sync_lag_s,5.6804
2026-07-23T09:46:00Z,webhook-dispatcher,container_memory_rss_mb,493.8
2026-07-23T09:46:00Z,webhook-dispatcher,tcp_new_conns_per_s,12.2
2026-07-23T09:46:00Z,webhook-dispatcher,tls_handshake_p95_ms,19.0
2026-07-23T09:46:00Z,webhook-dispatcher,webhook_dispatch_p95_ms,189.3
2026-07-23T09:47:00Z,billing-api,webhook_confirmation_p99_ms,291.7
2026-07-23T09:47:00Z,billing-api,webhook_retry_queue_depth,4.3111
2026-07-23T09:47:00Z,partner-sync-worker,records_processed_per_min,226.0
2026-07-23T09:47:00Z,partner-sync-worker,sync_backlog_depth,19.9
2026-07-23T09:47:00Z,partner-sync-worker,sync_lag_s,6.6439
2026-07-23T09:47:00Z,webhook-dispatcher,container_memory_rss_mb,479.0
2026-07-23T09:47:00Z,webhook-dispatcher,tcp_new_conns_per_s,11.7
2026-07-23T09:47:00Z,webhook-dispatcher,tls_handshake_p95_ms,17.5
2026-07-23T09:47:00Z,webhook-dispatcher,webhook_dispatch_p95_ms,177.4
2026-07-23T09:48:00Z,billing-api,webhook_confirmation_p99_ms,295.8
2026-07-23T09:48:00Z,billing-api,webhook_retry_queue_depth,3.8642
2026-07-23T09:48:00Z,partner-sync-worker,records_processed_per_min,233.0
2026-07-23T09:48:00Z,partner-sync-worker,sync_backlog_depth,20.0
2026-07-23T09:48:00Z,partner-sync-worker,sync_lag_s,5.592
2026-07-23T09:48:00Z,webhook-dispatcher,container_memory_rss_mb,469.5
2026-07-23T09:48:00Z,webhook-dispatcher,tcp_new_conns_per_s,12.0
2026-07-23T09:48:00Z,webhook-dispatcher,tls_handshake_p95_ms,19.0
2026-07-23T09:48:00Z,webhook-dispatcher,webhook_dispatch_p95_ms,182.1
2026-07-23T09:49:00Z,billing-api,webhook_confirmation_p99_ms,309.4
2026-07-23T09:49:00Z,billing-api,webhook_retry_queue_depth,3.7686
2026-07-23T09:49:00Z,partner-sync-worker,records_processed_per_min,237.1
2026-07-23T09:49:00Z,partner-sync-worker,sync_backlog_depth,19.9
2026-07-23T09:49:00Z,partner-sync-worker,sync_lag_s,6.2238
2026-07-23T09:49:00Z,webhook-dispatcher,container_memory_rss_mb,489.2
2026-07-23T09:49:00Z,webhook-dispatcher,tcp_new_conns_per_s,11.2
2026-07-23T09:49:00Z,webhook-dispatcher,tls_handshake_p95_ms,18.2
2026-07-23T09:49:00Z,webhook-dispatcher,webhook_dispatch_p95_ms,179.3
2026-07-23T09:50:00Z,billing-api,webhook_confirmation_p99_ms,300.9
2026-07-23T09:50:00Z,billing-api,webhook_retry_queue_depth,3.6829
2026-07-23T09:50:00Z,partner-sync-worker,records_processed_per_min,218.2
2026-07-23T09:50:00Z,partner-sync-worker,sync_backlog_depth,18.4
2026-07-23T09:50:00Z,partner-sync-worker,sync_lag_s,5.2249
2026-07-23T09:50:00Z,webhook-dispatcher,container_memory_rss_mb,477.1
2026-07-23T09:50:00Z,webhook-dispatcher,tcp_new_conns_per_s,13.0
2026-07-23T09:50:00Z,webhook-dispatcher,tls_handshake_p95_ms,18.5
2026-07-23T09:50:00Z,webhook-dispatcher,webhook_dispatch_p95_ms,188.4
2026-07-23T09:51:00Z,billing-api,webhook_confirmation_p99_ms,303.1
2026-07-23T09:51:00Z,billing-api,webhook_retry_queue_depth,4.1232
2026-07-23T09:51:00Z,partner-sync-worker,records_processed_per_min,255.6
2026-07-23T09:51:00Z,partner-sync-worker,sync_backlog_depth,21.7
2026-07-23T09:51:00Z,partner-sync-worker,sync_lag_s,6.5385
2026-07-23T09:51:00Z,webhook-dispatcher,container_memory_rss_mb,477.8
2026-07-23T09:51:00Z,webhook-dispatcher,tcp_new_conns_per_s,12.5
2026-07-23T09:51:00Z,webhook-dispatcher,tls_handshake_p95_ms,18.8
2026-07-23T09:51:00Z,webhook-dispatcher,webhook_dispatch_p95_ms,178.4
2026-07-23T09:52:00Z,billing-api,webhook_confirmation_p99_ms,285.9
2026-07-23T09:52:00Z,billing-api,webhook_retry_queue_depth,3.8601
2026-07-23T09:52:00Z,partner-sync-worker,records_processed_per_min,231.0
2026-07-23T09:52:00Z,partner-sync-worker,sync_backlog_depth,17.7
2026-07-23T09:52:00Z,partner-sync-worker,sync_lag_s,5.9383
2026-07-23T09:52:00Z,webhook-dispatcher,container_memory_rss_mb,476.0
2026-07-23T09:52:00Z,webhook-dispatcher,tcp_new_conns_per_s,10.8
2026-07-23T09:52:00Z,webhook-dispatcher,tls_handshake_p95_ms,17.0
2026-07-23T09:52:00Z,webhook-dispatcher,webhook_dispatch_p95_ms,187.7
2026-07-23T09:53:00Z,billing-api,webhook_confirmation_p99_ms,300.2
2026-07-23T09:53:00Z,billing-api,webhook_retry_queue_depth,3.9921
2026-07-23T09:53:00Z,partner-sync-worker,records_processed_per_min,242.3
2026-07-23T09:53:00Z,partner-sync-worker,sync_backlog_depth,19.3
2026-07-23T09:53:00Z,partner-sync-worker,sync_lag_s,6.4973
2026-07-23T09:53:00Z,webhook-dispatcher,container_memory_rss_mb,480.5
2026-07-23T09:53:00Z,webhook-dispatcher,tcp_new_conns_per_s,11.5
2026-07-23T09:53:00Z,webhook-dispatcher,tls_handshake_p95_ms,19.3
2026-07-23T09:53:00Z,webhook-dispatcher,webhook_dispatch_p95_ms,183.5
2026-07-23T09:54:00Z,billing-api,webhook_confirmation_p99_ms,284.8
2026-07-23T09:54:00Z,billing-api,webhook_retry_queue_depth,3.6315
2026-07-23T09:54:00Z,partner-sync-worker,records_processed_per_min,227.2
2026-07-23T09:54:00Z,partner-sync-worker,sync_backlog_depth,21.4
2026-07-23T09:54:00Z,partner-sync-worker,sync_lag_s,6.3107
2026-07-23T09:54:00Z,webhook-dispatcher,container_memory_rss_mb,487.9
2026-07-23T09:54:00Z,webhook-dispatcher,tcp_new_conns_per_s,12.5
2026-07-23T09:54:00Z,webhook-dispatcher,tls_handshake_p95_ms,17.2
2026-07-23T09:54:00Z,webhook-dispatcher,webhook_dispatch_p95_ms,184.1
2026-07-23T09:55:00Z,billing-api,webhook_confirmation_p99_ms,298.2
2026-07-23T09:55:00Z,billing-api,webhook_retry_queue_depth,3.6041
2026-07-23T09:55:00Z,partner-sync-worker,records_processed_per_min,235.6
2026-07-23T09:55:00Z,partner-sync-worker,sync_backlog_depth,20.1
2026-07-23T09:55:00Z,partner-sync-worker,sync_lag_s,5.9784
2026-07-23T09:55:00Z,webhook-dispatcher,container_memory_rss_mb,472.8
2026-07-23T09:55:00Z,webhook-dispatcher,tcp_new_conns_per_s,12.9
2026-07-23T09:55:00Z,webhook-dispatcher,tls_handshake_p95_ms,17.2
2026-07-23T09:55:00Z,webhook-dispatcher,webhook_dispatch_p95_ms,189.3
2026-07-23T09:56:00Z,billing-api,webhook_confirmation_p99_ms,306.9
2026-07-23T09:56:00Z,billing-api,webhook_retry_queue_depth,4.0174
2026-07-23T09:56:00Z,partner-sync-worker,records_processed_per_min,244.5
2026-07-23T09:56:00Z,partner-sync-worker,sync_backlog_depth,19.4
2026-07-23T09:56:00Z,partner-sync-worker,sync_lag_s,6.325
2026-07-23T09:56:00Z,webhook-dispatcher,container_memory_rss_mb,482.5
2026-07-23T09:56:00Z,webhook-dispatcher,tcp_new_conns_per_s,12.2
2026-07-23T09:56:00Z,webhook-dispatcher,tls_handshake_p95_ms,17.8
2026-07-23T09:56:00Z,webhook-dispatcher,webhook_dispatch_p95_ms,198.6
2026-07-23T09:57:00Z,billing-api,webhook_confirmation_p99_ms,317.5
2026-07-23T09:57:00Z,billing-api,webhook_retry_queue_depth,3.8088
2026-07-23T09:57:00Z,partner-sync-worker,records_processed_per_min,233.4
2026-07-23T09:57:00Z,partner-sync-worker,sync_backlog_depth,21.1
2026-07-23T09:57:00Z,partner-sync-worker,sync_lag_s,6.2144
2026-07-23T09:57:00Z,webhook-dispatcher,container_memory_rss_mb,470.4
2026-07-23T09:57:00Z,webhook-dispatcher,tcp_new_conns_per_s,11.0
2026-07-23T09:57:00Z,webhook-dispatcher,tls_handshake_p95_ms,16.7
2026-07-23T09:57:00Z,webhook-dispatcher,webhook_dispatch_p95_ms,187.5
2026-07-23T09:58:00Z,billing-api,webhook_confirmation_p99_ms,311.6
2026-07-23T09:58:00Z,billing-api,webhook_retry_queue_depth,4.0099
2026-07-23T09:58:00Z,partner-sync-worker,records_processed_per_min,246.1
2026-07-23T09:58:00Z,partner-sync-worker,sync_backlog_depth,18.9
2026-07-23T09:58:00Z,partner-sync-worker,sync_lag_s,6.6011
2026-07-23T09:58:00Z,webhook-dispatcher,container_memory_rss_mb,472.3
2026-07-23T09:58:00Z,webhook-dispatcher,tcp_new_conns_per_s,12.1
2026-07-23T09:58:00Z,webhook-dispatcher,tls_handshake_p95_ms,19.4
2026-07-23T09:58:00Z,webhook-dispatcher,webhook_dispatch_p95_ms,193.5
2026-07-23T09:59:00Z,billing-api,webhook_confirmation_p99_ms,313.1
2026-07-23T09:59:00Z,billing-api,webhook_retry_queue_depth,3.9361
2026-07-23T09:59:00Z,partner-sync-worker,records_processed_per_min,254.1
2026-07-23T09:59:00Z,partner-sync-worker,sync_backlog_depth,18.6
2026-07-23T09:59:00Z,partner-sync-worker,sync_lag_s,6.3425
2026-07-23T09:59:00Z,webhook-dispatcher,container_memory_rss_mb,475.4
2026-07-23T09:59:00Z,webhook-dispatcher,tcp_new_conns_per_s,10.9
2026-07-23T09:59:00Z,webhook-dispatcher,tls_handshake_p95_ms,18.7
2026-07-23T09:59:00Z,webhook-dispatcher,webhook_dispatch_p95_ms,190.0
2026-07-23T10:00:00Z,billing-api,webhook_confirmation_p99_ms,298.9
2026-07-23T10:00:00Z,billing-api,webhook_retry_queue_depth,4.2213
2026-07-23T10:00:00Z,partner-sync-worker,records_processed_per_min,225.2
2026-07-23T10:00:00Z,partner-sync-worker,sync_backlog_depth,18.3
2026-07-23T10:00:00Z,partner-sync-worker,sync_lag_s,6.4683
2026-07-23T10:00:00Z,webhook-dispatcher,container_memory_rss_mb,493.0
2026-07-23T10:00:00Z,webhook-dispatcher,tcp_new_conns_per_s,11.1
2026-07-23T10:00:00Z,webhook-dispatcher,tls_handshake_p95_ms,17.2
2026-07-23T10:00:00Z,webhook-dispatcher,webhook_dispatch_p95_ms,194.1
2026-07-23T10:01:00Z,billing-api,webhook_confirmation_p99_ms,298.8
2026-07-23T10:01:00Z,billing-api,webhook_retry_queue_depth,3.794
2026-07-23T10:01:00Z,partner-sync-worker,records_processed_per_min,232.3
2026-07-23T10:01:00Z,partner-sync-worker,sync_backlog_depth,20.8
2026-07-23T10:01:00Z,partner-sync-worker,sync_lag_s,5.3456
2026-07-23T10:01:00Z,webhook-dispatcher,container_memory_rss_mb,469.1
2026-07-23T10:01:00Z,webhook-dispatcher,tcp_new_conns_per_s,11.4
2026-07-23T10:01:00Z,webhook-dispatcher,tls_handshake_p95_ms,16.6
2026-07-23T10:01:00Z,webhook-dispatcher,webhook_dispatch_p95_ms,191.6
2026-07-23T10:02:00Z,billing-api,webhook_confirmation_p99_ms,300.9
2026-07-23T10:02:00Z,billing-api,webhook_retry_queue_depth,4.2609
2026-07-23T10:02:00Z,partner-sync-worker,records_processed_per_min,236.4
2026-07-23T10:02:00Z,partner-sync-worker,sync_backlog_depth,17.6
2026-07-23T10:02:00Z,partner-sync-worker,sync_lag_s,6.1053
2026-07-23T10:02:00Z,webhook-dispatcher,container_memory_rss_mb,494.4
2026-07-23T10:02:00Z,webhook-dispatcher,tcp_new_conns_per_s,12.3
2026-07-23T10:02:00Z,webhook-dispatcher,tls_handshake_p95_ms,18.1
2026-07-23T10:02:00Z,webhook-dispatcher,webhook_dispatch_p95_ms,190.8
2026-07-23T10:03:00Z,billing-api,webhook_confirmation_p99_ms,307.9
2026-07-23T10:03:00Z,billing-api,webhook_retry_queue_depth,4.0273
2026-07-23T10:03:00Z,partner-sync-worker,records_processed_per_min,262.5
2026-07-23T10:03:00Z,partner-sync-worker,sync_backlog_depth,21.2
2026-07-23T10:03:00Z,partner-sync-worker,sync_lag_s,5.6827
2026-07-23T10:03:00Z,webhook-dispatcher,container_memory_rss_mb,469.6
2026-07-23T10:03:00Z,webhook-dispatcher,tcp_new_conns_per_s,11.6
2026-07-23T10:03:00Z,webhook-dispatcher,tls_handshake_p95_ms,18.9
2026-07-23T10:03:00Z,webhook-dispatcher,webhook_dispatch_p95_ms,189.9
2026-07-23T10:04:00Z,billing-api,webhook_confirmation_p99_ms,305.4
2026-07-23T10:04:00Z,billing-api,webhook_retry_queue_depth,4.0142
2026-07-23T10:04:00Z,partner-sync-worker,records_processed_per_min,232.7
2026-07-23T10:04:00Z,partner-sync-worker,sync_backlog_depth,20.6
2026-07-23T10:04:00Z,partner-sync-worker,sync_lag_s,6.3224
2026-07-23T10:04:00Z,webhook-dispatcher,container_memory_rss_mb,475.5
2026-07-23T10:04:00Z,webhook-dispatcher,tcp_new_conns_per_s,11.1
2026-07-23T10:04:00Z,webhook-dispatcher,tls_handshake_p95_ms,19.2
2026-07-23T10:04:00Z,webhook-dispatcher,webhook_dispatch_p95_ms,179.0
2026-07-23T10:05:00Z,billing-api,webhook_confirmation_p99_ms,309.7
2026-07-23T10:05:00Z,billing-api,webhook_retry_queue_depth,3.6664
2026-07-23T10:05:00Z,partner-sync-worker,records_processed_per_min,233.3
2026-07-23T10:05:00Z,partner-sync-worker,sync_backlog_depth,18.3
2026-07-23T10:05:00Z,partner-sync-worker,sync_lag_s,5.3392
2026-07-23T10:05:00Z,webhook-dispatcher,container_memory_rss_mb,486.6
2026-07-23T10:05:00Z,webhook-dispatcher,tcp_new_conns_per_s,12.0
2026-07-23T10:05:00Z,webhook-dispatcher,tls_handshake_p95_ms,18.0
2026-07-23T10:05:00Z,webhook-dispatcher,webhook_dispatch_p95_ms,183.6
2026-07-23T10:06:00Z,billing-api,webhook_confirmation_p99_ms,290.8
2026-07-23T10:06:00Z,billing-api,webhook_retry_queue_depth,4.0071
2026-07-23T10:06:00Z,partner-sync-worker,records_processed_per_min,238.3
2026-07-23T10:06:00Z,partner-sync-worker,sync_backlog_depth,21.7
2026-07-23T10:06:00Z,partner-sync-worker,sync_lag_s,6.7328
2026-07-23T10:06:00Z,webhook-dispatcher,container_memory_rss_mb,469.2
2026-07-23T10:06:00Z,webhook-dispatcher,tcp_new_conns_per_s,12.5
2026-07-23T10:06:00Z,webhook-dispatcher,tls_handshake_p95_ms,18.6
2026-07-23T10:06:00Z,webhook-dispatcher,webhook_dispatch_p95_ms,186.4
2026-07-23T10:07:00Z,billing-api,webhook_confirmation_p99_ms,282.5
2026-07-23T10:07:00Z,billing-api,webhook_retry_queue_depth,4.3671
2026-07-23T10:07:00Z,partner-sync-worker,records_processed_per_min,239.2
2026-07-23T10:07:00Z,partner-sync-worker,sync_backlog_depth,18.5
2026-07-23T10:07:00Z,partner-sync-worker,sync_lag_s,5.8565
2026-07-23T10:07:00Z,webhook-dispatcher,container_memory_rss_mb,492.1
2026-07-23T10:07:00Z,webhook-dispatcher,tcp_new_conns_per_s,11.4
2026-07-23T10:07:00Z,webhook-dispatcher,tls_handshake_p95_ms,18.5
2026-07-23T10:07:00Z,webhook-dispatcher,webhook_dispatch_p95_ms,200.7
2026-07-23T10:08:00Z,billing-api,webhook_confirmation_p99_ms,314.6
2026-07-23T10:08:00Z,billing-api,webhook_retry_queue_depth,4.348
2026-07-23T10:08:00Z,partner-sync-worker,records_processed_per_min,222.9
2026-07-23T10:08:00Z,partner-sync-worker,sync_backlog_depth,18.9
2026-07-23T10:08:00Z,partner-sync-worker,sync_lag_s,5.345
2026-07-23T10:08:00Z,webhook-dispatcher,container_memory_rss_mb,491.8
2026-07-23T10:08:00Z,webhook-dispatcher,tcp_new_conns_per_s,12.7
2026-07-23T10:08:00Z,webhook-dispatcher,tls_handshake_p95_ms,17.8
2026-07-23T10:08:00Z,webhook-dispatcher,webhook_dispatch_p95_ms,189.5
2026-07-23T10:09:00Z,billing-api,webhook_confirmation_p99_ms,308.0
2026-07-23T10:09:00Z,billing-api,webhook_retry_queue_depth,3.6331
2026-07-23T10:09:00Z,partner-sync-worker,records_processed_per_min,223.8
2026-07-23T10:09:00Z,partner-sync-worker,sync_backlog_depth,21.1
2026-07-23T10:09:00Z,partner-sync-worker,sync_lag_s,5.9534
2026-07-23T10:09:00Z,webhook-dispatcher,container_memory_rss_mb,475.8
2026-07-23T10:09:00Z,webhook-dispatcher,tcp_new_conns_per_s,10.8
2026-07-23T10:09:00Z,webhook-dispatcher,tls_handshake_p95_ms,17.7
2026-07-23T10:09:00Z,webhook-dispatcher,webhook_dispatch_p95_ms,186.5
2026-07-23T10:10:00Z,billing-api,webhook_confirmation_p99_ms,287.2
2026-07-23T10:10:00Z,billing-api,webhook_retry_queue_depth,3.8756
2026-07-23T10:10:00Z,partner-sync-worker,records_processed_per_min,238.7
2026-07-23T10:10:00Z,partner-sync-worker,sync_backlog_depth,18.0
2026-07-23T10:10:00Z,partner-sync-worker,sync_lag_s,6.7453
2026-07-23T10:10:00Z,webhook-dispatcher,container_memory_rss_mb,481.7
2026-07-23T10:10:00Z,webhook-dispatcher,tcp_new_conns_per_s,12.0
2026-07-23T10:10:00Z,webhook-dispatcher,tls_handshake_p95_ms,19.2
2026-07-23T10:10:00Z,webhook-dispatcher,webhook_dispatch_p95_ms,196.8
2026-07-23T10:11:00Z,billing-api,webhook_confirmation_p99_ms,312.6
2026-07-23T10:11:00Z,billing-api,webhook_retry_queue_depth,4.1601
2026-07-23T10:11:00Z,partner-sync-worker,records_processed_per_min,227.4
2026-07-23T10:11:00Z,partner-sync-worker,sync_backlog_depth,19.2
2026-07-23T10:11:00Z,partner-sync-worker,sync_lag_s,5.9697
2026-07-23T10:11:00Z,webhook-dispatcher,container_memory_rss_mb,489.0
2026-07-23T10:11:00Z,webhook-dispatcher,tcp_new_conns_per_s,10.8
2026-07-23T10:11:00Z,webhook-dispatcher,tls_handshake_p95_ms,17.6
2026-07-23T10:11:00Z,webhook-dispatcher,webhook_dispatch_p95_ms,197.2
2026-07-23T10:12:00Z,billing-api,webhook_confirmation_p99_ms,313.8
2026-07-23T10:12:00Z,billing-api,webhook_retry_queue_depth,4.0575
2026-07-23T10:12:00Z,partner-sync-worker,records_processed_per_min,246.9
2026-07-23T10:12:00Z,partner-sync-worker,sync_backlog_depth,18.6
2026-07-23T10:12:00Z,partner-sync-worker,sync_lag_s,5.3055
2026-07-23T10:12:00Z,webhook-dispatcher,container_memory_rss_mb,485.3
2026-07-23T10:12:00Z,webhook-dispatcher,tcp_new_conns_per_s,12.5
2026-07-23T10:12:00Z,webhook-dispatcher,tls_handshake_p95_ms,17.5
2026-07-23T10:12:00Z,webhook-dispatcher,webhook_dispatch_p95_ms,202.2
2026-07-23T10:13:00Z,billing-api,webhook_confirmation_p99_ms,310.6
2026-07-23T10:13:00Z,billing-api,webhook_retry_queue_depth,4.1977
2026-07-23T10:13:00Z,partner-sync-worker,records_processed_per_min,252.0
2026-07-23T10:13:00Z,partner-sync-worker,sync_backlog_depth,21.2
2026-07-23T10:13:00Z,partner-sync-worker,sync_lag_s,6.3063
2026-07-23T10:13:00Z,webhook-dispatcher,container_memory_rss_mb,487.8
2026-07-23T10:13:00Z,webhook-dispatcher,tcp_new_conns_per_s,11.3
2026-07-23T10:13:00Z,webhook-dispatcher,tls_handshake_p95_ms,18.9
2026-07-23T10:13:00Z,webhook-dispatcher,webhook_dispatch_p95_ms,179.5
2026-07-23T10:14:00Z,billing-api,webhook_confirmation_p99_ms,310.2
2026-07-23T10:14:00Z,billing-api,webhook_retry_queue_depth,4.0131
2026-07-23T10:14:00Z,partner-sync-worker,records_processed_per_min,262.0
2026-07-23T10:14:00Z,partner-sync-worker,sync_backlog_depth,17.6
2026-07-23T10:14:00Z,partner-sync-worker,sync_lag_s,5.5381
2026-07-23T10:14:00Z,webhook-dispatcher,container_memory_rss_mb,482.2
2026-07-23T10:14:00Z,webhook-dispatcher,tcp_new_conns_per_s,13.0
2026-07-23T10:14:00Z,webhook-dispatcher,tls_handshake_p95_ms,18.0
2026-07-23T10:14:00Z,webhook-dispatcher,webhook_dispatch_p95_ms,178.1
2026-07-23T10:15:00Z,billing-api,webhook_confirmation_p99_ms,317.8
2026-07-23T10:15:00Z,billing-api,webhook_retry_queue_depth,4.1875
2026-07-23T10:15:00Z,partner-sync-worker,records_processed_per_min,228.3
2026-07-23T10:15:00Z,partner-sync-worker,sync_backlog_depth,19.6
2026-07-23T10:15:00Z,partner-sync-worker,sync_lag_s,5.6897
2026-07-23T10:15:00Z,webhook-dispatcher,container_memory_rss_mb,489.1
2026-07-23T10:15:00Z,webhook-dispatcher,tcp_new_conns_per_s,12.7
2026-07-23T10:15:00Z,webhook-dispatcher,tls_handshake_p95_ms,17.2
2026-07-23T10:15:00Z,webhook-dispatcher,webhook_dispatch_p95_ms,194.2
2026-07-23T10:16:00Z,billing-api,webhook_confirmation_p99_ms,314.6
2026-07-23T10:16:00Z,billing-api,webhook_retry_queue_depth,3.9655
2026-07-23T10:16:00Z,partner-sync-worker,records_processed_per_min,256.3
2026-07-23T10:16:00Z,partner-sync-worker,sync_backlog_depth,19.5
2026-07-23T10:16:00Z,partner-sync-worker,sync_lag_s,5.7276
2026-07-23T10:16:00Z,webhook-dispatcher,container_memory_rss_mb,489.7
2026-07-23T10:16:00Z,webhook-dispatcher,tcp_new_conns_per_s,11.7
2026-07-23T10:16:00Z,webhook-dispatcher,tls_handshake_p95_ms,19.0
2026-07-23T10:16:00Z,webhook-dispatcher,webhook_dispatch_p95_ms,186.6
2026-07-23T10:17:00Z,billing-api,webhook_confirmation_p99_ms,305.6
2026-07-23T10:17:00Z,billing-api,webhook_retry_queue_depth,4.2658
2026-07-23T10:17:00Z,partner-sync-worker,records_processed_per_min,250.5
2026-07-23T10:17:00Z,partner-sync-worker,sync_backlog_depth,18.3
2026-07-23T10:17:00Z,partner-sync-worker,sync_lag_s,6.3888
2026-07-23T10:17:00Z,webhook-dispatcher,container_memory_rss_mb,471.6
2026-07-23T10:17:00Z,webhook-dispatcher,tcp_new_conns_per_s,10.8
2026-07-23T10:17:00Z,webhook-dispatcher,tls_handshake_p95_ms,19.4
2026-07-23T10:17:00Z,webhook-dispatcher,webhook_dispatch_p95_ms,182.8
2026-07-23T10:18:00Z,billing-api,webhook_confirmation_p99_ms,292.5
2026-07-23T10:18:00Z,billing-api,webhook_retry_queue_depth,3.9283
2026-07-23T10:18:00Z,partner-sync-worker,records_processed_per_min,251.5
2026-07-23T10:18:00Z,partner-sync-worker,sync_backlog_depth,20.9
2026-07-23T10:18:00Z,partner-sync-worker,sync_lag_s,5.4094
2026-07-23T10:18:00Z,webhook-dispatcher,container_memory_rss_mb,484.3
2026-07-23T10:18:00Z,webhook-dispatcher,tcp_new_conns_per_s,11.1
2026-07-23T10:18:00Z,webhook-dispatcher,tls_handshake_p95_ms,17.7
2026-07-23T10:18:00Z,webhook-dispatcher,webhook_dispatch_p95_ms,188.8
2026-07-23T10:19:00Z,billing-api,webhook_confirmation_p99_ms,296.0
2026-07-23T10:19:00Z,billing-api,webhook_retry_queue_depth,3.6648
2026-07-23T10:19:00Z,partner-sync-worker,records_processed_per_min,259.5
2026-07-23T10:19:00Z,partner-sync-worker,sync_backlog_depth,17.9
2026-07-23T10:19:00Z,partner-sync-worker,sync_lag_s,5.1051
2026-07-23T10:19:00Z,webhook-dispatcher,container_memory_rss_mb,493.4
2026-07-23T10:19:00Z,webhook-dispatcher,tcp_new_conns_per_s,13.1
2026-07-23T10:19:00Z,webhook-dispatcher,tls_handshake_p95_ms,16.8
2026-07-23T10:19:00Z,webhook-dispatcher,webhook_dispatch_p95_ms,184.9
2026-07-23T10:20:00Z,billing-api,webhook_confirmation_p99_ms,313.7
2026-07-23T10:20:00Z,billing-api,webhook_retry_queue_depth,3.9265
2026-07-23T10:20:00Z,partner-sync-worker,records_processed_per_min,226.7
2026-07-23T10:20:00Z,partner-sync-worker,sync_backlog_depth,17.7
2026-07-23T10:20:00Z,partner-sync-worker,sync_lag_s,5.8648
2026-07-23T10:20:00Z,webhook-dispatcher,container_memory_rss_mb,473.9
2026-07-23T10:20:00Z,webhook-dispatcher,tcp_new_conns_per_s,12.0
2026-07-23T10:20:00Z,webhook-dispatcher,tls_handshake_p95_ms,17.1
2026-07-23T10:20:00Z,webhook-dispatcher,webhook_dispatch_p95_ms,196.5
2026-07-23T10:21:00Z,billing-api,webhook_confirmation_p99_ms,282.2
2026-07-23T10:21:00Z,billing-api,webhook_retry_queue_depth,4.38
2026-07-23T10:21:00Z,partner-sync-worker,records_processed_per_min,255.8
2026-07-23T10:21:00Z,partner-sync-worker,sync_backlog_depth,21.6
2026-07-23T10:21:00Z,partner-sync-worker,sync_lag_s,5.1102
2026-07-23T10:21:00Z,webhook-dispatcher,container_memory_rss_mb,477.4
2026-07-23T10:21:00Z,webhook-dispatcher,tcp_new_conns_per_s,12.8
2026-07-23T10:21:00Z,webhook-dispatcher,tls_handshake_p95_ms,16.9
2026-07-23T10:21:00Z,webhook-dispatcher,webhook_dispatch_p95_ms,182.3
2026-07-23T10:22:00Z,billing-api,webhook_confirmation_p99_ms,300.4
2026-07-23T10:22:00Z,billing-api,webhook_retry_queue_depth,3.8667
2026-07-23T10:22:00Z,partner-sync-worker,records_processed_per_min,225.8
2026-07-23T10:22:00Z,partner-sync-worker,sync_backlog_depth,19.8
2026-07-23T10:22:00Z,partner-sync-worker,sync_lag_s,6.1501
2026-07-23T10:22:00Z,webhook-dispatcher,container_memory_rss_mb,469.1
2026-07-23T10:22:00Z,webhook-dispatcher,tcp_new_conns_per_s,13.0
2026-07-23T10:22:00Z,webhook-dispatcher,tls_handshake_p95_ms,17.9
2026-07-23T10:22:00Z,webhook-dispatcher,webhook_dispatch_p95_ms,176.9
2026-07-23T10:23:00Z,billing-api,webhook_confirmation_p99_ms,313.6
2026-07-23T10:23:00Z,billing-api,webhook_retry_queue_depth,3.814
2026-07-23T10:23:00Z,partner-sync-worker,records_processed_per_min,222.9
2026-07-23T10:23:00Z,partner-sync-worker,sync_backlog_depth,18.8
2026-07-23T10:23:00Z,partner-sync-worker,sync_lag_s,5.5322
2026-07-23T10:23:00Z,webhook-dispatcher,container_memory_rss_mb,478.7
2026-07-23T10:23:00Z,webhook-dispatcher,tcp_new_conns_per_s,11.4
2026-07-23T10:23:00Z,webhook-dispatcher,tls_handshake_p95_ms,17.4
2026-07-23T10:23:00Z,webhook-dispatcher,webhook_dispatch_p95_ms,185.1
2026-07-23T10:24:00Z,billing-api,webhook_confirmation_p99_ms,293.7
2026-07-23T10:24:00Z,billing-api,webhook_retry_queue_depth,3.8381
2026-07-23T10:24:00Z,partner-sync-worker,records_processed_per_min,239.3
2026-07-23T10:24:00Z,partner-sync-worker,sync_backlog_depth,21.8
2026-07-23T10:24:00Z,partner-sync-worker,sync_lag_s,6.2647
2026-07-23T10:24:00Z,webhook-dispatcher,container_memory_rss_mb,488.8
2026-07-23T10:24:00Z,webhook-dispatcher,tcp_new_conns_per_s,12.4
2026-07-23T10:24:00Z,webhook-dispatcher,tls_handshake_p95_ms,19.1
2026-07-23T10:24:00Z,webhook-dispatcher,webhook_dispatch_p95_ms,194.8
2026-07-23T10:25:00Z,billing-api,webhook_confirmation_p99_ms,316.4
2026-07-23T10:25:00Z,billing-api,webhook_retry_queue_depth,4.2504
2026-07-23T10:25:00Z,partner-sync-worker,records_processed_per_min,248.8
2026-07-23T10:25:00Z,partner-sync-worker,sync_backlog_depth,19.6
2026-07-23T10:25:00Z,partner-sync-worker,sync_lag_s,6.6586
2026-07-23T10:25:00Z,webhook-dispatcher,container_memory_rss_mb,482.0
2026-07-23T10:25:00Z,webhook-dispatcher,tcp_new_conns_per_s,12.2
2026-07-23T10:25:00Z,webhook-dispatcher,tls_handshake_p95_ms,19.0
2026-07-23T10:25:00Z,webhook-dispatcher,webhook_dispatch_p95_ms,183.6
2026-07-23T10:26:00Z,billing-api,webhook_confirmation_p99_ms,313.8
2026-07-23T10:26:00Z,billing-api,webhook_retry_queue_depth,3.7824
2026-07-23T10:26:00Z,partner-sync-worker,records_processed_per_min,248.3
2026-07-23T10:26:00Z,partner-sync-worker,sync_backlog_depth,19.6
2026-07-23T10:26:00Z,partner-sync-worker,sync_lag_s,6.6836
2026-07-23T10:26:00Z,webhook-dispatcher,container_memory_rss_mb,468.6
2026-07-23T10:26:00Z,webhook-dispatcher,tcp_new_conns_per_s,27.2
2026-07-23T10:26:00Z,webhook-dispatcher,tls_handshake_p95_ms,37.0
2026-07-23T10:26:00Z,webhook-dispatcher,webhook_dispatch_p95_ms,304.2
2026-07-23T10:27:00Z,billing-api,webhook_confirmation_p99_ms,298.1
2026-07-23T10:27:00Z,billing-api,webhook_retry_queue_depth,3.8159
2026-07-23T10:27:00Z,partner-sync-worker,records_processed_per_min,248.3
2026-07-23T10:27:00Z,partner-sync-worker,sync_backlog_depth,22.2
2026-07-23T10:27:00Z,partner-sync-worker,sync_lag_s,6.3513
2026-07-23T10:27:00Z,webhook-dispatcher,container_memory_rss_mb,486.2
2026-07-23T10:27:00Z,webhook-dispatcher,tcp_new_conns_per_s,45.1
2026-07-23T10:27:00Z,webhook-dispatcher,tls_handshake_p95_ms,61.1
2026-07-23T10:27:00Z,webhook-dispatcher,webhook_dispatch_p95_ms,420.3
2026-07-23T10:28:00Z,billing-api,webhook_confirmation_p99_ms,299.3
2026-07-23T10:28:00Z,billing-api,webhook_retry_queue_depth,3.6502
2026-07-23T10:28:00Z,partner-sync-worker,records_processed_per_min,247.7
2026-07-23T10:28:00Z,partner-sync-worker,sync_backlog_depth,21.5
2026-07-23T10:28:00Z,partner-sync-worker,sync_lag_s,6.4458
2026-07-23T10:28:00Z,webhook-dispatcher,container_memory_rss_mb,492.8
2026-07-23T10:28:00Z,webhook-dispatcher,tcp_new_conns_per_s,57.7
2026-07-23T10:28:00Z,webhook-dispatcher,tls_handshake_p95_ms,79.5
2026-07-23T10:28:00Z,webhook-dispatcher,webhook_dispatch_p95_ms,494.0
2026-07-23T10:29:00Z,billing-api,webhook_confirmation_p99_ms,295.4
2026-07-23T10:29:00Z,billing-api,webhook_retry_queue_depth,4.0984
2026-07-23T10:29:00Z,partner-sync-worker,records_processed_per_min,221.8
2026-07-23T10:29:00Z,partner-sync-worker,sync_backlog_depth,20.6
2026-07-23T10:29:00Z,partner-sync-worker,sync_lag_s,6.484
2026-07-23T10:29:00Z,webhook-dispatcher,container_memory_rss_mb,477.6
2026-07-23T10:29:00Z,webhook-dispatcher,tcp_new_conns_per_s,73.6
2026-07-23T10:29:00Z,webhook-dispatcher,tls_handshake_p95_ms,97.7
2026-07-23T10:29:00Z,webhook-dispatcher,webhook_dispatch_p95_ms,570.5
2026-07-23T10:30:00Z,billing-api,webhook_confirmation_p99_ms,307.9
2026-07-23T10:30:00Z,billing-api,webhook_retry_queue_depth,4.1771
2026-07-23T10:30:00Z,partner-sync-worker,records_processed_per_min,254.5
2026-07-23T10:30:00Z,partner-sync-worker,sync_backlog_depth,20.6
2026-07-23T10:30:00Z,partner-sync-worker,sync_lag_s,6.5596
2026-07-23T10:30:00Z,webhook-dispatcher,container_memory_rss_mb,479.6
2026-07-23T10:30:00Z,webhook-dispatcher,tcp_new_conns_per_s,92.2
2026-07-23T10:30:00Z,webhook-dispatcher,tls_handshake_p95_ms,114.8
2026-07-23T10:30:00Z,webhook-dispatcher,webhook_dispatch_p95_ms,729.5
2026-07-23T10:31:00Z,billing-api,webhook_confirmation_p99_ms,295.7
2026-07-23T10:31:00Z,billing-api,webhook_retry_queue_depth,3.7635
2026-07-23T10:31:00Z,partner-sync-worker,records_processed_per_min,220.4
2026-07-23T10:31:00Z,partner-sync-worker,sync_backlog_depth,19.3
2026-07-23T10:31:00Z,partner-sync-worker,sync_lag_s,6.4669
2026-07-23T10:31:00Z,webhook-dispatcher,container_memory_rss_mb,475.9
2026-07-23T10:31:00Z,webhook-dispatcher,tcp_new_conns_per_s,112.1
2026-07-23T10:31:00Z,webhook-dispatcher,tls_handshake_p95_ms,146.5
2026-07-23T10:31:00Z,webhook-dispatcher,webhook_dispatch_p95_ms,759.0
2026-07-23T10:32:00Z,billing-api,webhook_confirmation_p99_ms,314.5
2026-07-23T10:32:00Z,billing-api,webhook_retry_queue_depth,4.3218
2026-07-23T10:32:00Z,partner-sync-worker,records_processed_per_min,226.5
2026-07-23T10:32:00Z,partner-sync-worker,sync_backlog_depth,20.9
2026-07-23T10:32:00Z,partner-sync-worker,sync_lag_s,5.3131
2026-07-23T10:32:00Z,webhook-dispatcher,container_memory_rss_mb,481.1
2026-07-23T10:32:00Z,webhook-dispatcher,tcp_new_conns_per_s,127.3
2026-07-23T10:32:00Z,webhook-dispatcher,tls_handshake_p95_ms,166.8
2026-07-23T10:32:00Z,webhook-dispatcher,webhook_dispatch_p95_ms,887.4
2026-07-23T10:33:00Z,billing-api,webhook_confirmation_p99_ms,305.4
2026-07-23T10:33:00Z,billing-api,webhook_retry_queue_depth,3.9371
2026-07-23T10:33:00Z,partner-sync-worker,records_processed_per_min,239.2
2026-07-23T10:33:00Z,partner-sync-worker,sync_backlog_depth,18.4
2026-07-23T10:33:00Z,partner-sync-worker,sync_lag_s,6.5184
2026-07-23T10:33:00Z,webhook-dispatcher,container_memory_rss_mb,493.3
2026-07-23T10:33:00Z,webhook-dispatcher,tcp_new_conns_per_s,135.9
2026-07-23T10:33:00Z,webhook-dispatcher,tls_handshake_p95_ms,172.5
2026-07-23T10:33:00Z,webhook-dispatcher,webhook_dispatch_p95_ms,1061.9
2026-07-23T10:34:00Z,billing-api,webhook_confirmation_p99_ms,304.6
2026-07-23T10:34:00Z,billing-api,webhook_retry_queue_depth,4.2751
2026-07-23T10:34:00Z,partner-sync-worker,records_processed_per_min,234.0
2026-07-23T10:34:00Z,partner-sync-worker,sync_backlog_depth,20.8
2026-07-23T10:34:00Z,partner-sync-worker,sync_lag_s,5.2867
2026-07-23T10:34:00Z,webhook-dispatcher,container_memory_rss_mb,485.8
2026-07-23T10:34:00Z,webhook-dispatcher,tcp_new_conns_per_s,167.2
2026-07-23T10:34:00Z,webhook-dispatcher,tls_handshake_p95_ms,190.2
2026-07-23T10:34:00Z,webhook-dispatcher,webhook_dispatch_p95_ms,1181.0
2026-07-23T10:35:00Z,billing-api,webhook_confirmation_p99_ms,299.2
2026-07-23T10:35:00Z,billing-api,webhook_retry_queue_depth,4.2792
2026-07-23T10:35:00Z,partner-sync-worker,records_processed_per_min,263.9
2026-07-23T10:35:00Z,partner-sync-worker,sync_backlog_depth,18.2
2026-07-23T10:35:00Z,partner-sync-worker,sync_lag_s,5.1404
2026-07-23T10:35:00Z,webhook-dispatcher,container_memory_rss_mb,471.6
2026-07-23T10:35:00Z,webhook-dispatcher,tcp_new_conns_per_s,160.5
2026-07-23T10:35:00Z,webhook-dispatcher,tls_handshake_p95_ms,215.0
2026-07-23T10:35:00Z,webhook-dispatcher,webhook_dispatch_p95_ms,1235.2
2026-07-23T10:36:00Z,billing-api,webhook_confirmation_p99_ms,423.3
2026-07-23T10:36:00Z,billing-api,webhook_retry_queue_depth,21.3268
2026-07-23T10:36:00Z,partner-sync-worker,records_processed_per_min,230.8
2026-07-23T10:36:00Z,partner-sync-worker,sync_backlog_depth,19.1
2026-07-23T10:36:00Z,partner-sync-worker,sync_lag_s,6.0562
2026-07-23T10:36:00Z,webhook-dispatcher,container_memory_rss_mb,470.3
2026-07-23T10:36:00Z,webhook-dispatcher,tcp_new_conns_per_s,187.1
2026-07-23T10:36:00Z,webhook-dispatcher,tls_handshake_p95_ms,237.3
2026-07-23T10:36:00Z,webhook-dispatcher,webhook_dispatch_p95_ms,1366.6
2026-07-23T10:37:00Z,billing-api,webhook_confirmation_p99_ms,555.8
2026-07-23T10:37:00Z,billing-api,webhook_retry_queue_depth,35.8623
2026-07-23T10:37:00Z,partner-sync-worker,records_processed_per_min,246.1
2026-07-23T10:37:00Z,partner-sync-worker,sync_backlog_depth,17.8
2026-07-23T10:37:00Z,partner-sync-worker,sync_lag_s,6.6309
2026-07-23T10:37:00Z,webhook-dispatcher,container_memory_rss_mb,473.5
2026-07-23T10:37:00Z,webhook-dispatcher,tcp_new_conns_per_s,201.3
2026-07-23T10:37:00Z,webhook-dispatcher,tls_handshake_p95_ms,248.7
2026-07-23T10:37:00Z,webhook-dispatcher,webhook_dispatch_p95_ms,1327.1
2026-07-23T10:38:00Z,billing-api,webhook_confirmation_p99_ms,696.5
2026-07-23T10:38:00Z,billing-api,webhook_retry_queue_depth,61.3565
2026-07-23T10:38:00Z,partner-sync-worker,records_processed_per_min,244.4
2026-07-23T10:38:00Z,partner-sync-worker,sync_backlog_depth,18.0
2026-07-23T10:38:00Z,partner-sync-worker,sync_lag_s,6.8714
2026-07-23T10:38:00Z,webhook-dispatcher,container_memory_rss_mb,473.1
2026-07-23T10:38:00Z,webhook-dispatcher,tcp_new_conns_per_s,230.7
2026-07-23T10:38:00Z,webhook-dispatcher,tls_handshake_p95_ms,300.3
2026-07-23T10:38:00Z,webhook-dispatcher,webhook_dispatch_p95_ms,1597.1
2026-07-23T10:39:00Z,billing-api,webhook_confirmation_p99_ms,778.1
2026-07-23T10:39:00Z,billing-api,webhook_retry_queue_depth,73.4731
2026-07-23T10:39:00Z,partner-sync-worker,records_processed_per_min,234.4
2026-07-23T10:39:00Z,partner-sync-worker,sync_backlog_depth,18.2
2026-07-23T10:39:00Z,partner-sync-worker,sync_lag_s,5.3679
2026-07-23T10:39:00Z,webhook-dispatcher,container_memory_rss_mb,490.3
2026-07-23T10:39:00Z,webhook-dispatcher,tcp_new_conns_per_s,216.4
2026-07-23T10:39:00Z,webhook-dispatcher,tls_handshake_p95_ms,316.0
2026-07-23T10:39:00Z,webhook-dispatcher,webhook_dispatch_p95_ms,1678.4
2026-07-23T10:40:00Z,billing-api,webhook_confirmation_p99_ms,926.5
2026-07-23T10:40:00Z,billing-api,webhook_retry_queue_depth,93.2786
2026-07-23T10:40:00Z,partner-sync-worker,records_processed_per_min,217.6
2026-07-23T10:40:00Z,partner-sync-worker,sync_backlog_depth,21.3
2026-07-23T10:40:00Z,partner-sync-worker,sync_lag_s,6.4467
2026-07-23T10:40:00Z,webhook-dispatcher,container_memory_rss_mb,470.8
2026-07-23T10:40:00Z,webhook-dispatcher,tcp_new_conns_per_s,229.0
2026-07-23T10:40:00Z,webhook-dispatcher,tls_handshake_p95_ms,308.2
2026-07-23T10:40:00Z,webhook-dispatcher,webhook_dispatch_p95_ms,1625.8
2026-07-23T10:41:00Z,billing-api,webhook_confirmation_p99_ms,1087.4
2026-07-23T10:41:00Z,billing-api,webhook_retry_queue_depth,114.9988
2026-07-23T10:41:00Z,partner-sync-worker,records_processed_per_min,255.5
2026-07-23T10:41:00Z,partner-sync-worker,sync_backlog_depth,19.4
2026-07-23T10:41:00Z,partner-sync-worker,sync_lag_s,6.1235
2026-07-23T10:41:00Z,webhook-dispatcher,container_memory_rss_mb,485.2
2026-07-23T10:41:00Z,webhook-dispatcher,tcp_new_conns_per_s,248.0
2026-07-23T10:41:00Z,webhook-dispatcher,tls_handshake_p95_ms,371.7
2026-07-23T10:41:00Z,webhook-dispatcher,webhook_dispatch_p95_ms,1715.2
2026-07-23T10:42:00Z,billing-api,webhook_confirmation_p99_ms,1173.2
2026-07-23T10:42:00Z,billing-api,webhook_retry_queue_depth,118.3513
2026-07-23T10:42:00Z,partner-sync-worker,records_processed_per_min,252.4
2026-07-23T10:42:00Z,partner-sync-worker,sync_backlog_depth,18.7
2026-07-23T10:42:00Z,partner-sync-worker,sync_lag_s,5.4423
2026-07-23T10:42:00Z,webhook-dispatcher,container_memory_rss_mb,489.9
2026-07-23T10:42:00Z,webhook-dispatcher,tcp_new_conns_per_s,277.6
2026-07-23T10:42:00Z,webhook-dispatcher,tls_handshake_p95_ms,363.9
2026-07-23T10:42:00Z,webhook-dispatcher,webhook_dispatch_p95_ms,1814.3
2026-07-23T10:43:00Z,billing-api,webhook_confirmation_p99_ms,1339.5
2026-07-23T10:43:00Z,billing-api,webhook_retry_queue_depth,161.7471
2026-07-23T10:43:00Z,partner-sync-worker,records_processed_per_min,240.1
2026-07-23T10:43:00Z,partner-sync-worker,sync_backlog_depth,20.4
2026-07-23T10:43:00Z,partner-sync-worker,sync_lag_s,5.964
2026-07-23T10:43:00Z,webhook-dispatcher,container_memory_rss_mb,469.8
2026-07-23T10:43:00Z,webhook-dispatcher,tcp_new_conns_per_s,269.6
2026-07-23T10:43:00Z,webhook-dispatcher,tls_handshake_p95_ms,371.6
2026-07-23T10:43:00Z,webhook-dispatcher,webhook_dispatch_p95_ms,2074.1
2026-07-23T10:44:00Z,billing-api,webhook_confirmation_p99_ms,1417.5
2026-07-23T10:44:00Z,billing-api,webhook_retry_queue_depth,170.183
2026-07-23T10:44:00Z,partner-sync-worker,records_processed_per_min,218.5
2026-07-23T10:44:00Z,partner-sync-worker,sync_backlog_depth,21.8
2026-07-23T10:44:00Z,partner-sync-worker,sync_lag_s,6.2394
2026-07-23T10:44:00Z,webhook-dispatcher,container_memory_rss_mb,480.2
2026-07-23T10:44:00Z,webhook-dispatcher,tcp_new_conns_per_s,288.2
2026-07-23T10:44:00Z,webhook-dispatcher,tls_handshake_p95_ms,427.5
2026-07-23T10:44:00Z,webhook-dispatcher,webhook_dispatch_p95_ms,2091.3
2026-07-23T10:45:00Z,billing-api,webhook_confirmation_p99_ms,1680.5
2026-07-23T10:45:00Z,billing-api,webhook_retry_queue_depth,169.1433
2026-07-23T10:45:00Z,partner-sync-worker,records_processed_per_min,230.6
2026-07-23T10:45:00Z,partner-sync-worker,sync_backlog_depth,20.3
2026-07-23T10:45:00Z,partner-sync-worker,sync_lag_s,5.4075
2026-07-23T10:45:00Z,webhook-dispatcher,container_memory_rss_mb,492.5
2026-07-23T10:45:00Z,webhook-dispatcher,tcp_new_conns_per_s,351.9
2026-07-23T10:45:00Z,webhook-dispatcher,tls_handshake_p95_ms,450.3
2026-07-23T10:45:00Z,webhook-dispatcher,webhook_dispatch_p95_ms,2376.4
2026-07-23T10:46:00Z,billing-api,webhook_confirmation_p99_ms,1769.6
2026-07-23T10:46:00Z,billing-api,webhook_retry_queue_depth,212.1228
2026-07-23T10:46:00Z,partner-sync-worker,records_processed_per_min,241.4
2026-07-23T10:46:00Z,partner-sync-worker,sync_backlog_depth,20.4
2026-07-23T10:46:00Z,partner-sync-worker,sync_lag_s,5.2845
2026-07-23T10:46:00Z,webhook-dispatcher,container_memory_rss_mb,487.1
2026-07-23T10:46:00Z,webhook-dispatcher,tcp_new_conns_per_s,306.6
2026-07-23T10:46:00Z,webhook-dispatcher,tls_handshake_p95_ms,487.0
2026-07-23T10:46:00Z,webhook-dispatcher,webhook_dispatch_p95_ms,2324.6
2026-07-23T10:47:00Z,billing-api,webhook_confirmation_p99_ms,1763.4
2026-07-23T10:47:00Z,billing-api,webhook_retry_queue_depth,223.1099
2026-07-23T10:47:00Z,partner-sync-worker,records_processed_per_min,243.4
2026-07-23T10:47:00Z,partner-sync-worker,sync_backlog_depth,18.5
2026-07-23T10:47:00Z,partner-sync-worker,sync_lag_s,6.4618
2026-07-23T10:47:00Z,webhook-dispatcher,container_memory_rss_mb,482.7
2026-07-23T10:47:00Z,webhook-dispatcher,tcp_new_conns_per_s,367.8
2026-07-23T10:47:00Z,webhook-dispatcher,tls_handshake_p95_ms,497.9
2026-07-23T10:47:00Z,webhook-dispatcher,webhook_dispatch_p95_ms,2320.0
2026-07-23T10:48:00Z,billing-api,webhook_confirmation_p99_ms,2011.2
2026-07-23T10:48:00Z,billing-api,webhook_retry_queue_depth,247.1681
2026-07-23T10:48:00Z,partner-sync-worker,records_processed_per_min,245.7
2026-07-23T10:48:00Z,partner-sync-worker,sync_backlog_depth,20.9
2026-07-23T10:48:00Z,partner-sync-worker,sync_lag_s,6.4818
2026-07-23T10:48:00Z,webhook-dispatcher,container_memory_rss_mb,484.2
2026-07-23T10:48:00Z,webhook-dispatcher,tcp_new_conns_per_s,385.2
2026-07-23T10:48:00Z,webhook-dispatcher,tls_handshake_p95_ms,475.9
2026-07-23T10:48:00Z,webhook-dispatcher,webhook_dispatch_p95_ms,2516.4
2026-07-23T10:49:00Z,billing-api,webhook_confirmation_p99_ms,2016.3
2026-07-23T10:49:00Z,billing-api,webhook_retry_queue_depth,254.2055
2026-07-23T10:49:00Z,partner-sync-worker,records_processed_per_min,260.9
2026-07-23T10:49:00Z,partner-sync-worker,sync_backlog_depth,21.0
2026-07-23T10:49:00Z,partner-sync-worker,sync_lag_s,6.6319
2026-07-23T10:49:00Z,webhook-dispatcher,container_memory_rss_mb,477.1
2026-07-23T10:49:00Z,webhook-dispatcher,tcp_new_conns_per_s,389.0
2026-07-23T10:49:00Z,webhook-dispatcher,tls_handshake_p95_ms,485.7
2026-07-23T10:49:00Z,webhook-dispatcher,webhook_dispatch_p95_ms,2662.3
2026-07-23T10:50:00Z,billing-api,webhook_confirmation_p99_ms,2298.3
2026-07-23T10:50:00Z,billing-api,webhook_retry_queue_depth,291.0641
2026-07-23T10:50:00Z,partner-sync-worker,records_processed_per_min,246.2
2026-07-23T10:50:00Z,partner-sync-worker,sync_backlog_depth,21.9
2026-07-23T10:50:00Z,partner-sync-worker,sync_lag_s,6.8964
2026-07-23T10:50:00Z,webhook-dispatcher,container_memory_rss_mb,476.0
2026-07-23T10:50:00Z,webhook-dispatcher,tcp_new_conns_per_s,419.2
2026-07-23T10:50:00Z,webhook-dispatcher,tls_handshake_p95_ms,504.6
2026-07-23T10:50:00Z,webhook-dispatcher,webhook_dispatch_p95_ms,2825.3
2026-07-23T10:51:00Z,billing-api,webhook_confirmation_p99_ms,2516.0
2026-07-23T10:51:00Z,billing-api,webhook_retry_queue_depth,311.3649
2026-07-23T10:51:00Z,partner-sync-worker,records_processed_per_min,228.2
2026-07-23T10:51:00Z,partner-sync-worker,sync_backlog_depth,19.2
2026-07-23T10:51:00Z,partner-sync-worker,sync_lag_s,5.5632
2026-07-23T10:51:00Z,webhook-dispatcher,container_memory_rss_mb,485.6
2026-07-23T10:51:00Z,webhook-dispatcher,tcp_new_conns_per_s,422.6
2026-07-23T10:51:00Z,webhook-dispatcher,tls_handshake_p95_ms,586.7
2026-07-23T10:51:00Z,webhook-dispatcher,webhook_dispatch_p95_ms,2955.1
2026-07-23T10:52:00Z,billing-api,webhook_confirmation_p99_ms,2454.3
2026-07-23T10:52:00Z,billing-api,webhook_retry_queue_depth,337.7227
2026-07-23T10:52:00Z,partner-sync-worker,records_processed_per_min,238.2
2026-07-23T10:52:00Z,partner-sync-worker,sync_backlog_depth,18.7
2026-07-23T10:52:00Z,partner-sync-worker,sync_lag_s,6.7025
2026-07-23T10:52:00Z,webhook-dispatcher,container_memory_rss_mb,488.1
2026-07-23T10:52:00Z,webhook-dispatcher,tcp_new_conns_per_s,446.2
2026-07-23T10:52:00Z,webhook-dispatcher,tls_handshake_p95_ms,555.4
2026-07-23T10:52:00Z,webhook-dispatcher,webhook_dispatch_p95_ms,2777.4
2026-07-23T10:53:00Z,billing-api,webhook_confirmation_p99_ms,2576.1
2026-07-23T10:53:00Z,billing-api,webhook_retry_queue_depth,305.1652
2026-07-23T10:53:00Z,partner-sync-worker,records_processed_per_min,224.7
2026-07-23T10:53:00Z,partner-sync-worker,sync_backlog_depth,18.5
2026-07-23T10:53:00Z,partner-sync-worker,sync_lag_s,5.4827
2026-07-23T10:53:00Z,webhook-dispatcher,container_memory_rss_mb,490.6
2026-07-23T10:53:00Z,webhook-dispatcher,tcp_new_conns_per_s,482.0
2026-07-23T10:53:00Z,webhook-dispatcher,tls_handshake_p95_ms,570.7
2026-07-23T10:53:00Z,webhook-dispatcher,webhook_dispatch_p95_ms,3118.9
2026-07-23T10:54:00Z,billing-api,webhook_confirmation_p99_ms,2698.2
2026-07-23T10:54:00Z,billing-api,webhook_retry_queue_depth,341.6313
2026-07-23T10:54:00Z,partner-sync-worker,records_processed_per_min,260.4
2026-07-23T10:54:00Z,partner-sync-worker,sync_backlog_depth,19.9
2026-07-23T10:54:00Z,partner-sync-worker,sync_lag_s,5.759
2026-07-23T10:54:00Z,webhook-dispatcher,container_memory_rss_mb,479.1
2026-07-23T10:54:00Z,webhook-dispatcher,tcp_new_conns_per_s,442.7
2026-07-23T10:54:00Z,webhook-dispatcher,tls_handshake_p95_ms,659.3
2026-07-23T10:54:00Z,webhook-dispatcher,webhook_dispatch_p95_ms,2988.8
2026-07-23T10:55:00Z,billing-api,webhook_confirmation_p99_ms,3064.9
2026-07-23T10:55:00Z,billing-api,webhook_retry_queue_depth,394.2087
2026-07-23T10:55:00Z,partner-sync-worker,records_processed_per_min,244.2
2026-07-23T10:55:00Z,partner-sync-worker,sync_backlog_depth,20.8
2026-07-23T10:55:00Z,partner-sync-worker,sync_lag_s,6.8858
2026-07-23T10:55:00Z,webhook-dispatcher,container_memory_rss_mb,478.3
2026-07-23T10:55:00Z,webhook-dispatcher,tcp_new_conns_per_s,485.0
2026-07-23T10:55:00Z,webhook-dispatcher,tls_handshake_p95_ms,652.7
2026-07-23T10:55:00Z,webhook-dispatcher,webhook_dispatch_p95_ms,3298.3
2026-07-23T10:56:00Z,billing-api,webhook_confirmation_p99_ms,3180.9
2026-07-23T10:56:00Z,billing-api,webhook_retry_queue_depth,418.1185
2026-07-23T10:56:00Z,partner-sync-worker,records_processed_per_min,256.8
2026-07-23T10:56:00Z,partner-sync-worker,sync_backlog_depth,18.9
2026-07-23T10:56:00Z,partner-sync-worker,sync_lag_s,5.5552
2026-07-23T10:56:00Z,webhook-dispatcher,container_memory_rss_mb,492.8
2026-07-23T10:56:00Z,webhook-dispatcher,tcp_new_conns_per_s,508.4
2026-07-23T10:56:00Z,webhook-dispatcher,tls_handshake_p95_ms,627.0
2026-07-23T10:56:00Z,webhook-dispatcher,webhook_dispatch_p95_ms,3601.7
2026-07-23T10:57:00Z,billing-api,webhook_confirmation_p99_ms,3288.0
2026-07-23T10:57:00Z,billing-api,webhook_retry_queue_depth,415.4247
2026-07-23T10:57:00Z,partner-sync-worker,records_processed_per_min,227.2
2026-07-23T10:57:00Z,partner-sync-worker,sync_backlog_depth,21.0
2026-07-23T10:57:00Z,partner-sync-worker,sync_lag_s,5.1628
2026-07-23T10:57:00Z,webhook-dispatcher,container_memory_rss_mb,492.9
2026-07-23T10:57:00Z,webhook-dispatcher,tcp_new_conns_per_s,444.0
2026-07-23T10:57:00Z,webhook-dispatcher,tls_handshake_p95_ms,593.8
2026-07-23T10:57:00Z,webhook-dispatcher,webhook_dispatch_p95_ms,3434.5
2026-07-23T10:58:00Z,billing-api,webhook_confirmation_p99_ms,3218.0
2026-07-23T10:58:00Z,billing-api,webhook_retry_queue_depth,386.9809
2026-07-23T10:58:00Z,partner-sync-worker,records_processed_per_min,257.5
2026-07-23T10:58:00Z,partner-sync-worker,sync_backlog_depth,18.7
2026-07-23T10:58:00Z,partner-sync-worker,sync_lag_s,5.2647
2026-07-23T10:58:00Z,webhook-dispatcher,container_memory_rss_mb,492.7
2026-07-23T10:58:00Z,webhook-dispatcher,tcp_new_conns_per_s,494.1
2026-07-23T10:58:00Z,webhook-dispatcher,tls_handshake_p95_ms,622.9
2026-07-23T10:58:00Z,webhook-dispatcher,webhook_dispatch_p95_ms,3478.7
2026-07-23T10:59:00Z,billing-api,webhook_confirmation_p99_ms,3264.7
2026-07-23T10:59:00Z,billing-api,webhook_retry_queue_depth,408.5629
2026-07-23T10:59:00Z,partner-sync-worker,records_processed_per_min,263.7
2026-07-23T10:59:00Z,partner-sync-worker,sync_backlog_depth,20.8
2026-07-23T10:59:00Z,partner-sync-worker,sync_lag_s,6.2317
2026-07-23T10:59:00Z,webhook-dispatcher,container_memory_rss_mb,493.9
2026-07-23T10:59:00Z,webhook-dispatcher,tcp_new_conns_per_s,497.9
2026-07-23T10:59:00Z,webhook-dispatcher,tls_handshake_p95_ms,635.7
2026-07-23T10:59:00Z,webhook-dispatcher,webhook_dispatch_p95_ms,3620.5
2026-07-23T11:00:00Z,billing-api,webhook_confirmation_p99_ms,3644.1
2026-07-23T11:00:00Z,billing-api,webhook_retry_queue_depth,447.064
2026-07-23T11:00:00Z,partner-sync-worker,records_processed_per_min,234.0
2026-07-23T11:00:00Z,partner-sync-worker,sync_backlog_depth,18.2
2026-07-23T11:00:00Z,partner-sync-worker,sync_lag_s,5.2799
2026-07-23T11:00:00Z,webhook-dispatcher,container_memory_rss_mb,491.2
2026-07-23T11:00:00Z,webhook-dispatcher,tcp_new_conns_per_s,503.6
2026-07-23T11:00:00Z,webhook-dispatcher,tls_handshake_p95_ms,664.0
2026-07-23T11:00:00Z,webhook-dispatcher,webhook_dispatch_p95_ms,3943.5
2026-07-23T11:01:00Z,billing-api,webhook_confirmation_p99_ms,3738.5
2026-07-23T11:01:00Z,billing-api,webhook_retry_queue_depth,479.1614
2026-07-23T11:01:00Z,partner-sync-worker,records_processed_per_min,251.4
2026-07-23T11:01:00Z,partner-sync-worker,sync_backlog_depth,18.1
2026-07-23T11:01:00Z,partner-sync-worker,sync_lag_s,5.5637
2026-07-23T11:01:00Z,webhook-dispatcher,container_memory_rss_mb,466.6
2026-07-23T11:01:00Z,webhook-dispatcher,tcp_new_conns_per_s,505.3
2026-07-23T11:01:00Z,webhook-dispatcher,tls_handshake_p95_ms,683.4
2026-07-23T11:01:00Z,webhook-dispatcher,webhook_dispatch_p95_ms,4023.3
2026-07-23T11:02:00Z,billing-api,webhook_confirmation_p99_ms,3644.8
2026-07-23T11:02:00Z,billing-api,webhook_retry_queue_depth,440.255
2026-07-23T11:02:00Z,partner-sync-worker,records_processed_per_min,242.8
2026-07-23T11:02:00Z,partner-sync-worker,sync_backlog_depth,18.8
2026-07-23T11:02:00Z,partner-sync-worker,sync_lag_s,6.3879
2026-07-23T11:02:00Z,webhook-dispatcher,container_memory_rss_mb,492.7
2026-07-23T11:02:00Z,webhook-dispatcher,tcp_new_conns_per_s,523.9
2026-07-23T11:02:00Z,webhook-dispatcher,tls_handshake_p95_ms,652.9
2026-07-23T11:02:00Z,webhook-dispatcher,webhook_dispatch_p95_ms,3923.8
2026-07-23T11:03:00Z,billing-api,webhook_confirmation_p99_ms,3926.5
2026-07-23T11:03:00Z,billing-api,webhook_retry_queue_depth,461.0232
2026-07-23T11:03:00Z,partner-sync-worker,records_processed_per_min,244.0
2026-07-23T11:03:00Z,partner-sync-worker,sync_backlog_depth,20.0
2026-07-23T11:03:00Z,partner-sync-worker,sync_lag_s,6.6495
2026-07-23T11:03:00Z,webhook-dispatcher,container_memory_rss_mb,491.1
2026-07-23T11:03:00Z,webhook-dispatcher,tcp_new_conns_per_s,481.1
2026-07-23T11:03:00Z,webhook-dispatcher,tls_handshake_p95_ms,670.1
2026-07-23T11:03:00Z,webhook-dispatcher,webhook_dispatch_p95_ms,4272.4
2026-07-23T11:04:00Z,billing-api,webhook_confirmation_p99_ms,3930.8
2026-07-23T11:04:00Z,billing-api,webhook_retry_queue_depth,473.5694
2026-07-23T11:04:00Z,partner-sync-worker,records_processed_per_min,228.0
2026-07-23T11:04:00Z,partner-sync-worker,sync_backlog_depth,17.8
2026-07-23T11:04:00Z,partner-sync-worker,sync_lag_s,5.9058
2026-07-23T11:04:00Z,webhook-dispatcher,container_memory_rss_mb,484.6
2026-07-23T11:04:00Z,webhook-dispatcher,tcp_new_conns_per_s,486.8
2026-07-23T11:04:00Z,webhook-dispatcher,tls_handshake_p95_ms,633.2
2026-07-23T11:04:00Z,webhook-dispatcher,webhook_dispatch_p95_ms,3978.0
2026-07-23T11:05:00Z,billing-api,webhook_confirmation_p99_ms,4159.0
2026-07-23T11:05:00Z,billing-api,webhook_retry_queue_depth,593.9901
2026-07-23T11:05:00Z,partner-sync-worker,records_processed_per_min,256.1
2026-07-23T11:05:00Z,partner-sync-worker,sync_backlog_depth,18.3
2026-07-23T11:05:00Z,partner-sync-worker,sync_lag_s,5.1107
2026-07-23T11:05:00Z,webhook-dispatcher,container_memory_rss_mb,471.5
2026-07-23T11:05:00Z,webhook-dispatcher,tcp_new_conns_per_s,501.1
2026-07-23T11:05:00Z,webhook-dispatcher,tls_handshake_p95_ms,617.0
2026-07-23T11:05:00Z,webhook-dispatcher,webhook_dispatch_p95_ms,4568.2
2026-07-23T11:06:00Z,billing-api,webhook_confirmation_p99_ms,4422.2
2026-07-23T11:06:00Z,billing-api,webhook_retry_queue_depth,534.3014
2026-07-23T11:06:00Z,partner-sync-worker,records_processed_per_min,248.6
2026-07-23T11:06:00Z,partner-sync-worker,sync_backlog_depth,18.2
2026-07-23T11:06:00Z,partner-sync-worker,sync_lag_s,5.2569
2026-07-23T11:06:00Z,webhook-dispatcher,container_memory_rss_mb,476.2
2026-07-23T11:06:00Z,webhook-dispatcher,tcp_new_conns_per_s,502.7
2026-07-23T11:06:00Z,webhook-dispatcher,tls_handshake_p95_ms,649.6
2026-07-23T11:06:00Z,webhook-dispatcher,webhook_dispatch_p95_ms,4200.6
2026-07-23T11:07:00Z,billing-api,webhook_confirmation_p99_ms,4203.6
2026-07-23T11:07:00Z,billing-api,webhook_retry_queue_depth,626.6611
2026-07-23T11:07:00Z,partner-sync-worker,records_processed_per_min,237.4
2026-07-23T11:07:00Z,partner-sync-worker,sync_backlog_depth,21.5
2026-07-23T11:07:00Z,partner-sync-worker,sync_lag_s,5.8045
2026-07-23T11:07:00Z,webhook-dispatcher,container_memory_rss_mb,488.9
2026-07-23T11:07:00Z,webhook-dispatcher,tcp_new_conns_per_s,459.4
2026-07-23T11:07:00Z,webhook-dispatcher,tls_handshake_p95_ms,630.4
2026-07-23T11:07:00Z,webhook-dispatcher,webhook_dispatch_p95_ms,4576.0
2026-07-23T11:08:00Z,billing-api,webhook_confirmation_p99_ms,4819.2
2026-07-23T11:08:00Z,billing-api,webhook_retry_queue_depth,602.3515
2026-07-23T11:08:00Z,partner-sync-worker,records_processed_per_min,222.4
2026-07-23T11:08:00Z,partner-sync-worker,sync_backlog_depth,20.4
2026-07-23T11:08:00Z,partner-sync-worker,sync_lag_s,5.8173
2026-07-23T11:08:00Z,webhook-dispatcher,container_memory_rss_mb,487.1
2026-07-23T11:08:00Z,webhook-dispatcher,tcp_new_conns_per_s,493.8
2026-07-23T11:08:00Z,webhook-dispatcher,tls_handshake_p95_ms,641.0
2026-07-23T11:08:00Z,webhook-dispatcher,webhook_dispatch_p95_ms,4166.9
2026-07-23T11:09:00Z,billing-api,webhook_confirmation_p99_ms,4684.9
2026-07-23T11:09:00Z,billing-api,webhook_retry_queue_depth,626.1909
2026-07-23T11:09:00Z,partner-sync-worker,records_processed_per_min,249.8
2026-07-23T11:09:00Z,partner-sync-worker,sync_backlog_depth,18.7
2026-07-23T11:09:00Z,partner-sync-worker,sync_lag_s,6.7301
2026-07-23T11:09:00Z,webhook-dispatcher,container_memory_rss_mb,476.9
2026-07-23T11:09:00Z,webhook-dispatcher,tcp_new_conns_per_s,519.8
2026-07-23T11:09:00Z,webhook-dispatcher,tls_handshake_p95_ms,636.8
2026-07-23T11:09:00Z,webhook-dispatcher,webhook_dispatch_p95_ms,4190.0
2026-07-23T11:10:00Z,billing-api,webhook_confirmation_p99_ms,4622.6
2026-07-23T11:10:00Z,billing-api,webhook_retry_queue_depth,658.3699
2026-07-23T11:10:00Z,partner-sync-worker,records_processed_per_min,224.0
2026-07-23T11:10:00Z,partner-sync-worker,sync_backlog_depth,19.0
2026-07-23T11:10:00Z,partner-sync-worker,sync_lag_s,5.2669
2026-07-23T11:10:00Z,webhook-dispatcher,container_memory_rss_mb,470.5
2026-07-23T11:10:00Z,webhook-dispatcher,tcp_new_conns_per_s,511.4
2026-07-23T11:10:00Z,webhook-dispatcher,tls_handshake_p95_ms,661.3
2026-07-23T11:10:00Z,webhook-dispatcher,webhook_dispatch_p95_ms,4019.8
2026-07-23T11:11:00Z,billing-api,webhook_confirmation_p99_ms,5023.9
2026-07-23T11:11:00Z,billing-api,webhook_retry_queue_depth,601.3205
2026-07-23T11:11:00Z,partner-sync-worker,records_processed_per_min,263.4
2026-07-23T11:11:00Z,partner-sync-worker,sync_backlog_depth,18.8
2026-07-23T11:11:00Z,partner-sync-worker,sync_lag_s,6.7363
2026-07-23T11:11:00Z,webhook-dispatcher,container_memory_rss_mb,488.6
2026-07-23T11:11:00Z,webhook-dispatcher,tcp_new_conns_per_s,442.7
2026-07-23T11:11:00Z,webhook-dispatcher,tls_handshake_p95_ms,598.9
2026-07-23T11:11:00Z,webhook-dispatcher,webhook_dispatch_p95_ms,4401.1
2026-07-23T11:12:00Z,billing-api,webhook_confirmation_p99_ms,5069.4
2026-07-23T11:12:00Z,billing-api,webhook_retry_queue_depth,725.7425
2026-07-23T11:12:00Z,partner-sync-worker,records_processed_per_min,234.2
2026-07-23T11:12:00Z,partner-sync-worker,sync_backlog_depth,18.1
2026-07-23T11:12:00Z,partner-sync-worker,sync_lag_s,5.9916
2026-07-23T11:12:00Z,webhook-dispatcher,container_memory_rss_mb,481.4
2026-07-23T11:12:00Z,webhook-dispatcher,tcp_new_conns_per_s,527.2
2026-07-23T11:12:00Z,webhook-dispatcher,tls_handshake_p95_ms,674.0
2026-07-23T11:12:00Z,webhook-dispatcher,webhook_dispatch_p95_ms,4232.9
2026-07-23T11:13:00Z,billing-api,webhook_confirmation_p99_ms,5340.8
2026-07-23T11:13:00Z,billing-api,webhook_retry_queue_depth,638.6198
2026-07-23T11:13:00Z,partner-sync-worker,records_processed_per_min,239.0
2026-07-23T11:13:00Z,partner-sync-worker,sync_backlog_depth,20.7
2026-07-23T11:13:00Z,partner-sync-worker,sync_lag_s,5.5489
2026-07-23T11:13:00Z,webhook-dispatcher,container_memory_rss_mb,475.4
2026-07-23T11:13:00Z,webhook-dispatcher,tcp_new_conns_per_s,507.4
2026-07-23T11:13:00Z,webhook-dispatcher,tls_handshake_p95_ms,605.7
2026-07-23T11:13:00Z,webhook-dispatcher,webhook_dispatch_p95_ms,4406.3
2026-07-23T11:14:00Z,billing-api,webhook_confirmation_p99_ms,5582.6
2026-07-23T11:14:00Z,billing-api,webhook_retry_queue_depth,701.8685
2026-07-23T11:14:00Z,partner-sync-worker,records_processed_per_min,247.8
2026-07-23T11:14:00Z,partner-sync-worker,sync_backlog_depth,19.1
2026-07-23T11:14:00Z,partner-sync-worker,sync_lag_s,5.224
2026-07-23T11:14:00Z,webhook-dispatcher,container_memory_rss_mb,483.6
2026-07-23T11:14:00Z,webhook-dispatcher,tcp_new_conns_per_s,492.5
2026-07-23T11:14:00Z,webhook-dispatcher,tls_handshake_p95_ms,621.1
2026-07-23T11:14:00Z,webhook-dispatcher,webhook_dispatch_p95_ms,4415.6
2026-07-23T11:15:00Z,billing-api,webhook_confirmation_p99_ms,5609.7
2026-07-23T11:15:00Z,billing-api,webhook_retry_queue_depth,740.7446
2026-07-23T11:15:00Z,partner-sync-worker,records_processed_per_min,250.1
2026-07-23T11:15:00Z,partner-sync-worker,sync_backlog_depth,22.2
2026-07-23T11:15:00Z,partner-sync-worker,sync_lag_s,6.354
2026-07-23T11:15:00Z,webhook-dispatcher,container_memory_rss_mb,468.7
2026-07-23T11:15:00Z,webhook-dispatcher,tcp_new_conns_per_s,507.9
2026-07-23T11:15:00Z,webhook-dispatcher,tls_handshake_p95_ms,680.1
2026-07-23T11:15:00Z,webhook-dispatcher,webhook_dispatch_p95_ms,4418.1
2026-07-23T11:16:00Z,billing-api,webhook_confirmation_p99_ms,5410.9
2026-07-23T11:16:00Z,billing-api,webhook_retry_queue_depth,753.3676
2026-07-23T11:16:00Z,partner-sync-worker,records_processed_per_min,223.3
2026-07-23T11:16:00Z,partner-sync-worker,sync_backlog_depth,22.1
2026-07-23T11:16:00Z,partner-sync-worker,sync_lag_s,5.6094
2026-07-23T11:16:00Z,webhook-dispatcher,container_memory_rss_mb,493.0
2026-07-23T11:16:00Z,webhook-dispatcher,tcp_new_conns_per_s,449.4
2026-07-23T11:16:00Z,webhook-dispatcher,tls_handshake_p95_ms,682.4
2026-07-23T11:16:00Z,webhook-dispatcher,webhook_dispatch_p95_ms,4207.2
2026-07-23T11:17:00Z,billing-api,webhook_confirmation_p99_ms,5665.7
2026-07-23T11:17:00Z,billing-api,webhook_retry_queue_depth,825.7462
2026-07-23T11:17:00Z,partner-sync-worker,records_processed_per_min,231.5
2026-07-23T11:17:00Z,partner-sync-worker,sync_backlog_depth,20.1
2026-07-23T11:17:00Z,partner-sync-worker,sync_lag_s,5.5357
2026-07-23T11:17:00Z,webhook-dispatcher,container_memory_rss_mb,493.9
2026-07-23T11:17:00Z,webhook-dispatcher,tcp_new_conns_per_s,515.3
2026-07-23T11:17:00Z,webhook-dispatcher,tls_handshake_p95_ms,669.7
2026-07-23T11:17:00Z,webhook-dispatcher,webhook_dispatch_p95_ms,4575.7
2026-07-23T11:18:00Z,billing-api,webhook_confirmation_p99_ms,5749.5
2026-07-23T11:18:00Z,billing-api,webhook_retry_queue_depth,744.3975
2026-07-23T11:18:00Z,partner-sync-worker,records_processed_per_min,240.9
2026-07-23T11:18:00Z,partner-sync-worker,sync_backlog_depth,21.2
2026-07-23T11:18:00Z,partner-sync-worker,sync_lag_s,6.1917
2026-07-23T11:18:00Z,webhook-dispatcher,container_memory_rss_mb,493.7
2026-07-23T11:18:00Z,webhook-dispatcher,tcp_new_conns_per_s,466.9
2026-07-23T11:18:00Z,webhook-dispatcher,tls_handshake_p95_ms,611.8
2026-07-23T11:18:00Z,webhook-dispatcher,webhook_dispatch_p95_ms,4012.8
2026-07-23T11:19:00Z,billing-api,webhook_confirmation_p99_ms,5984.0
2026-07-23T11:19:00Z,billing-api,webhook_retry_queue_depth,852.7631
2026-07-23T11:19:00Z,partner-sync-worker,records_processed_per_min,223.7
2026-07-23T11:19:00Z,partner-sync-worker,sync_backlog_depth,18.5
2026-07-23T11:19:00Z,partner-sync-worker,sync_lag_s,5.4303
2026-07-23T11:19:00Z,webhook-dispatcher,container_memory_rss_mb,474.9
2026-07-23T11:19:00Z,webhook-dispatcher,tcp_new_conns_per_s,524.8
2026-07-23T11:19:00Z,webhook-dispatcher,tls_handshake_p95_ms,684.1
2026-07-23T11:19:00Z,webhook-dispatcher,webhook_dispatch_p95_ms,4315.5
2026-07-23T11:20:00Z,billing-api,webhook_confirmation_p99_ms,5877.3
2026-07-23T11:20:00Z,billing-api,webhook_retry_queue_depth,783.4858
2026-07-23T11:20:00Z,partner-sync-worker,records_processed_per_min,249.3
2026-07-23T11:20:00Z,partner-sync-worker,sync_backlog_depth,20.3
2026-07-23T11:20:00Z,partner-sync-worker,sync_lag_s,6.2675
2026-07-23T11:20:00Z,webhook-dispatcher,container_memory_rss_mb,480.2
2026-07-23T11:20:00Z,webhook-dispatcher,tcp_new_conns_per_s,526.0
2026-07-23T11:20:00Z,webhook-dispatcher,tls_handshake_p95_ms,658.9
2026-07-23T11:20:00Z,webhook-dispatcher,webhook_dispatch_p95_ms,4271.0
2026-07-23T11:21:00Z,billing-api,webhook_confirmation_p99_ms,6363.3
2026-07-23T11:21:00Z,billing-api,webhook_retry_queue_depth,799.4751
2026-07-23T11:21:00Z,partner-sync-worker,records_processed_per_min,236.7
2026-07-23T11:21:00Z,partner-sync-worker,sync_backlog_depth,20.3
2026-07-23T11:21:00Z,partner-sync-worker,sync_lag_s,6.4788
2026-07-23T11:21:00Z,webhook-dispatcher,container_memory_rss_mb,470.5
2026-07-23T11:21:00Z,webhook-dispatcher,tcp_new_conns_per_s,462.7
2026-07-23T11:21:00Z,webhook-dispatcher,tls_handshake_p95_ms,676.7
2026-07-23T11:21:00Z,webhook-dispatcher,webhook_dispatch_p95_ms,4419.5
2026-07-23T11:22:00Z,billing-api,webhook_confirmation_p99_ms,6212.1
2026-07-23T11:22:00Z,billing-api,webhook_retry_queue_depth,811.7333
2026-07-23T11:22:00Z,partner-sync-worker,records_processed_per_min,263.4
2026-07-23T11:22:00Z,partner-sync-worker,sync_backlog_depth,21.5
2026-07-23T11:22:00Z,partner-sync-worker,sync_lag_s,6.4213
2026-07-23T11:22:00Z,webhook-dispatcher,container_memory_rss_mb,489.5
2026-07-23T11:22:00Z,webhook-dispatcher,tcp_new_conns_per_s,478.9
2026-07-23T11:22:00Z,webhook-dispatcher,tls_handshake_p95_ms,661.5
2026-07-23T11:22:00Z,webhook-dispatcher,webhook_dispatch_p95_ms,4100.0
2026-07-23T11:23:00Z,billing-api,webhook_confirmation_p99_ms,6465.4
2026-07-23T11:23:00Z,billing-api,webhook_retry_queue_depth,943.5931
2026-07-23T11:23:00Z,partner-sync-worker,records_processed_per_min,248.9
2026-07-23T11:23:00Z,partner-sync-worker,sync_backlog_depth,17.9
2026-07-23T11:23:00Z,partner-sync-worker,sync_lag_s,5.626
2026-07-23T11:23:00Z,webhook-dispatcher,container_memory_rss_mb,474.5
2026-07-23T11:23:00Z,webhook-dispatcher,tcp_new_conns_per_s,455.4
2026-07-23T11:23:00Z,webhook-dispatcher,tls_handshake_p95_ms,668.3
2026-07-23T11:23:00Z,webhook-dispatcher,webhook_dispatch_p95_ms,4445.5
2026-07-23T11:24:00Z,billing-api,webhook_confirmation_p99_ms,6693.9
2026-07-23T11:24:00Z,billing-api,webhook_retry_queue_depth,931.2703
2026-07-23T11:24:00Z,partner-sync-worker,records_processed_per_min,243.3
2026-07-23T11:24:00Z,partner-sync-worker,sync_backlog_depth,21.0
2026-07-23T11:24:00Z,partner-sync-worker,sync_lag_s,5.7564
2026-07-23T11:24:00Z,webhook-dispatcher,container_memory_rss_mb,475.3
2026-07-23T11:24:00Z,webhook-dispatcher,tcp_new_conns_per_s,523.0
2026-07-23T11:24:00Z,webhook-dispatcher,tls_handshake_p95_ms,662.0
2026-07-23T11:24:00Z,webhook-dispatcher,webhook_dispatch_p95_ms,4371.2
2026-07-23T11:25:00Z,billing-api,webhook_confirmation_p99_ms,7071.8
2026-07-23T11:25:00Z,billing-api,webhook_retry_queue_depth,976.898
2026-07-23T11:25:00Z,partner-sync-worker,records_processed_per_min,232.0
2026-07-23T11:25:00Z,partner-sync-worker,sync_backlog_depth,20.6
2026-07-23T11:25:00Z,partner-sync-worker,sync_lag_s,6.3066
2026-07-23T11:25:00Z,webhook-dispatcher,container_memory_rss_mb,481.5
2026-07-23T11:25:00Z,webhook-dispatcher,tcp_new_conns_per_s,485.3
2026-07-23T11:25:00Z,webhook-dispatcher,tls_handshake_p95_ms,682.6
2026-07-23T11:25:00Z,webhook-dispatcher,webhook_dispatch_p95_ms,4169.9
2026-07-23T11:26:00Z,billing-api,webhook_confirmation_p99_ms,7129.5
2026-07-23T11:26:00Z,billing-api,webhook_retry_queue_depth,946.7799
2026-07-23T11:26:00Z,partner-sync-worker,records_processed_per_min,227.5
2026-07-23T11:26:00Z,partner-sync-worker,sync_backlog_depth,20.0
2026-07-23T11:26:00Z,partner-sync-worker,sync_lag_s,6.7559
2026-07-23T11:26:00Z,webhook-dispatcher,container_memory_rss_mb,493.9
2026-07-23T11:26:00Z,webhook-dispatcher,tcp_new_conns_per_s,464.8
2026-07-23T11:26:00Z,webhook-dispatcher,tls_handshake_p95_ms,668.7
2026-07-23T11:26:00Z,webhook-dispatcher,webhook_dispatch_p95_ms,4293.8
2026-07-23T11:27:00Z,billing-api,webhook_confirmation_p99_ms,6634.0
2026-07-23T11:27:00Z,billing-api,webhook_retry_queue_depth,969.53
2026-07-23T11:27:00Z,partner-sync-worker,records_processed_per_min,220.5
2026-07-23T11:27:00Z,partner-sync-worker,sync_backlog_depth,20.5
2026-07-23T11:27:00Z,partner-sync-worker,sync_lag_s,5.5687
2026-07-23T11:27:00Z,webhook-dispatcher,container_memory_rss_mb,474.3
2026-07-23T11:27:00Z,webhook-dispatcher,tcp_new_conns_per_s,440.7
2026-07-23T11:27:00Z,webhook-dispatcher,tls_handshake_p95_ms,609.9
2026-07-23T11:27:00Z,webhook-dispatcher,webhook_dispatch_p95_ms,4521.5
2026-07-23T11:28:00Z,billing-api,webhook_confirmation_p99_ms,6940.5
2026-07-23T11:28:00Z,billing-api,webhook_retry_queue_depth,811.4089
2026-07-23T11:28:00Z,partner-sync-worker,records_processed_per_min,239.4
2026-07-23T11:28:00Z,partner-sync-worker,sync_backlog_depth,21.8
2026-07-23T11:28:00Z,partner-sync-worker,sync_lag_s,5.9153
2026-07-23T11:28:00Z,webhook-dispatcher,container_memory_rss_mb,472.6
2026-07-23T11:28:00Z,webhook-dispatcher,tcp_new_conns_per_s,513.5
2026-07-23T11:28:00Z,webhook-dispatcher,tls_handshake_p95_ms,616.4
2026-07-23T11:28:00Z,webhook-dispatcher,webhook_dispatch_p95_ms,4306.2
2026-07-23T11:29:00Z,billing-api,webhook_confirmation_p99_ms,6791.9
2026-07-23T11:29:00Z,billing-api,webhook_retry_queue_depth,902.9754
2026-07-23T11:29:00Z,partner-sync-worker,records_processed_per_min,235.0
2026-07-23T11:29:00Z,partner-sync-worker,sync_backlog_depth,18.9
2026-07-23T11:29:00Z,partner-sync-worker,sync_lag_s,5.5373
2026-07-23T11:29:00Z,webhook-dispatcher,container_memory_rss_mb,480.6
2026-07-23T11:29:00Z,webhook-dispatcher,tcp_new_conns_per_s,477.6
2026-07-23T11:29:00Z,webhook-dispatcher,tls_handshake_p95_ms,596.6
2026-07-23T11:29:00Z,webhook-dispatcher,webhook_dispatch_p95_ms,4533.0
2026-07-23T11:30:00Z,billing-api,webhook_confirmation_p99_ms,6840.3
2026-07-23T11:30:00Z,billing-api,webhook_retry_queue_depth,843.9493
2026-07-23T11:30:00Z,partner-sync-worker,records_processed_per_min,223.3
2026-07-23T11:30:00Z,partner-sync-worker,sync_backlog_depth,17.7
2026-07-23T11:30:00Z,partner-sync-worker,sync_lag_s,5.191
2026-07-23T11:30:00Z,webhook-dispatcher,container_memory_rss_mb,467.5
2026-07-23T11:30:00Z,webhook-dispatcher,tcp_new_conns_per_s,510.2
2026-07-23T11:30:00Z,webhook-dispatcher,tls_handshake_p95_ms,639.3
2026-07-23T11:30:00Z,webhook-dispatcher,webhook_dispatch_p95_ms,4147.0
2026-07-23T11:31:00Z,billing-api,webhook_confirmation_p99_ms,6997.3
2026-07-23T11:31:00Z,billing-api,webhook_retry_queue_depth,950.6002
2026-07-23T11:31:00Z,partner-sync-worker,records_processed_per_min,250.7
2026-07-23T11:31:00Z,partner-sync-worker,sync_backlog_depth,20.1
2026-07-23T11:31:00Z,partner-sync-worker,sync_lag_s,6.7262
2026-07-23T11:31:00Z,webhook-dispatcher,container_memory_rss_mb,483.0
2026-07-23T11:31:00Z,webhook-dispatcher,tcp_new_conns_per_s,474.5
2026-07-23T11:31:00Z,webhook-dispatcher,tls_handshake_p95_ms,676.8
2026-07-23T11:31:00Z,webhook-dispatcher,webhook_dispatch_p95_ms,4443.4
2026-07-23T11:32:00Z,billing-api,webhook_confirmation_p99_ms,6538.3
2026-07-23T11:32:00Z,billing-api,webhook_retry_queue_depth,864.4531
2026-07-23T11:32:00Z,partner-sync-worker,records_processed_per_min,222.0
2026-07-23T11:32:00Z,partner-sync-worker,sync_backlog_depth,18.7
2026-07-23T11:32:00Z,partner-sync-worker,sync_lag_s,5.2646
2026-07-23T11:32:00Z,webhook-dispatcher,container_memory_rss_mb,477.3
2026-07-23T11:32:00Z,webhook-dispatcher,tcp_new_conns_per_s,455.9
2026-07-23T11:32:00Z,webhook-dispatcher,tls_handshake_p95_ms,590.4
2026-07-23T11:32:00Z,webhook-dispatcher,webhook_dispatch_p95_ms,4026.7
2026-07-23T11:33:00Z,billing-api,webhook_confirmation_p99_ms,6710.5
2026-07-23T11:33:00Z,billing-api,webhook_retry_queue_depth,978.7827
2026-07-23T11:33:00Z,partner-sync-worker,records_processed_per_min,241.1
2026-07-23T11:33:00Z,partner-sync-worker,sync_backlog_depth,17.9
2026-07-23T11:33:00Z,partner-sync-worker,sync_lag_s,5.4793
2026-07-23T11:33:00Z,webhook-dispatcher,container_memory_rss_mb,476.2
2026-07-23T11:33:00Z,webhook-dispatcher,tcp_new_conns_per_s,456.6
2026-07-23T11:33:00Z,webhook-dispatcher,tls_handshake_p95_ms,655.4
2026-07-23T11:33:00Z,webhook-dispatcher,webhook_dispatch_p95_ms,4190.0
2026-07-23T11:34:00Z,billing-api,webhook_confirmation_p99_ms,7125.1
2026-07-23T11:34:00Z,billing-api,webhook_retry_queue_depth,982.0689
2026-07-23T11:34:00Z,partner-sync-worker,records_processed_per_min,256.4
2026-07-23T11:34:00Z,partner-sync-worker,sync_backlog_depth,20.8
2026-07-23T11:34:00Z,partner-sync-worker,sync_lag_s,6.4903
2026-07-23T11:34:00Z,webhook-dispatcher,container_memory_rss_mb,490.9
2026-07-23T11:34:00Z,webhook-dispatcher,tcp_new_conns_per_s,518.9
2026-07-23T11:34:00Z,webhook-dispatcher,tls_handshake_p95_ms,613.0
2026-07-23T11:34:00Z,webhook-dispatcher,webhook_dispatch_p95_ms,4339.3
2026-07-23T11:35:00Z,billing-api,webhook_confirmation_p99_ms,6719.7
2026-07-23T11:35:00Z,billing-api,webhook_retry_queue_depth,868.7908
2026-07-23T11:35:00Z,partner-sync-worker,records_processed_per_min,240.1
2026-07-23T11:35:00Z,partner-sync-worker,sync_backlog_depth,19.4
2026-07-23T11:35:00Z,partner-sync-worker,sync_lag_s,6.0469
2026-07-23T11:35:00Z,webhook-dispatcher,container_memory_rss_mb,486.6
2026-07-23T11:35:00Z,webhook-dispatcher,tcp_new_conns_per_s,477.3
2026-07-23T11:35:00Z,webhook-dispatcher,tls_handshake_p95_ms,612.2
2026-07-23T11:35:00Z,webhook-dispatcher,webhook_dispatch_p95_ms,4063.1
2026-07-23T11:36:00Z,billing-api,webhook_confirmation_p99_ms,7192.9
2026-07-23T11:36:00Z,billing-api,webhook_retry_queue_depth,837.027
2026-07-23T11:36:00Z,partner-sync-worker,records_processed_per_min,262.9
2026-07-23T11:36:00Z,partner-sync-worker,sync_backlog_depth,19.4
2026-07-23T11:36:00Z,partner-sync-worker,sync_lag_s,5.5227
2026-07-23T11:36:00Z,webhook-dispatcher,container_memory_rss_mb,490.2
2026-07-23T11:36:00Z,webhook-dispatcher,tcp_new_conns_per_s,434.7
2026-07-23T11:36:00Z,webhook-dispatcher,tls_handshake_p95_ms,690.3
2026-07-23T11:36:00Z,webhook-dispatcher,webhook_dispatch_p95_ms,4586.7
2026-07-23T11:37:00Z,billing-api,webhook_confirmation_p99_ms,7081.6
2026-07-23T11:37:00Z,billing-api,webhook_retry_queue_depth,985.5837
2026-07-23T11:37:00Z,partner-sync-worker,records_processed_per_min,224.4
2026-07-23T11:37:00Z,partner-sync-worker,sync_backlog_depth,18.6
2026-07-23T11:37:00Z,partner-sync-worker,sync_lag_s,5.7818
2026-07-23T11:37:00Z,webhook-dispatcher,container_memory_rss_mb,481.3
2026-07-23T11:37:00Z,webhook-dispatcher,tcp_new_conns_per_s,441.8
2026-07-23T11:37:00Z,webhook-dispatcher,tls_handshake_p95_ms,592.6
2026-07-23T11:37:00Z,webhook-dispatcher,webhook_dispatch_p95_ms,4073.3
2026-07-23T11:38:00Z,billing-api,webhook_confirmation_p99_ms,6452.0
2026-07-23T11:38:00Z,billing-api,webhook_retry_queue_depth,825.178
2026-07-23T11:38:00Z,partner-sync-worker,records_processed_per_min,243.3
2026-07-23T11:38:00Z,partner-sync-worker,sync_backlog_depth,19.0
2026-07-23T11:38:00Z,partner-sync-worker,sync_lag_s,5.2253
2026-07-23T11:38:00Z,webhook-dispatcher,container_memory_rss_mb,493.4
2026-07-23T11:38:00Z,webhook-dispatcher,tcp_new_conns_per_s,503.8
2026-07-23T11:38:00Z,webhook-dispatcher,tls_handshake_p95_ms,677.3
2026-07-23T11:38:00Z,webhook-dispatcher,webhook_dispatch_p95_ms,4381.7
2026-07-23T11:39:00Z,billing-api,webhook_confirmation_p99_ms,6921.8
2026-07-23T11:39:00Z,billing-api,webhook_retry_queue_depth,939.718
2026-07-23T11:39:00Z,partner-sync-worker,records_processed_per_min,233.5
2026-07-23T11:39:00Z,partner-sync-worker,sync_backlog_depth,20.7
2026-07-23T11:39:00Z,partner-sync-worker,sync_lag_s,5.6741
2026-07-23T11:39:00Z,webhook-dispatcher,container_memory_rss_mb,480.7
2026-07-23T11:39:00Z,webhook-dispatcher,tcp_new_conns_per_s,486.2
2026-07-23T11:39:00Z,webhook-dispatcher,tls_handshake_p95_ms,675.5
2026-07-23T11:39:00Z,webhook-dispatcher,webhook_dispatch_p95_ms,4088.4
2026-07-23T11:40:00Z,billing-api,webhook_confirmation_p99_ms,7107.6
2026-07-23T11:40:00Z,billing-api,webhook_retry_queue_depth,866.9351
2026-07-23T11:40:00Z,partner-sync-worker,records_processed_per_min,220.4
2026-07-23T11:40:00Z,partner-sync-worker,sync_backlog_depth,19.6
2026-07-23T11:40:00Z,partner-sync-worker,sync_lag_s,6.689
2026-07-23T11:40:00Z,webhook-dispatcher,container_memory_rss_mb,487.8
2026-07-23T11:40:00Z,webhook-dispatcher,tcp_new_conns_per_s,463.0
2026-07-23T11:40:00Z,webhook-dispatcher,tls_handshake_p95_ms,663.9
2026-07-23T11:40:00Z,webhook-dispatcher,webhook_dispatch_p95_ms,4313.7
2026-07-23T11:41:00Z,billing-api,webhook_confirmation_p99_ms,6978.7
2026-07-23T11:41:00Z,billing-api,webhook_retry_queue_depth,845.2731
2026-07-23T11:41:00Z,partner-sync-worker,records_processed_per_min,242.4
2026-07-23T11:41:00Z,partner-sync-worker,sync_backlog_depth,21.0
2026-07-23T11:41:00Z,partner-sync-worker,sync_lag_s,5.5566
2026-07-23T11:41:00Z,webhook-dispatcher,container_memory_rss_mb,479.7
2026-07-23T11:41:00Z,webhook-dispatcher,tcp_new_conns_per_s,465.3
2026-07-23T11:41:00Z,webhook-dispatcher,tls_handshake_p95_ms,620.6
2026-07-23T11:41:00Z,webhook-dispatcher,webhook_dispatch_p95_ms,4027.1
2026-07-23T11:42:00Z,billing-api,webhook_confirmation_p99_ms,6784.5
2026-07-23T11:42:00Z,billing-api,webhook_retry_queue_depth,946.2226
2026-07-23T11:42:00Z,partner-sync-worker,records_processed_per_min,233.2
2026-07-23T11:42:00Z,partner-sync-worker,sync_backlog_depth,20.7
2026-07-23T11:42:00Z,partner-sync-worker,sync_lag_s,5.2934
2026-07-23T11:42:00Z,webhook-dispatcher,container_memory_rss_mb,469.3
2026-07-23T11:42:00Z,webhook-dispatcher,tcp_new_conns_per_s,451.1
2026-07-23T11:42:00Z,webhook-dispatcher,tls_handshake_p95_ms,589.1
2026-07-23T11:42:00Z,webhook-dispatcher,webhook_dispatch_p95_ms,4436.6
2026-07-23T11:43:00Z,billing-api,webhook_confirmation_p99_ms,6682.8
2026-07-23T11:43:00Z,billing-api,webhook_retry_queue_depth,989.9811
2026-07-23T11:43:00Z,partner-sync-worker,records_processed_per_min,259.5
2026-07-23T11:43:00Z,partner-sync-worker,sync_backlog_depth,20.9
2026-07-23T11:43:00Z,partner-sync-worker,sync_lag_s,6.7356
2026-07-23T11:43:00Z,webhook-dispatcher,container_memory_rss_mb,480.2
2026-07-23T11:43:00Z,webhook-dispatcher,tcp_new_conns_per_s,471.9
2026-07-23T11:43:00Z,webhook-dispatcher,tls_handshake_p95_ms,660.0
2026-07-23T11:43:00Z,webhook-dispatcher,webhook_dispatch_p95_ms,4404.9
2026-07-23T11:44:00Z,billing-api,webhook_confirmation_p99_ms,6842.0
2026-07-23T11:44:00Z,billing-api,webhook_retry_queue_depth,944.8977
2026-07-23T11:44:00Z,partner-sync-worker,records_processed_per_min,261.7
2026-07-23T11:44:00Z,partner-sync-worker,sync_backlog_depth,19.8
2026-07-23T11:44:00Z,partner-sync-worker,sync_lag_s,5.1741
2026-07-23T11:44:00Z,webhook-dispatcher,container_memory_rss_mb,480.8
2026-07-23T11:44:00Z,webhook-dispatcher,tcp_new_conns_per_s,474.4
2026-07-23T11:44:00Z,webhook-dispatcher,tls_handshake_p95_ms,682.5
2026-07-23T11:44:00Z,webhook-dispatcher,webhook_dispatch_p95_ms,4158.4
2026-07-23T11:45:00Z,billing-api,webhook_confirmation_p99_ms,6702.4
2026-07-23T11:45:00Z,billing-api,webhook_retry_queue_depth,842.3295
2026-07-23T11:45:00Z,partner-sync-worker,records_processed_per_min,218.7
2026-07-23T11:45:00Z,partner-sync-worker,sync_backlog_depth,20.0
2026-07-23T11:45:00Z,partner-sync-worker,sync_lag_s,6.5089
2026-07-23T11:45:00Z,webhook-dispatcher,container_memory_rss_mb,473.0
2026-07-23T11:45:00Z,webhook-dispatcher,tcp_new_conns_per_s,471.2
2026-07-23T11:45:00Z,webhook-dispatcher,tls_handshake_p95_ms,623.4
2026-07-23T11:45:00Z,webhook-dispatcher,webhook_dispatch_p95_ms,4045.8
2026-07-23T11:46:00Z,billing-api,webhook_confirmation_p99_ms,7013.7
2026-07-23T11:46:00Z,billing-api,webhook_retry_queue_depth,965.337
2026-07-23T11:46:00Z,partner-sync-worker,records_processed_per_min,246.5
2026-07-23T11:46:00Z,partner-sync-worker,sync_backlog_depth,18.4
2026-07-23T11:46:00Z,partner-sync-worker,sync_lag_s,5.9171
2026-07-23T11:46:00Z,webhook-dispatcher,container_memory_rss_mb,488.9
2026-07-23T11:46:00Z,webhook-dispatcher,tcp_new_conns_per_s,454.0
2026-07-23T11:46:00Z,webhook-dispatcher,tls_handshake_p95_ms,634.2
2026-07-23T11:46:00Z,webhook-dispatcher,webhook_dispatch_p95_ms,4271.6
2026-07-23T11:47:00Z,billing-api,webhook_confirmation_p99_ms,6743.8
2026-07-23T11:47:00Z,billing-api,webhook_retry_queue_depth,834.0082
2026-07-23T11:47:00Z,partner-sync-worker,records_processed_per_min,231.2
2026-07-23T11:47:00Z,partner-sync-worker,sync_backlog_depth,18.5
2026-07-23T11:47:00Z,partner-sync-worker,sync_lag_s,6.1235
2026-07-23T11:47:00Z,webhook-dispatcher,container_memory_rss_mb,492.3
2026-07-23T11:47:00Z,webhook-dispatcher,tcp_new_conns_per_s,471.7
2026-07-23T11:47:00Z,webhook-dispatcher,tls_handshake_p95_ms,625.4
2026-07-23T11:47:00Z,webhook-dispatcher,webhook_dispatch_p95_ms,4420.0
2026-07-23T11:48:00Z,billing-api,webhook_confirmation_p99_ms,7170.8
2026-07-23T11:48:00Z,billing-api,webhook_retry_queue_depth,933.0969
2026-07-23T11:48:00Z,partner-sync-worker,records_processed_per_min,254.8
2026-07-23T11:48:00Z,partner-sync-worker,sync_backlog_depth,21.0
2026-07-23T11:48:00Z,partner-sync-worker,sync_lag_s,6.7344
2026-07-23T11:48:00Z,webhook-dispatcher,container_memory_rss_mb,493.5
2026-07-23T11:48:00Z,webhook-dispatcher,tcp_new_conns_per_s,461.6
2026-07-23T11:48:00Z,webhook-dispatcher,tls_handshake_p95_ms,636.1
2026-07-23T11:48:00Z,webhook-dispatcher,webhook_dispatch_p95_ms,4032.9
2026-07-23T11:49:00Z,billing-api,webhook_confirmation_p99_ms,6933.1
2026-07-23T11:49:00Z,billing-api,webhook_retry_queue_depth,955.4405
2026-07-23T11:49:00Z,partner-sync-worker,records_processed_per_min,237.3
2026-07-23T11:49:00Z,partner-sync-worker,sync_backlog_depth,18.9
2026-07-23T11:49:00Z,partner-sync-worker,sync_lag_s,5.3294
2026-07-23T11:49:00Z,webhook-dispatcher,container_memory_rss_mb,492.7
2026-07-23T11:49:00Z,webhook-dispatcher,tcp_new_conns_per_s,488.6
2026-07-23T11:49:00Z,webhook-dispatcher,tls_handshake_p95_ms,689.8
2026-07-23T11:49:00Z,webhook-dispatcher,webhook_dispatch_p95_ms,4539.3
2026-07-23T11:50:00Z,billing-api,webhook_confirmation_p99_ms,7077.4
2026-07-23T11:50:00Z,billing-api,webhook_retry_queue_depth,864.9998
2026-07-23T11:50:00Z,partner-sync-worker,records_processed_per_min,228.5
2026-07-23T11:50:00Z,partner-sync-worker,sync_backlog_depth,17.9
2026-07-23T11:50:00Z,partner-sync-worker,sync_lag_s,6.3294
2026-07-23T11:50:00Z,webhook-dispatcher,container_memory_rss_mb,475.3
2026-07-23T11:50:00Z,webhook-dispatcher,tcp_new_conns_per_s,500.7
2026-07-23T11:50:00Z,webhook-dispatcher,tls_handshake_p95_ms,606.9
2026-07-23T11:50:00Z,webhook-dispatcher,webhook_dispatch_p95_ms,4589.5
2026-07-23T11:51:00Z,billing-api,webhook_confirmation_p99_ms,6602.1
2026-07-23T11:51:00Z,billing-api,webhook_retry_queue_depth,837.0196
2026-07-23T11:51:00Z,partner-sync-worker,records_processed_per_min,247.1
2026-07-23T11:51:00Z,partner-sync-worker,sync_backlog_depth,21.9
2026-07-23T11:51:00Z,partner-sync-worker,sync_lag_s,5.1031
2026-07-23T11:51:00Z,webhook-dispatcher,container_memory_rss_mb,477.4
2026-07-23T11:51:00Z,webhook-dispatcher,tcp_new_conns_per_s,485.9
2026-07-23T11:51:00Z,webhook-dispatcher,tls_handshake_p95_ms,689.6
2026-07-23T11:51:00Z,webhook-dispatcher,webhook_dispatch_p95_ms,4299.5
2026-07-23T11:52:00Z,billing-api,webhook_confirmation_p99_ms,6429.2
2026-07-23T11:52:00Z,billing-api,webhook_retry_queue_depth,952.3174
2026-07-23T11:52:00Z,partner-sync-worker,records_processed_per_min,253.4
2026-07-23T11:52:00Z,partner-sync-worker,sync_backlog_depth,17.9
2026-07-23T11:52:00Z,partner-sync-worker,sync_lag_s,5.299
2026-07-23T11:52:00Z,webhook-dispatcher,container_memory_rss_mb,483.0
2026-07-23T11:52:00Z,webhook-dispatcher,tcp_new_conns_per_s,435.3
2026-07-23T11:52:00Z,webhook-dispatcher,tls_handshake_p95_ms,612.1
2026-07-23T11:52:00Z,webhook-dispatcher,webhook_dispatch_p95_ms,4280.4
2026-07-23T11:53:00Z,billing-api,webhook_confirmation_p99_ms,6909.9
2026-07-23T11:53:00Z,billing-api,webhook_retry_queue_depth,868.9684
2026-07-23T11:53:00Z,partner-sync-worker,records_processed_per_min,253.9
2026-07-23T11:53:00Z,partner-sync-worker,sync_backlog_depth,18.3
2026-07-23T11:53:00Z,partner-sync-worker,sync_lag_s,5.8916
2026-07-23T11:53:00Z,webhook-dispatcher,container_memory_rss_mb,478.2
2026-07-23T11:53:00Z,webhook-dispatcher,tcp_new_conns_per_s,522.5
2026-07-23T11:53:00Z,webhook-dispatcher,tls_handshake_p95_ms,632.8
2026-07-23T11:53:00Z,webhook-dispatcher,webhook_dispatch_p95_ms,4544.3
2026-07-23T11:54:00Z,billing-api,webhook_confirmation_p99_ms,6521.2
2026-07-23T11:54:00Z,billing-api,webhook_retry_queue_depth,837.8483
2026-07-23T11:54:00Z,partner-sync-worker,records_processed_per_min,224.3
2026-07-23T11:54:00Z,partner-sync-worker,sync_backlog_depth,19.7
2026-07-23T11:54:00Z,partner-sync-worker,sync_lag_s,5.833
2026-07-23T11:54:00Z,webhook-dispatcher,container_memory_rss_mb,468.0
2026-07-23T11:54:00Z,webhook-dispatcher,tcp_new_conns_per_s,433.4
2026-07-23T11:54:00Z,webhook-dispatcher,tls_handshake_p95_ms,649.8
2026-07-23T11:54:00Z,webhook-dispatcher,webhook_dispatch_p95_ms,4082.1
2026-07-23T11:55:00Z,billing-api,webhook_confirmation_p99_ms,6562.3
2026-07-23T11:55:00Z,billing-api,webhook_retry_queue_depth,843.5431
2026-07-23T11:55:00Z,partner-sync-worker,records_processed_per_min,230.7
2026-07-23T11:55:00Z,partner-sync-worker,sync_backlog_depth,20.1
2026-07-23T11:55:00Z,partner-sync-worker,sync_lag_s,6.6743
2026-07-23T11:55:00Z,webhook-dispatcher,container_memory_rss_mb,483.5
2026-07-23T11:55:00Z,webhook-dispatcher,tcp_new_conns_per_s,464.2
2026-07-23T11:55:00Z,webhook-dispatcher,tls_handshake_p95_ms,645.5
2026-07-23T11:55:00Z,webhook-dispatcher,webhook_dispatch_p95_ms,4041.9
2026-07-23T11:56:00Z,billing-api,webhook_confirmation_p99_ms,6685.9
2026-07-23T11:56:00Z,billing-api,webhook_retry_queue_depth,962.7037
2026-07-23T11:56:00Z,partner-sync-worker,records_processed_per_min,257.4
2026-07-23T11:56:00Z,partner-sync-worker,sync_backlog_depth,17.9
2026-07-23T11:56:00Z,partner-sync-worker,sync_lag_s,5.8329
2026-07-23T11:56:00Z,webhook-dispatcher,container_memory_rss_mb,470.9
2026-07-23T11:56:00Z,webhook-dispatcher,tcp_new_conns_per_s,478.7
2026-07-23T11:56:00Z,webhook-dispatcher,tls_handshake_p95_ms,641.4
2026-07-23T11:56:00Z,webhook-dispatcher,webhook_dispatch_p95_ms,4462.8
2026-07-23T11:57:00Z,billing-api,webhook_confirmation_p99_ms,6943.3
2026-07-23T11:57:00Z,billing-api,webhook_retry_queue_depth,864.254
2026-07-23T11:57:00Z,partner-sync-worker,records_processed_per_min,224.6
2026-07-23T11:57:00Z,partner-sync-worker,sync_backlog_depth,21.4
2026-07-23T11:57:00Z,partner-sync-worker,sync_lag_s,6.1832
2026-07-23T11:57:00Z,webhook-dispatcher,container_memory_rss_mb,494.2
2026-07-23T11:57:00Z,webhook-dispatcher,tcp_new_conns_per_s,518.7
2026-07-23T11:57:00Z,webhook-dispatcher,tls_handshake_p95_ms,592.9
2026-07-23T11:57:00Z,webhook-dispatcher,webhook_dispatch_p95_ms,4238.0
2026-07-23T11:58:00Z,billing-api,webhook_confirmation_p99_ms,6427.6
2026-07-23T11:58:00Z,billing-api,webhook_retry_queue_depth,926.2062
2026-07-23T11:58:00Z,partner-sync-worker,records_processed_per_min,241.9
2026-07-23T11:58:00Z,partner-sync-worker,sync_backlog_depth,21.6
2026-07-23T11:58:00Z,partner-sync-worker,sync_lag_s,6.6927
2026-07-23T11:58:00Z,webhook-dispatcher,container_memory_rss_mb,475.6
2026-07-23T11:58:00Z,webhook-dispatcher,tcp_new_conns_per_s,463.2
2026-07-23T11:58:00Z,webhook-dispatcher,tls_handshake_p95_ms,594.9
2026-07-23T11:58:00Z,webhook-dispatcher,webhook_dispatch_p95_ms,4125.0
2026-07-23T11:59:00Z,billing-api,webhook_confirmation_p99_ms,6882.5
2026-07-23T11:59:00Z,billing-api,webhook_retry_queue_depth,819.5474
2026-07-23T11:59:00Z,partner-sync-worker,records_processed_per_min,243.1
2026-07-23T11:59:00Z,partner-sync-worker,sync_backlog_depth,18.1
2026-07-23T11:59:00Z,partner-sync-worker,sync_lag_s,5.4156
2026-07-23T11:59:00Z,webhook-dispatcher,container_memory_rss_mb,475.0
2026-07-23T11:59:00Z,webhook-dispatcher,tcp_new_conns_per_s,458.2
2026-07-23T11:59:00Z,webhook-dispatcher,tls_handshake_p95_ms,642.8
2026-07-23T11:59:00Z,webhook-dispatcher,webhook_dispatch_p95_ms,4421.1
2026-07-23T12:00:00Z,billing-api,webhook_confirmation_p99_ms,6931.0
2026-07-23T12:00:00Z,billing-api,webhook_retry_queue_depth,843.9299
2026-07-23T12:00:00Z,partner-sync-worker,records_processed_per_min,256.1
2026-07-23T12:00:00Z,partner-sync-worker,sync_backlog_depth,20.7
2026-07-23T12:00:00Z,partner-sync-worker,sync_lag_s,6.5027
2026-07-23T12:00:00Z,webhook-dispatcher,container_memory_rss_mb,484.0
2026-07-23T12:00:00Z,webhook-dispatcher,tcp_new_conns_per_s,464.6
2026-07-23T12:00:00Z,webhook-dispatcher,tls_handshake_p95_ms,688.5
2026-07-23T12:00:00Z,webhook-dispatcher,webhook_dispatch_p95_ms,4051.1
2026-07-23T12:01:00Z,billing-api,webhook_confirmation_p99_ms,7104.6
2026-07-23T12:01:00Z,billing-api,webhook_retry_queue_depth,932.7028
2026-07-23T12:01:00Z,partner-sync-worker,records_processed_per_min,225.2
2026-07-23T12:01:00Z,partner-sync-worker,sync_backlog_depth,21.1
2026-07-23T12:01:00Z,partner-sync-worker,sync_lag_s,5.3617
2026-07-23T12:01:00Z,webhook-dispatcher,container_memory_rss_mb,476.7
2026-07-23T12:01:00Z,webhook-dispatcher,tcp_new_conns_per_s,503.6
2026-07-23T12:01:00Z,webhook-dispatcher,tls_handshake_p95_ms,636.4
2026-07-23T12:01:00Z,webhook-dispatcher,webhook_dispatch_p95_ms,4583.1
2026-07-23T12:02:00Z,billing-api,webhook_confirmation_p99_ms,7150.2
2026-07-23T12:02:00Z,billing-api,webhook_retry_queue_depth,819.6095
2026-07-23T12:02:00Z,partner-sync-worker,records_processed_per_min,227.6
2026-07-23T12:02:00Z,partner-sync-worker,sync_backlog_depth,22.0
2026-07-23T12:02:00Z,partner-sync-worker,sync_lag_s,6.0759
2026-07-23T12:02:00Z,webhook-dispatcher,container_memory_rss_mb,487.5
2026-07-23T12:02:00Z,webhook-dispatcher,tcp_new_conns_per_s,525.7
2026-07-23T12:02:00Z,webhook-dispatcher,tls_handshake_p95_ms,593.7
2026-07-23T12:02:00Z,webhook-dispatcher,webhook_dispatch_p95_ms,4182.1
2026-07-23T12:03:00Z,billing-api,webhook_confirmation_p99_ms,6871.5
2026-07-23T12:03:00Z,billing-api,webhook_retry_queue_depth,811.3546
2026-07-23T12:03:00Z,partner-sync-worker,records_processed_per_min,222.6
2026-07-23T12:03:00Z,partner-sync-worker,sync_backlog_depth,21.6
2026-07-23T12:03:00Z,partner-sync-worker,sync_lag_s,6.5756
2026-07-23T12:03:00Z,webhook-dispatcher,container_memory_rss_mb,490.9
2026-07-23T12:03:00Z,webhook-dispatcher,tcp_new_conns_per_s,482.2
2026-07-23T12:03:00Z,webhook-dispatcher,tls_handshake_p95_ms,655.2
2026-07-23T12:03:00Z,webhook-dispatcher,webhook_dispatch_p95_ms,4135.8
2026-07-23T12:04:00Z,billing-api,webhook_confirmation_p99_ms,6861.2
2026-07-23T12:04:00Z,billing-api,webhook_retry_queue_depth,907.5891
2026-07-23T12:04:00Z,partner-sync-worker,records_processed_per_min,242.2
2026-07-23T12:04:00Z,partner-sync-worker,sync_backlog_depth,20.7
2026-07-23T12:04:00Z,partner-sync-worker,sync_lag_s,6.4872
2026-07-23T12:04:00Z,webhook-dispatcher,container_memory_rss_mb,488.5
2026-07-23T12:04:00Z,webhook-dispatcher,tcp_new_conns_per_s,492.4
2026-07-23T12:04:00Z,webhook-dispatcher,tls_handshake_p95_ms,646.7
2026-07-23T12:04:00Z,webhook-dispatcher,webhook_dispatch_p95_ms,4415.2
2026-07-23T12:05:00Z,billing-api,webhook_confirmation_p99_ms,6506.6
2026-07-23T12:05:00Z,billing-api,webhook_retry_queue_depth,849.1711
2026-07-23T12:05:00Z,partner-sync-worker,records_processed_per_min,260.6
2026-07-23T12:05:00Z,partner-sync-worker,sync_backlog_depth,20.1
2026-07-23T12:05:00Z,partner-sync-worker,sync_lag_s,6.5451
2026-07-23T12:05:00Z,webhook-dispatcher,container_memory_rss_mb,478.9
2026-07-23T12:05:00Z,webhook-dispatcher,tcp_new_conns_per_s,524.5
2026-07-23T12:05:00Z,webhook-dispatcher,tls_handshake_p95_ms,596.2
2026-07-23T12:05:00Z,webhook-dispatcher,webhook_dispatch_p95_ms,4046.5
2026-07-23T12:06:00Z,billing-api,webhook_confirmation_p99_ms,6836.9
2026-07-23T12:06:00Z,billing-api,webhook_retry_queue_depth,913.9931
2026-07-23T12:06:00Z,partner-sync-worker,records_processed_per_min,218.9
2026-07-23T12:06:00Z,partner-sync-worker,sync_backlog_depth,20.5
2026-07-23T12:06:00Z,partner-sync-worker,sync_lag_s,6.0522
2026-07-23T12:06:00Z,webhook-dispatcher,container_memory_rss_mb,482.6
2026-07-23T12:06:00Z,webhook-dispatcher,tcp_new_conns_per_s,519.0
2026-07-23T12:06:00Z,webhook-dispatcher,tls_handshake_p95_ms,657.0
2026-07-23T12:06:00Z,webhook-dispatcher,webhook_dispatch_p95_ms,4294.1
2026-07-23T12:07:00Z,billing-api,webhook_confirmation_p99_ms,6462.2
2026-07-23T12:07:00Z,billing-api,webhook_retry_queue_depth,826.9857
2026-07-23T12:07:00Z,partner-sync-worker,records_processed_per_min,232.1
2026-07-23T12:07:00Z,partner-sync-worker,sync_backlog_depth,20.4
2026-07-23T12:07:00Z,partner-sync-worker,sync_lag_s,6.6705
2026-07-23T12:07:00Z,webhook-dispatcher,container_memory_rss_mb,467.0
2026-07-23T12:07:00Z,webhook-dispatcher,tcp_new_conns_per_s,451.9
2026-07-23T12:07:00Z,webhook-dispatcher,tls_handshake_p95_ms,669.9
2026-07-23T12:07:00Z,webhook-dispatcher,webhook_dispatch_p95_ms,4550.9
2026-07-23T12:08:00Z,billing-api,webhook_confirmation_p99_ms,6491.4
2026-07-23T12:08:00Z,billing-api,webhook_retry_queue_depth,955.1575
2026-07-23T12:08:00Z,partner-sync-worker,records_processed_per_min,253.2
2026-07-23T12:08:00Z,partner-sync-worker,sync_backlog_depth,20.8
2026-07-23T12:08:00Z,partner-sync-worker,sync_lag_s,5.6468
2026-07-23T12:08:00Z,webhook-dispatcher,container_memory_rss_mb,482.5
2026-07-23T12:08:00Z,webhook-dispatcher,tcp_new_conns_per_s,478.7
2026-07-23T12:08:00Z,webhook-dispatcher,tls_handshake_p95_ms,609.7
2026-07-23T12:08:00Z,webhook-dispatcher,webhook_dispatch_p95_ms,4022.6
2026-07-23T12:09:00Z,billing-api,webhook_confirmation_p99_ms,6860.9
2026-07-23T12:09:00Z,billing-api,webhook_retry_queue_depth,850.0684
2026-07-23T12:09:00Z,partner-sync-worker,records_processed_per_min,261.7
2026-07-23T12:09:00Z,partner-sync-worker,sync_backlog_depth,21.7
2026-07-23T12:09:00Z,partner-sync-worker,sync_lag_s,5.7448
2026-07-23T12:09:00Z,webhook-dispatcher,container_memory_rss_mb,471.7
2026-07-23T12:09:00Z,webhook-dispatcher,tcp_new_conns_per_s,501.7
2026-07-23T12:09:00Z,webhook-dispatcher,tls_handshake_p95_ms,675.2
2026-07-23T12:09:00Z,webhook-dispatcher,webhook_dispatch_p95_ms,4424.6
2026-07-23T12:10:00Z,billing-api,webhook_confirmation_p99_ms,6907.4
2026-07-23T12:10:00Z,billing-api,webhook_retry_queue_depth,913.8372
2026-07-23T12:10:00Z,partner-sync-worker,records_processed_per_min,230.1
2026-07-23T12:10:00Z,partner-sync-worker,sync_backlog_depth,18.2
2026-07-23T12:10:00Z,partner-sync-worker,sync_lag_s,6.7931
2026-07-23T12:10:00Z,webhook-dispatcher,container_memory_rss_mb,479.7
2026-07-23T12:10:00Z,webhook-dispatcher,tcp_new_conns_per_s,460.7
2026-07-23T12:10:00Z,webhook-dispatcher,tls_handshake_p95_ms,610.5
2026-07-23T12:10:00Z,webhook-dispatcher,webhook_dispatch_p95_ms,4597.3
2026-07-23T12:11:00Z,billing-api,webhook_confirmation_p99_ms,6812.4
2026-07-23T12:11:00Z,billing-api,webhook_retry_queue_depth,937.975
2026-07-23T12:11:00Z,partner-sync-worker,records_processed_per_min,259.1
2026-07-23T12:11:00Z,partner-sync-worker,sync_backlog_depth,22.3
2026-07-23T12:11:00Z,partner-sync-worker,sync_lag_s,5.7902
2026-07-23T12:11:00Z,webhook-dispatcher,container_memory_rss_mb,482.2
2026-07-23T12:11:00Z,webhook-dispatcher,tcp_new_conns_per_s,461.3
2026-07-23T12:11:00Z,webhook-dispatcher,tls_handshake_p95_ms,635.4
2026-07-23T12:11:00Z,webhook-dispatcher,webhook_dispatch_p95_ms,4297.7
2026-07-23T12:12:00Z,billing-api,webhook_confirmation_p99_ms,6543.8
2026-07-23T12:12:00Z,billing-api,webhook_retry_queue_depth,889.1243
2026-07-23T12:12:00Z,partner-sync-worker,records_processed_per_min,250.3
2026-07-23T12:12:00Z,partner-sync-worker,sync_backlog_depth,21.8
2026-07-23T12:12:00Z,partner-sync-worker,sync_lag_s,5.5363
2026-07-23T12:12:00Z,webhook-dispatcher,container_memory_rss_mb,485.4
2026-07-23T12:12:00Z,webhook-dispatcher,tcp_new_conns_per_s,477.1
2026-07-23T12:12:00Z,webhook-dispatcher,tls_handshake_p95_ms,648.0
2026-07-23T12:12:00Z,webhook-dispatcher,webhook_dispatch_p95_ms,4252.5
2026-07-23T12:13:00Z,billing-api,webhook_confirmation_p99_ms,6515.9
2026-07-23T12:13:00Z,billing-api,webhook_retry_queue_depth,932.3923
2026-07-23T12:13:00Z,partner-sync-worker,records_processed_per_min,219.5
2026-07-23T12:13:00Z,partner-sync-worker,sync_backlog_depth,22.1
2026-07-23T12:13:00Z,partner-sync-worker,sync_lag_s,5.1863
2026-07-23T12:13:00Z,webhook-dispatcher,container_memory_rss_mb,483.6
2026-07-23T12:13:00Z,webhook-dispatcher,tcp_new_conns_per_s,482.5
2026-07-23T12:13:00Z,webhook-dispatcher,tls_handshake_p95_ms,604.8
2026-07-23T12:13:00Z,webhook-dispatcher,webhook_dispatch_p95_ms,4252.3
2026-07-23T12:14:00Z,billing-api,webhook_confirmation_p99_ms,6632.0
2026-07-23T12:14:00Z,billing-api,webhook_retry_queue_depth,827.9559
2026-07-23T12:14:00Z,partner-sync-worker,records_processed_per_min,222.7
2026-07-23T12:14:00Z,partner-sync-worker,sync_backlog_depth,20.9
2026-07-23T12:14:00Z,partner-sync-worker,sync_lag_s,6.4426
2026-07-23T12:14:00Z,webhook-dispatcher,container_memory_rss_mb,467.0
2026-07-23T12:14:00Z,webhook-dispatcher,tcp_new_conns_per_s,526.0
2026-07-23T12:14:00Z,webhook-dispatcher,tls_handshake_p95_ms,611.4
2026-07-23T12:14:00Z,webhook-dispatcher,webhook_dispatch_p95_ms,4300.3
2026-07-23T12:15:00Z,billing-api,webhook_confirmation_p99_ms,7171.7
2026-07-23T12:15:00Z,billing-api,webhook_retry_queue_depth,903.1475
2026-07-23T12:15:00Z,partner-sync-worker,records_processed_per_min,223.1
2026-07-23T12:15:00Z,partner-sync-worker,sync_backlog_depth,19.3
2026-07-23T12:15:00Z,partner-sync-worker,sync_lag_s,6.5759
2026-07-23T12:15:00Z,webhook-dispatcher,container_memory_rss_mb,472.5
2026-07-23T12:15:00Z,webhook-dispatcher,tcp_new_conns_per_s,521.4
2026-07-23T12:15:00Z,webhook-dispatcher,tls_handshake_p95_ms,614.6
2026-07-23T12:15:00Z,webhook-dispatcher,webhook_dispatch_p95_ms,4457.0
2026-07-23T12:16:00Z,billing-api,webhook_confirmation_p99_ms,6790.7
2026-07-23T12:16:00Z,billing-api,webhook_retry_queue_depth,971.9237
2026-07-23T12:16:00Z,partner-sync-worker,records_processed_per_min,224.5
2026-07-23T12:16:00Z,partner-sync-worker,sync_backlog_depth,22.2
2026-07-23T12:16:00Z,partner-sync-worker,sync_lag_s,6.1622
2026-07-23T12:16:00Z,webhook-dispatcher,container_memory_rss_mb,477.7
2026-07-23T12:16:00Z,webhook-dispatcher,tcp_new_conns_per_s,454.1
2026-07-23T12:16:00Z,webhook-dispatcher,tls_handshake_p95_ms,621.8
2026-07-23T12:16:00Z,webhook-dispatcher,webhook_dispatch_p95_ms,4149.9
2026-07-23T12:17:00Z,billing-api,webhook_confirmation_p99_ms,6613.8
2026-07-23T12:17:00Z,billing-api,webhook_retry_queue_depth,961.8212
2026-07-23T12:17:00Z,partner-sync-worker,records_processed_per_min,240.9
2026-07-23T12:17:00Z,partner-sync-worker,sync_backlog_depth,19.5
2026-07-23T12:17:00Z,partner-sync-worker,sync_lag_s,6.6415
2026-07-23T12:17:00Z,webhook-dispatcher,container_memory_rss_mb,467.3
2026-07-23T12:17:00Z,webhook-dispatcher,tcp_new_conns_per_s,522.6
2026-07-23T12:17:00Z,webhook-dispatcher,tls_handshake_p95_ms,679.9
2026-07-23T12:17:00Z,webhook-dispatcher,webhook_dispatch_p95_ms,4537.1
2026-07-23T12:18:00Z,billing-api,webhook_confirmation_p99_ms,6904.9
2026-07-23T12:18:00Z,billing-api,webhook_retry_queue_depth,952.7187
2026-07-23T12:18:00Z,partner-sync-worker,records_processed_per_min,217.7
2026-07-23T12:18:00Z,partner-sync-worker,sync_backlog_depth,18.4
2026-07-23T12:18:00Z,partner-sync-worker,sync_lag_s,6.4723
2026-07-23T12:18:00Z,webhook-dispatcher,container_memory_rss_mb,468.8
2026-07-23T12:18:00Z,webhook-dispatcher,tcp_new_conns_per_s,501.6
2026-07-23T12:18:00Z,webhook-dispatcher,tls_handshake_p95_ms,610.4
2026-07-23T12:18:00Z,webhook-dispatcher,webhook_dispatch_p95_ms,4028.4
2026-07-23T12:19:00Z,billing-api,webhook_confirmation_p99_ms,6807.1
2026-07-23T12:19:00Z,billing-api,webhook_retry_queue_depth,936.9905
2026-07-23T12:19:00Z,partner-sync-worker,records_processed_per_min,227.9
2026-07-23T12:19:00Z,partner-sync-worker,sync_backlog_depth,22.3
2026-07-23T12:19:00Z,partner-sync-worker,sync_lag_s,5.9875
2026-07-23T12:19:00Z,webhook-dispatcher,container_memory_rss_mb,491.2
2026-07-23T12:19:00Z,webhook-dispatcher,tcp_new_conns_per_s,514.1
2026-07-23T12:19:00Z,webhook-dispatcher,tls_handshake_p95_ms,620.4
2026-07-23T12:19:00Z,webhook-dispatcher,webhook_dispatch_p95_ms,4094.4
2026-07-23T12:20:00Z,billing-api,webhook_confirmation_p99_ms,6731.2
2026-07-23T12:20:00Z,billing-api,webhook_retry_queue_depth,862.1281
2026-07-23T12:20:00Z,partner-sync-worker,records_processed_per_min,242.1
2026-07-23T12:20:00Z,partner-sync-worker,sync_backlog_depth,17.9
2026-07-23T12:20:00Z,partner-sync-worker,sync_lag_s,5.7891
2026-07-23T12:20:00Z,webhook-dispatcher,container_memory_rss_mb,475.2
2026-07-23T12:20:00Z,webhook-dispatcher,tcp_new_conns_per_s,478.6
2026-07-23T12:20:00Z,webhook-dispatcher,tls_handshake_p95_ms,664.6
2026-07-23T12:20:00Z,webhook-dispatcher,webhook_dispatch_p95_ms,4104.9
2026-07-23T12:21:00Z,billing-api,webhook_confirmation_p99_ms,7169.4
2026-07-23T12:21:00Z,billing-api,webhook_retry_queue_depth,827.1715
2026-07-23T12:21:00Z,partner-sync-worker,records_processed_per_min,227.5
2026-07-23T12:21:00Z,partner-sync-worker,sync_backlog_depth,20.3
2026-07-23T12:21:00Z,partner-sync-worker,sync_lag_s,6.0643
2026-07-23T12:21:00Z,webhook-dispatcher,container_memory_rss_mb,486.3
2026-07-23T12:21:00Z,webhook-dispatcher,tcp_new_conns_per_s,443.5
2026-07-23T12:21:00Z,webhook-dispatcher,tls_handshake_p95_ms,652.7
2026-07-23T12:21:00Z,webhook-dispatcher,webhook_dispatch_p95_ms,4056.3
2026-07-23T12:22:00Z,billing-api,webhook_confirmation_p99_ms,6720.6
2026-07-23T12:22:00Z,billing-api,webhook_retry_queue_depth,869.6831
2026-07-23T12:22:00Z,partner-sync-worker,records_processed_per_min,248.0
2026-07-23T12:22:00Z,partner-sync-worker,sync_backlog_depth,19.3
2026-07-23T12:22:00Z,partner-sync-worker,sync_lag_s,5.1722
2026-07-23T12:22:00Z,webhook-dispatcher,container_memory_rss_mb,479.2
2026-07-23T12:22:00Z,webhook-dispatcher,tcp_new_conns_per_s,504.7
2026-07-23T12:22:00Z,webhook-dispatcher,tls_handshake_p95_ms,618.2
2026-07-23T12:22:00Z,webhook-dispatcher,webhook_dispatch_p95_ms,4068.5
2026-07-23T12:23:00Z,billing-api,webhook_confirmation_p99_ms,6904.2
2026-07-23T12:23:00Z,billing-api,webhook_retry_queue_depth,950.6685
2026-07-23T12:23:00Z,partner-sync-worker,records_processed_per_min,261.4
2026-07-23T12:23:00Z,partner-sync-worker,sync_backlog_depth,21.1
2026-07-23T12:23:00Z,partner-sync-worker,sync_lag_s,5.2105
2026-07-23T12:23:00Z,webhook-dispatcher,container_memory_rss_mb,483.5
2026-07-23T12:23:00Z,webhook-dispatcher,tcp_new_conns_per_s,448.1
2026-07-23T12:23:00Z,webhook-dispatcher,tls_handshake_p95_ms,650.8
2026-07-23T12:23:00Z,webhook-dispatcher,webhook_dispatch_p95_ms,4012.5
2026-07-23T12:24:00Z,billing-api,webhook_confirmation_p99_ms,7151.0
2026-07-23T12:24:00Z,billing-api,webhook_retry_queue_depth,953.6158
2026-07-23T12:24:00Z,partner-sync-worker,records_processed_per_min,228.3
2026-07-23T12:24:00Z,partner-sync-worker,sync_backlog_depth,20.9
2026-07-23T12:24:00Z,partner-sync-worker,sync_lag_s,6.209
2026-07-23T12:24:00Z,webhook-dispatcher,container_memory_rss_mb,473.7
2026-07-23T12:24:00Z,webhook-dispatcher,tcp_new_conns_per_s,500.3
2026-07-23T12:24:00Z,webhook-dispatcher,tls_handshake_p95_ms,681.3
2026-07-23T12:24:00Z,webhook-dispatcher,webhook_dispatch_p95_ms,4358.2
2026-07-23T12:25:00Z,billing-api,webhook_confirmation_p99_ms,7201.9
2026-07-23T12:25:00Z,billing-api,webhook_retry_queue_depth,887.5864
2026-07-23T12:25:00Z,partner-sync-worker,records_processed_per_min,216.8
2026-07-23T12:25:00Z,partner-sync-worker,sync_backlog_depth,20.4
2026-07-23T12:25:00Z,partner-sync-worker,sync_lag_s,6.2155
2026-07-23T12:25:00Z,webhook-dispatcher,container_memory_rss_mb,475.4
2026-07-23T12:25:00Z,webhook-dispatcher,tcp_new_conns_per_s,475.2
2026-07-23T12:25:00Z,webhook-dispatcher,tls_handshake_p95_ms,596.6
2026-07-23T12:25:00Z,webhook-dispatcher,webhook_dispatch_p95_ms,4340.8
2026-07-23T12:26:00Z,billing-api,webhook_confirmation_p99_ms,7198.9
2026-07-23T12:26:00Z,billing-api,webhook_retry_queue_depth,970.398
2026-07-23T12:26:00Z,partner-sync-worker,records_processed_per_min,256.3
2026-07-23T12:26:00Z,partner-sync-worker,sync_backlog_depth,18.1
2026-07-23T12:26:00Z,partner-sync-worker,sync_lag_s,6.3015
2026-07-23T12:26:00Z,webhook-dispatcher,container_memory_rss_mb,476.9
2026-07-23T12:26:00Z,webhook-dispatcher,tcp_new_conns_per_s,466.2
2026-07-23T12:26:00Z,webhook-dispatcher,tls_handshake_p95_ms,598.5
2026-07-23T12:26:00Z,webhook-dispatcher,webhook_dispatch_p95_ms,4381.0
2026-07-23T12:27:00Z,billing-api,webhook_confirmation_p99_ms,7123.7
2026-07-23T12:27:00Z,billing-api,webhook_retry_queue_depth,908.7528
2026-07-23T12:27:00Z,partner-sync-worker,records_processed_per_min,253.4
2026-07-23T12:27:00Z,partner-sync-worker,sync_backlog_depth,20.0
2026-07-23T12:27:00Z,partner-sync-worker,sync_lag_s,5.5568
2026-07-23T12:27:00Z,webhook-dispatcher,container_memory_rss_mb,487.6
2026-07-23T12:27:00Z,webhook-dispatcher,tcp_new_conns_per_s,453.3
2026-07-23T12:27:00Z,webhook-dispatcher,tls_handshake_p95_ms,596.5
2026-07-23T12:27:00Z,webhook-dispatcher,webhook_dispatch_p95_ms,4038.6
2026-07-23T12:28:00Z,billing-api,webhook_confirmation_p99_ms,6568.2
2026-07-23T12:28:00Z,billing-api,webhook_retry_queue_depth,929.5187
2026-07-23T12:28:00Z,partner-sync-worker,records_processed_per_min,247.8
2026-07-23T12:28:00Z,partner-sync-worker,sync_backlog_depth,22.0
2026-07-23T12:28:00Z,partner-sync-worker,sync_lag_s,5.1282
2026-07-23T12:28:00Z,webhook-dispatcher,container_memory_rss_mb,479.6
2026-07-23T12:28:00Z,webhook-dispatcher,tcp_new_conns_per_s,457.8
2026-07-23T12:28:00Z,webhook-dispatcher,tls_handshake_p95_ms,680.7
2026-07-23T12:28:00Z,webhook-dispatcher,webhook_dispatch_p95_ms,4384.5
2026-07-23T12:29:00Z,billing-api,webhook_confirmation_p99_ms,7192.2
2026-07-23T12:29:00Z,billing-api,webhook_retry_queue_depth,924.6147
2026-07-23T12:29:00Z,partner-sync-worker,records_processed_per_min,244.2
2026-07-23T12:29:00Z,partner-sync-worker,sync_backlog_depth,20.6
2026-07-23T12:29:00Z,partner-sync-worker,sync_lag_s,6.4148
2026-07-23T12:29:00Z,webhook-dispatcher,container_memory_rss_mb,472.7
2026-07-23T12:29:00Z,webhook-dispatcher,tcp_new_conns_per_s,504.8
2026-07-23T12:29:00Z,webhook-dispatcher,tls_handshake_p95_ms,595.2
2026-07-23T12:29:00Z,webhook-dispatcher,webhook_dispatch_p95_ms,4574.0
2026-07-23T12:30:00Z,billing-api,webhook_confirmation_p99_ms,6618.3
2026-07-23T12:30:00Z,billing-api,webhook_retry_queue_depth,845.8275
2026-07-23T12:30:00Z,partner-sync-worker,records_processed_per_min,224.1
2026-07-23T12:30:00Z,partner-sync-worker,sync_backlog_depth,19.1
2026-07-23T12:30:00Z,partner-sync-worker,sync_lag_s,6.7673
2026-07-23T12:30:00Z,webhook-dispatcher,container_memory_rss_mb,471.5
2026-07-23T12:30:00Z,webhook-dispatcher,tcp_new_conns_per_s,491.8
2026-07-23T12:30:00Z,webhook-dispatcher,tls_handshake_p95_ms,666.2
2026-07-23T12:30:00Z,webhook-dispatcher,webhook_dispatch_p95_ms,4046.5
2026-07-23T12:31:00Z,billing-api,webhook_confirmation_p99_ms,6577.8
2026-07-23T12:31:00Z,billing-api,webhook_retry_queue_depth,968.0484
2026-07-23T12:31:00Z,partner-sync-worker,records_processed_per_min,261.9
2026-07-23T12:31:00Z,partner-sync-worker,sync_backlog_depth,19.5
2026-07-23T12:31:00Z,partner-sync-worker,sync_lag_s,5.7871
2026-07-23T12:31:00Z,webhook-dispatcher,container_memory_rss_mb,473.2
2026-07-23T12:31:00Z,webhook-dispatcher,tcp_new_conns_per_s,448.6
2026-07-23T12:31:00Z,webhook-dispatcher,tls_handshake_p95_ms,642.7
2026-07-23T12:31:00Z,webhook-dispatcher,webhook_dispatch_p95_ms,4467.6
2026-07-23T12:32:00Z,billing-api,webhook_confirmation_p99_ms,6637.4
2026-07-23T12:32:00Z,billing-api,webhook_retry_queue_depth,907.9609
2026-07-23T12:32:00Z,partner-sync-worker,records_processed_per_min,227.5
2026-07-23T12:32:00Z,partner-sync-worker,sync_backlog_depth,19.6
2026-07-23T12:32:00Z,partner-sync-worker,sync_lag_s,5.1854
2026-07-23T12:32:00Z,webhook-dispatcher,container_memory_rss_mb,485.6
2026-07-23T12:32:00Z,webhook-dispatcher,tcp_new_conns_per_s,513.7
2026-07-23T12:32:00Z,webhook-dispatcher,tls_handshake_p95_ms,624.1
2026-07-23T12:32:00Z,webhook-dispatcher,webhook_dispatch_p95_ms,4373.8
2026-07-23T12:33:00Z,billing-api,webhook_confirmation_p99_ms,6933.9
2026-07-23T12:33:00Z,billing-api,webhook_retry_queue_depth,976.6109
2026-07-23T12:33:00Z,partner-sync-worker,records_processed_per_min,222.7
2026-07-23T12:33:00Z,partner-sync-worker,sync_backlog_depth,20.3
2026-07-23T12:33:00Z,partner-sync-worker,sync_lag_s,5.1568
2026-07-23T12:33:00Z,webhook-dispatcher,container_memory_rss_mb,469.5
2026-07-23T12:33:00Z,webhook-dispatcher,tcp_new_conns_per_s,516.8
2026-07-23T12:33:00Z,webhook-dispatcher,tls_handshake_p95_ms,628.2
2026-07-23T12:33:00Z,webhook-dispatcher,webhook_dispatch_p95_ms,4475.0
2026-07-23T12:34:00Z,billing-api,webhook_confirmation_p99_ms,6933.2
2026-07-23T12:34:00Z,billing-api,webhook_retry_queue_depth,907.6557
2026-07-23T12:34:00Z,partner-sync-worker,records_processed_per_min,240.6
2026-07-23T12:34:00Z,partner-sync-worker,sync_backlog_depth,18.6
2026-07-23T12:34:00Z,partner-sync-worker,sync_lag_s,5.3422
2026-07-23T12:34:00Z,webhook-dispatcher,container_memory_rss_mb,470.8
2026-07-23T12:34:00Z,webhook-dispatcher,tcp_new_conns_per_s,503.6
2026-07-23T12:34:00Z,webhook-dispatcher,tls_handshake_p95_ms,601.6
2026-07-23T12:34:00Z,webhook-dispatcher,webhook_dispatch_p95_ms,4587.9
2026-07-23T12:35:00Z,billing-api,webhook_confirmation_p99_ms,6466.0
2026-07-23T12:35:00Z,billing-api,webhook_retry_queue_depth,846.6166
2026-07-23T12:35:00Z,partner-sync-worker,records_processed_per_min,228.7
2026-07-23T12:35:00Z,partner-sync-worker,sync_backlog_depth,20.4
2026-07-23T12:35:00Z,partner-sync-worker,sync_lag_s,6.1562
2026-07-23T12:35:00Z,webhook-dispatcher,container_memory_rss_mb,474.4
2026-07-23T12:35:00Z,webhook-dispatcher,tcp_new_conns_per_s,517.3
2026-07-23T12:35:00Z,webhook-dispatcher,tls_handshake_p95_ms,674.5
2026-07-23T12:35:00Z,webhook-dispatcher,webhook_dispatch_p95_ms,4558.8
2026-07-23T12:36:00Z,billing-api,webhook_confirmation_p99_ms,6686.6
2026-07-23T12:36:00Z,billing-api,webhook_retry_queue_depth,966.6299
2026-07-23T12:36:00Z,partner-sync-worker,records_processed_per_min,228.9
2026-07-23T12:36:00Z,partner-sync-worker,sync_backlog_depth,20.4
2026-07-23T12:36:00Z,partner-sync-worker,sync_lag_s,6.2902
2026-07-23T12:36:00Z,webhook-dispatcher,container_memory_rss_mb,470.7
2026-07-23T12:36:00Z,webhook-dispatcher,tcp_new_conns_per_s,448.3
2026-07-23T12:36:00Z,webhook-dispatcher,tls_handshake_p95_ms,669.1
2026-07-23T12:36:00Z,webhook-dispatcher,webhook_dispatch_p95_ms,4316.6
2026-07-23T12:37:00Z,billing-api,webhook_confirmation_p99_ms,6721.9
2026-07-23T12:37:00Z,billing-api,webhook_retry_queue_depth,848.0425
2026-07-23T12:37:00Z,partner-sync-worker,records_processed_per_min,228.2
2026-07-23T12:37:00Z,partner-sync-worker,sync_backlog_depth,19.2
2026-07-23T12:37:00Z,partner-sync-worker,sync_lag_s,6.8559
2026-07-23T12:37:00Z,webhook-dispatcher,container_memory_rss_mb,472.4
2026-07-23T12:37:00Z,webhook-dispatcher,tcp_new_conns_per_s,493.3
2026-07-23T12:37:00Z,webhook-dispatcher,tls_handshake_p95_ms,638.8
2026-07-23T12:37:00Z,webhook-dispatcher,webhook_dispatch_p95_ms,4049.1
2026-07-23T12:38:00Z,billing-api,webhook_confirmation_p99_ms,7204.5
2026-07-23T12:38:00Z,billing-api,webhook_retry_queue_depth,947.0156
2026-07-23T12:38:00Z,partner-sync-worker,records_processed_per_min,220.5
2026-07-23T12:38:00Z,partner-sync-worker,sync_backlog_depth,20.5
2026-07-23T12:38:00Z,partner-sync-worker,sync_lag_s,6.3713
2026-07-23T12:38:00Z,webhook-dispatcher,container_memory_rss_mb,476.8
2026-07-23T12:38:00Z,webhook-dispatcher,tcp_new_conns_per_s,522.0
2026-07-23T12:38:00Z,webhook-dispatcher,tls_handshake_p95_ms,666.2
2026-07-23T12:38:00Z,webhook-dispatcher,webhook_dispatch_p95_ms,4341.3
2026-07-23T12:39:00Z,billing-api,webhook_confirmation_p99_ms,7012.9
2026-07-23T12:39:00Z,billing-api,webhook_retry_queue_depth,878.6231
2026-07-23T12:39:00Z,partner-sync-worker,records_processed_per_min,243.5
2026-07-23T12:39:00Z,partner-sync-worker,sync_backlog_depth,21.6
2026-07-23T12:39:00Z,partner-sync-worker,sync_lag_s,5.4992
2026-07-23T12:39:00Z,webhook-dispatcher,container_memory_rss_mb,493.7
2026-07-23T12:39:00Z,webhook-dispatcher,tcp_new_conns_per_s,452.9
2026-07-23T12:39:00Z,webhook-dispatcher,tls_handshake_p95_ms,593.5
2026-07-23T12:39:00Z,webhook-dispatcher,webhook_dispatch_p95_ms,4453.8
2026-07-23T12:40:00Z,billing-api,webhook_confirmation_p99_ms,6905.3
2026-07-23T12:40:00Z,billing-api,webhook_retry_queue_depth,913.9101
2026-07-23T12:40:00Z,partner-sync-worker,records_processed_per_min,236.0
2026-07-23T12:40:00Z,partner-sync-worker,sync_backlog_depth,19.2
2026-07-23T12:40:00Z,partner-sync-worker,sync_lag_s,6.4001
2026-07-23T12:40:00Z,webhook-dispatcher,container_memory_rss_mb,476.9
2026-07-23T12:40:00Z,webhook-dispatcher,tcp_new_conns_per_s,454.2
2026-07-23T12:40:00Z,webhook-dispatcher,tls_handshake_p95_ms,606.1
2026-07-23T12:40:00Z,webhook-dispatcher,webhook_dispatch_p95_ms,4499.2
2026-07-23T12:41:00Z,billing-api,webhook_confirmation_p99_ms,6504.1
2026-07-23T12:41:00Z,billing-api,webhook_retry_queue_depth,828.5469
2026-07-23T12:41:00Z,partner-sync-worker,records_processed_per_min,231.7
2026-07-23T12:41:00Z,partner-sync-worker,sync_backlog_depth,20.1
2026-07-23T12:41:00Z,partner-sync-worker,sync_lag_s,5.8973
2026-07-23T12:41:00Z,webhook-dispatcher,container_memory_rss_mb,484.3
2026-07-23T12:41:00Z,webhook-dispatcher,tcp_new_conns_per_s,468.5
2026-07-23T12:41:00Z,webhook-dispatcher,tls_handshake_p95_ms,642.9
2026-07-23T12:41:00Z,webhook-dispatcher,webhook_dispatch_p95_ms,4481.7
2026-07-23T12:42:00Z,billing-api,webhook_confirmation_p99_ms,6727.7
2026-07-23T12:42:00Z,billing-api,webhook_retry_queue_depth,879.8793
2026-07-23T12:42:00Z,partner-sync-worker,records_processed_per_min,235.3
2026-07-23T12:42:00Z,partner-sync-worker,sync_backlog_depth,22.1
2026-07-23T12:42:00Z,partner-sync-worker,sync_lag_s,5.7344
2026-07-23T12:42:00Z,webhook-dispatcher,container_memory_rss_mb,471.6
2026-07-23T12:42:00Z,webhook-dispatcher,tcp_new_conns_per_s,515.1
2026-07-23T12:42:00Z,webhook-dispatcher,tls_handshake_p95_ms,640.8
2026-07-23T12:42:00Z,webhook-dispatcher,webhook_dispatch_p95_ms,4470.8
2026-07-23T12:43:00Z,billing-api,webhook_confirmation_p99_ms,7138.6
2026-07-23T12:43:00Z,billing-api,webhook_retry_queue_depth,984.8033
2026-07-23T12:43:00Z,partner-sync-worker,records_processed_per_min,235.6
2026-07-23T12:43:00Z,partner-sync-worker,sync_backlog_depth,19.7
2026-07-23T12:43:00Z,partner-sync-worker,sync_lag_s,6.7113
2026-07-23T12:43:00Z,webhook-dispatcher,container_memory_rss_mb,471.6
2026-07-23T12:43:00Z,webhook-dispatcher,tcp_new_conns_per_s,453.1
2026-07-23T12:43:00Z,webhook-dispatcher,tls_handshake_p95_ms,652.0
2026-07-23T12:43:00Z,webhook-dispatcher,webhook_dispatch_p95_ms,4064.8
2026-07-23T12:44:00Z,billing-api,webhook_confirmation_p99_ms,7193.9
2026-07-23T12:44:00Z,billing-api,webhook_retry_queue_depth,947.5373
2026-07-23T12:44:00Z,partner-sync-worker,records_processed_per_min,217.6
2026-07-23T12:44:00Z,partner-sync-worker,sync_backlog_depth,19.9
2026-07-23T12:44:00Z,partner-sync-worker,sync_lag_s,6.3415
2026-07-23T12:44:00Z,webhook-dispatcher,container_memory_rss_mb,468.6
2026-07-23T12:44:00Z,webhook-dispatcher,tcp_new_conns_per_s,524.8
2026-07-23T12:44:00Z,webhook-dispatcher,tls_handshake_p95_ms,601.3
2026-07-23T12:44:00Z,webhook-dispatcher,webhook_dispatch_p95_ms,4371.8
2026-07-23T12:45:00Z,billing-api,webhook_confirmation_p99_ms,6735.5
2026-07-23T12:45:00Z,billing-api,webhook_retry_queue_depth,910.6606
2026-07-23T12:45:00Z,partner-sync-worker,records_processed_per_min,249.2
2026-07-23T12:45:00Z,partner-sync-worker,sync_backlog_depth,21.0
2026-07-23T12:45:00Z,partner-sync-worker,sync_lag_s,6.1133
2026-07-23T12:45:00Z,webhook-dispatcher,container_memory_rss_mb,490.4
2026-07-23T12:45:00Z,webhook-dispatcher,tcp_new_conns_per_s,434.8
2026-07-23T12:45:00Z,webhook-dispatcher,tls_handshake_p95_ms,618.7
2026-07-23T12:45:00Z,webhook-dispatcher,webhook_dispatch_p95_ms,4446.6
2026-07-23T12:46:00Z,billing-api,webhook_confirmation_p99_ms,6671.3
2026-07-23T12:46:00Z,billing-api,webhook_retry_queue_depth,978.8799
2026-07-23T12:46:00Z,partner-sync-worker,records_processed_per_min,223.1
2026-07-23T12:46:00Z,partner-sync-worker,sync_backlog_depth,22.1
2026-07-23T12:46:00Z,partner-sync-worker,sync_lag_s,6.2731
2026-07-23T12:46:00Z,webhook-dispatcher,container_memory_rss_mb,475.4
2026-07-23T12:46:00Z,webhook-dispatcher,tcp_new_conns_per_s,464.8
2026-07-23T12:46:00Z,webhook-dispatcher,tls_handshake_p95_ms,633.4
2026-07-23T12:46:00Z,webhook-dispatcher,webhook_dispatch_p95_ms,4384.4
2026-07-23T12:47:00Z,billing-api,webhook_confirmation_p99_ms,7013.4
2026-07-23T12:47:00Z,billing-api,webhook_retry_queue_depth,956.938
2026-07-23T12:47:00Z,partner-sync-worker,records_processed_per_min,255.0
2026-07-23T12:47:00Z,partner-sync-worker,sync_backlog_depth,19.1
2026-07-23T12:47:00Z,partner-sync-worker,sync_lag_s,6.1655
2026-07-23T12:47:00Z,webhook-dispatcher,container_memory_rss_mb,472.7
2026-07-23T12:47:00Z,webhook-dispatcher,tcp_new_conns_per_s,511.8
2026-07-23T12:47:00Z,webhook-dispatcher,tls_handshake_p95_ms,630.6
2026-07-23T12:47:00Z,webhook-dispatcher,webhook_dispatch_p95_ms,4247.8
2026-07-23T12:48:00Z,billing-api,webhook_confirmation_p99_ms,6791.3
2026-07-23T12:48:00Z,billing-api,webhook_retry_queue_depth,837.5654
2026-07-23T12:48:00Z,partner-sync-worker,records_processed_per_min,242.1
2026-07-23T12:48:00Z,partner-sync-worker,sync_backlog_depth,19.5
2026-07-23T12:48:00Z,partner-sync-worker,sync_lag_s,6.1188
2026-07-23T12:48:00Z,webhook-dispatcher,container_memory_rss_mb,472.9
2026-07-23T12:48:00Z,webhook-dispatcher,tcp_new_conns_per_s,451.0
2026-07-23T12:48:00Z,webhook-dispatcher,tls_handshake_p95_ms,659.8
2026-07-23T12:48:00Z,webhook-dispatcher,webhook_dispatch_p95_ms,4173.8
2026-07-23T12:49:00Z,billing-api,webhook_confirmation_p99_ms,6551.4
2026-07-23T12:49:00Z,billing-api,webhook_retry_queue_depth,829.6655
2026-07-23T12:49:00Z,partner-sync-worker,records_processed_per_min,227.4
2026-07-23T12:49:00Z,partner-sync-worker,sync_backlog_depth,20.8
2026-07-23T12:49:00Z,partner-sync-worker,sync_lag_s,6.0039
2026-07-23T12:49:00Z,webhook-dispatcher,container_memory_rss_mb,476.3
2026-07-23T12:49:00Z,webhook-dispatcher,tcp_new_conns_per_s,522.3
2026-07-23T12:49:00Z,webhook-dispatcher,tls_handshake_p95_ms,658.4
2026-07-23T12:49:00Z,webhook-dispatcher,webhook_dispatch_p95_ms,4182.5
2026-07-23T12:50:00Z,billing-api,webhook_confirmation_p99_ms,6518.7
2026-07-23T12:50:00Z,billing-api,webhook_retry_queue_depth,948.4394
2026-07-23T12:50:00Z,partner-sync-worker,records_processed_per_min,235.7
2026-07-23T12:50:00Z,partner-sync-worker,sync_backlog_depth,22.1
2026-07-23T12:50:00Z,partner-sync-worker,sync_lag_s,6.0972
2026-07-23T12:50:00Z,webhook-dispatcher,container_memory_rss_mb,481.5
2026-07-23T12:50:00Z,webhook-dispatcher,tcp_new_conns_per_s,521.3
2026-07-23T12:50:00Z,webhook-dispatcher,tls_handshake_p95_ms,657.2
2026-07-23T12:50:00Z,webhook-dispatcher,webhook_dispatch_p95_ms,4284.0
2026-07-23T12:51:00Z,billing-api,webhook_confirmation_p99_ms,7142.9
2026-07-23T12:51:00Z,billing-api,webhook_retry_queue_depth,824.7071
2026-07-23T12:51:00Z,partner-sync-worker,records_processed_per_min,238.5
2026-07-23T12:51:00Z,partner-sync-worker,sync_backlog_depth,22.1
2026-07-23T12:51:00Z,partner-sync-worker,sync_lag_s,5.3558
2026-07-23T12:51:00Z,webhook-dispatcher,container_memory_rss_mb,489.1
2026-07-23T12:51:00Z,webhook-dispatcher,tcp_new_conns_per_s,510.9
2026-07-23T12:51:00Z,webhook-dispatcher,tls_handshake_p95_ms,657.3
2026-07-23T12:51:00Z,webhook-dispatcher,webhook_dispatch_p95_ms,4223.3
2026-07-23T12:52:00Z,billing-api,webhook_confirmation_p99_ms,6573.7
2026-07-23T12:52:00Z,billing-api,webhook_retry_queue_depth,821.1585
2026-07-23T12:52:00Z,partner-sync-worker,records_processed_per_min,222.4
2026-07-23T12:52:00Z,partner-sync-worker,sync_backlog_depth,19.4
2026-07-23T12:52:00Z,partner-sync-worker,sync_lag_s,5.7341
2026-07-23T12:52:00Z,webhook-dispatcher,container_memory_rss_mb,478.0
2026-07-23T12:52:00Z,webhook-dispatcher,tcp_new_conns_per_s,496.6
2026-07-23T12:52:00Z,webhook-dispatcher,tls_handshake_p95_ms,647.4
2026-07-23T12:52:00Z,webhook-dispatcher,webhook_dispatch_p95_ms,4076.9
2026-07-23T12:53:00Z,billing-api,webhook_confirmation_p99_ms,6459.0
2026-07-23T12:53:00Z,billing-api,webhook_retry_queue_depth,879.2616
2026-07-23T12:53:00Z,partner-sync-worker,records_processed_per_min,243.0
2026-07-23T12:53:00Z,partner-sync-worker,sync_backlog_depth,20.9
2026-07-23T12:53:00Z,partner-sync-worker,sync_lag_s,6.49
2026-07-23T12:53:00Z,webhook-dispatcher,container_memory_rss_mb,485.4
2026-07-23T12:53:00Z,webhook-dispatcher,tcp_new_conns_per_s,483.3
2026-07-23T12:53:00Z,webhook-dispatcher,tls_handshake_p95_ms,676.3
2026-07-23T12:53:00Z,webhook-dispatcher,webhook_dispatch_p95_ms,4373.2
2026-07-23T12:54:00Z,billing-api,webhook_confirmation_p99_ms,6578.1
2026-07-23T12:54:00Z,billing-api,webhook_retry_queue_depth,864.6309
2026-07-23T12:54:00Z,partner-sync-worker,records_processed_per_min,228.3
2026-07-23T12:54:00Z,partner-sync-worker,sync_backlog_depth,18.5
2026-07-23T12:54:00Z,partner-sync-worker,sync_lag_s,6.4033
2026-07-23T12:54:00Z,webhook-dispatcher,container_memory_rss_mb,475.5
2026-07-23T12:54:00Z,webhook-dispatcher,tcp_new_conns_per_s,439.9
2026-07-23T12:54:00Z,webhook-dispatcher,tls_handshake_p95_ms,679.6
2026-07-23T12:54:00Z,webhook-dispatcher,webhook_dispatch_p95_ms,4457.6
2026-07-23T12:55:00Z,billing-api,webhook_confirmation_p99_ms,6479.9
2026-07-23T12:55:00Z,billing-api,webhook_retry_queue_depth,899.3411
2026-07-23T12:55:00Z,partner-sync-worker,records_processed_per_min,238.2
2026-07-23T12:55:00Z,partner-sync-worker,sync_backlog_depth,21.4
2026-07-23T12:55:00Z,partner-sync-worker,sync_lag_s,6.7127
2026-07-23T12:55:00Z,webhook-dispatcher,container_memory_rss_mb,480.7
2026-07-23T12:55:00Z,webhook-dispatcher,tcp_new_conns_per_s,459.2
2026-07-23T12:55:00Z,webhook-dispatcher,tls_handshake_p95_ms,626.2
2026-07-23T12:55:00Z,webhook-dispatcher,webhook_dispatch_p95_ms,4100.4
2026-07-23T12:56:00Z,billing-api,webhook_confirmation_p99_ms,7171.5
2026-07-23T12:56:00Z,billing-api,webhook_retry_queue_depth,963.2236
2026-07-23T12:56:00Z,partner-sync-worker,records_processed_per_min,262.2
2026-07-23T12:56:00Z,partner-sync-worker,sync_backlog_depth,18.5
2026-07-23T12:56:00Z,partner-sync-worker,sync_lag_s,6.2377
2026-07-23T12:56:00Z,webhook-dispatcher,container_memory_rss_mb,474.9
2026-07-23T12:56:00Z,webhook-dispatcher,tcp_new_conns_per_s,488.6
2026-07-23T12:56:00Z,webhook-dispatcher,tls_handshake_p95_ms,672.2
2026-07-23T12:56:00Z,webhook-dispatcher,webhook_dispatch_p95_ms,4302.9
2026-07-23T12:57:00Z,billing-api,webhook_confirmation_p99_ms,6413.6
2026-07-23T12:57:00Z,billing-api,webhook_retry_queue_depth,898.7906
2026-07-23T12:57:00Z,partner-sync-worker,records_processed_per_min,262.4
2026-07-23T12:57:00Z,partner-sync-worker,sync_backlog_depth,19.8
2026-07-23T12:57:00Z,partner-sync-worker,sync_lag_s,6.0011
2026-07-23T12:57:00Z,webhook-dispatcher,container_memory_rss_mb,469.8
2026-07-23T12:57:00Z,webhook-dispatcher,tcp_new_conns_per_s,461.3
2026-07-23T12:57:00Z,webhook-dispatcher,tls_handshake_p95_ms,649.3
2026-07-23T12:57:00Z,webhook-dispatcher,webhook_dispatch_p95_ms,4057.8
2026-07-23T12:58:00Z,billing-api,webhook_confirmation_p99_ms,6776.7
2026-07-23T12:58:00Z,billing-api,webhook_retry_queue_depth,982.2989
2026-07-23T12:58:00Z,partner-sync-worker,records_processed_per_min,240.4
2026-07-23T12:58:00Z,partner-sync-worker,sync_backlog_depth,18.8
2026-07-23T12:58:00Z,partner-sync-worker,sync_lag_s,5.5426
2026-07-23T12:58:00Z,webhook-dispatcher,container_memory_rss_mb,483.1
2026-07-23T12:58:00Z,webhook-dispatcher,tcp_new_conns_per_s,451.6
2026-07-23T12:58:00Z,webhook-dispatcher,tls_handshake_p95_ms,622.9
2026-07-23T12:58:00Z,webhook-dispatcher,webhook_dispatch_p95_ms,4535.6
2026-07-23T12:59:00Z,billing-api,webhook_confirmation_p99_ms,7123.0
2026-07-23T12:59:00Z,billing-api,webhook_retry_queue_depth,936.7986
2026-07-23T12:59:00Z,partner-sync-worker,records_processed_per_min,224.0
2026-07-23T12:59:00Z,partner-sync-worker,sync_backlog_depth,21.6
2026-07-23T12:59:00Z,partner-sync-worker,sync_lag_s,5.5308
2026-07-23T12:59:00Z,webhook-dispatcher,container_memory_rss_mb,482.3
2026-07-23T12:59:00Z,webhook-dispatcher,tcp_new_conns_per_s,468.2
2026-07-23T12:59:00Z,webhook-dispatcher,tls_handshake_p95_ms,679.1
2026-07-23T12:59:00Z,webhook-dispatcher,webhook_dispatch_p95_ms,4508.0
2026-07-23T13:00:00Z,billing-api,webhook_confirmation_p99_ms,6477.5
2026-07-23T13:00:00Z,billing-api,webhook_retry_queue_depth,887.2179
2026-07-23T13:00:00Z,partner-sync-worker,records_processed_per_min,236.1
2026-07-23T13:00:00Z,partner-sync-worker,sync_backlog_depth,22.3
2026-07-23T13:00:00Z,partner-sync-worker,sync_lag_s,6.658
2026-07-23T13:00:00Z,webhook-dispatcher,container_memory_rss_mb,478.8
2026-07-23T13:00:00Z,webhook-dispatcher,tcp_new_conns_per_s,462.8
2026-07-23T13:00:00Z,webhook-dispatcher,tls_handshake_p95_ms,683.8
2026-07-23T13:00:00Z,webhook-dispatcher,webhook_dispatch_p95_ms,4473.8
2026-07-23T13:01:00Z,billing-api,webhook_confirmation_p99_ms,6470.1
2026-07-23T13:01:00Z,billing-api,webhook_retry_queue_depth,927.5653
2026-07-23T13:01:00Z,partner-sync-worker,records_processed_per_min,255.9
2026-07-23T13:01:00Z,partner-sync-worker,sync_backlog_depth,18.1
2026-07-23T13:01:00Z,partner-sync-worker,sync_lag_s,6.2046
2026-07-23T13:01:00Z,webhook-dispatcher,container_memory_rss_mb,486.8
2026-07-23T13:01:00Z,webhook-dispatcher,tcp_new_conns_per_s,504.9
2026-07-23T13:01:00Z,webhook-dispatcher,tls_handshake_p95_ms,592.7
2026-07-23T13:01:00Z,webhook-dispatcher,webhook_dispatch_p95_ms,4094.7
2026-07-23T13:02:00Z,billing-api,webhook_confirmation_p99_ms,6781.5
2026-07-23T13:02:00Z,billing-api,webhook_retry_queue_depth,908.5695
2026-07-23T13:02:00Z,partner-sync-worker,records_processed_per_min,248.9
2026-07-23T13:02:00Z,partner-sync-worker,sync_backlog_depth,20.5
2026-07-23T13:02:00Z,partner-sync-worker,sync_lag_s,6.8563
2026-07-23T13:02:00Z,webhook-dispatcher,container_memory_rss_mb,467.4
2026-07-23T13:02:00Z,webhook-dispatcher,tcp_new_conns_per_s,519.1
2026-07-23T13:02:00Z,webhook-dispatcher,tls_handshake_p95_ms,667.7
2026-07-23T13:02:00Z,webhook-dispatcher,webhook_dispatch_p95_ms,4573.5
2026-07-23T13:03:00Z,billing-api,webhook_confirmation_p99_ms,6883.6
2026-07-23T13:03:00Z,billing-api,webhook_retry_queue_depth,915.4209
2026-07-23T13:03:00Z,partner-sync-worker,records_processed_per_min,246.8
2026-07-23T13:03:00Z,partner-sync-worker,sync_backlog_depth,21.1
2026-07-23T13:03:00Z,partner-sync-worker,sync_lag_s,6.3612
2026-07-23T13:03:00Z,webhook-dispatcher,container_memory_rss_mb,472.4
2026-07-23T13:03:00Z,webhook-dispatcher,tcp_new_conns_per_s,513.8
2026-07-23T13:03:00Z,webhook-dispatcher,tls_handshake_p95_ms,596.0
2026-07-23T13:03:00Z,webhook-dispatcher,webhook_dispatch_p95_ms,4551.9
2026-07-23T13:04:00Z,billing-api,webhook_confirmation_p99_ms,7121.1
2026-07-23T13:04:00Z,billing-api,webhook_retry_queue_depth,967.1575
2026-07-23T13:04:00Z,partner-sync-worker,records_processed_per_min,255.0
2026-07-23T13:04:00Z,partner-sync-worker,sync_backlog_depth,19.5
2026-07-23T13:04:00Z,partner-sync-worker,sync_lag_s,6.505
2026-07-23T13:04:00Z,webhook-dispatcher,container_memory_rss_mb,486.9
2026-07-23T13:04:00Z,webhook-dispatcher,tcp_new_conns_per_s,512.0
2026-07-23T13:04:00Z,webhook-dispatcher,tls_handshake_p95_ms,628.0
2026-07-23T13:04:00Z,webhook-dispatcher,webhook_dispatch_p95_ms,4156.5
2026-07-23T13:05:00Z,billing-api,webhook_confirmation_p99_ms,6434.3
2026-07-23T13:05:00Z,billing-api,webhook_retry_queue_depth,887.7077
2026-07-23T13:05:00Z,partner-sync-worker,records_processed_per_min,224.7
2026-07-23T13:05:00Z,partner-sync-worker,sync_backlog_depth,19.3
2026-07-23T13:05:00Z,partner-sync-worker,sync_lag_s,5.1136
2026-07-23T13:05:00Z,webhook-dispatcher,container_memory_rss_mb,480.9
2026-07-23T13:05:00Z,webhook-dispatcher,tcp_new_conns_per_s,447.7
2026-07-23T13:05:00Z,webhook-dispatcher,tls_handshake_p95_ms,689.3
2026-07-23T13:05:00Z,webhook-dispatcher,webhook_dispatch_p95_ms,4524.2
2026-07-23T13:06:00Z,billing-api,webhook_confirmation_p99_ms,6622.0
2026-07-23T13:06:00Z,billing-api,webhook_retry_queue_depth,941.2419
2026-07-23T13:06:00Z,partner-sync-worker,records_processed_per_min,224.0
2026-07-23T13:06:00Z,partner-sync-worker,sync_backlog_depth,21.0
2026-07-23T13:06:00Z,partner-sync-worker,sync_lag_s,5.2948
2026-07-23T13:06:00Z,webhook-dispatcher,container_memory_rss_mb,490.2
2026-07-23T13:06:00Z,webhook-dispatcher,tcp_new_conns_per_s,486.9
2026-07-23T13:06:00Z,webhook-dispatcher,tls_handshake_p95_ms,610.6
2026-07-23T13:06:00Z,webhook-dispatcher,webhook_dispatch_p95_ms,4397.0
2026-07-23T13:07:00Z,billing-api,webhook_confirmation_p99_ms,6673.0
2026-07-23T13:07:00Z,billing-api,webhook_retry_queue_depth,942.967
2026-07-23T13:07:00Z,partner-sync-worker,records_processed_per_min,228.1
2026-07-23T13:07:00Z,partner-sync-worker,sync_backlog_depth,20.6
2026-07-23T13:07:00Z,partner-sync-worker,sync_lag_s,6.1082
2026-07-23T13:07:00Z,webhook-dispatcher,container_memory_rss_mb,473.8
2026-07-23T13:07:00Z,webhook-dispatcher,tcp_new_conns_per_s,514.3
2026-07-23T13:07:00Z,webhook-dispatcher,tls_handshake_p95_ms,654.7
2026-07-23T13:07:00Z,webhook-dispatcher,webhook_dispatch_p95_ms,4236.7
2026-07-23T13:08:00Z,billing-api,webhook_confirmation_p99_ms,6877.8
2026-07-23T13:08:00Z,billing-api,webhook_retry_queue_depth,876.4848
2026-07-23T13:08:00Z,partner-sync-worker,records_processed_per_min,262.9
2026-07-23T13:08:00Z,partner-sync-worker,sync_backlog_depth,20.3
2026-07-23T13:08:00Z,partner-sync-worker,sync_lag_s,6.4463
2026-07-23T13:08:00Z,webhook-dispatcher,container_memory_rss_mb,491.2
2026-07-23T13:08:00Z,webhook-dispatcher,tcp_new_conns_per_s,464.6
2026-07-23T13:08:00Z,webhook-dispatcher,tls_handshake_p95_ms,645.3
2026-07-23T13:08:00Z,webhook-dispatcher,webhook_dispatch_p95_ms,4538.7
2026-07-23T13:09:00Z,billing-api,webhook_confirmation_p99_ms,6852.1
2026-07-23T13:09:00Z,billing-api,webhook_retry_queue_depth,843.0769
2026-07-23T13:09:00Z,partner-sync-worker,records_processed_per_min,241.0
2026-07-23T13:09:00Z,partner-sync-worker,sync_backlog_depth,21.1
2026-07-23T13:09:00Z,partner-sync-worker,sync_lag_s,5.2706
2026-07-23T13:09:00Z,webhook-dispatcher,container_memory_rss_mb,494.1
2026-07-23T13:09:00Z,webhook-dispatcher,tcp_new_conns_per_s,478.6
2026-07-23T13:09:00Z,webhook-dispatcher,tls_handshake_p95_ms,618.0
2026-07-23T13:09:00Z,webhook-dispatcher,webhook_dispatch_p95_ms,4018.9
2026-07-23T13:10:00Z,billing-api,webhook_confirmation_p99_ms,6792.1
2026-07-23T13:10:00Z,billing-api,webhook_retry_queue_depth,819.2158
2026-07-23T13:10:00Z,partner-sync-worker,records_processed_per_min,225.7
2026-07-23T13:10:00Z,partner-sync-worker,sync_backlog_depth,18.9
2026-07-23T13:10:00Z,partner-sync-worker,sync_lag_s,6.8128
2026-07-23T13:10:00Z,webhook-dispatcher,container_memory_rss_mb,487.4
2026-07-23T13:10:00Z,webhook-dispatcher,tcp_new_conns_per_s,492.8
2026-07-23T13:10:00Z,webhook-dispatcher,tls_handshake_p95_ms,604.0
2026-07-23T13:10:00Z,webhook-dispatcher,webhook_dispatch_p95_ms,4400.4
2026-07-23T13:11:00Z,billing-api,webhook_confirmation_p99_ms,7101.2
2026-07-23T13:11:00Z,billing-api,webhook_retry_queue_depth,960.9283
2026-07-23T13:11:00Z,partner-sync-worker,records_processed_per_min,236.8
2026-07-23T13:11:00Z,partner-sync-worker,sync_backlog_depth,20.3
2026-07-23T13:11:00Z,partner-sync-worker,sync_lag_s,5.658
2026-07-23T13:11:00Z,webhook-dispatcher,container_memory_rss_mb,469.0
2026-07-23T13:11:00Z,webhook-dispatcher,tcp_new_conns_per_s,457.2
2026-07-23T13:11:00Z,webhook-dispatcher,tls_handshake_p95_ms,687.2
2026-07-23T13:11:00Z,webhook-dispatcher,webhook_dispatch_p95_ms,4054.1
2026-07-23T13:12:00Z,billing-api,webhook_confirmation_p99_ms,6588.8
2026-07-23T13:12:00Z,billing-api,webhook_retry_queue_depth,979.6792
2026-07-23T13:12:00Z,partner-sync-worker,records_processed_per_min,260.6
2026-07-23T13:12:00Z,partner-sync-worker,sync_backlog_depth,19.8
2026-07-23T13:12:00Z,partner-sync-worker,sync_lag_s,6.2007
2026-07-23T13:12:00Z,webhook-dispatcher,container_memory_rss_mb,472.7
2026-07-23T13:12:00Z,webhook-dispatcher,tcp_new_conns_per_s,501.5
2026-07-23T13:12:00Z,webhook-dispatcher,tls_handshake_p95_ms,622.4
2026-07-23T13:12:00Z,webhook-dispatcher,webhook_dispatch_p95_ms,4498.6
2026-07-23T13:13:00Z,billing-api,webhook_confirmation_p99_ms,6741.3
2026-07-23T13:13:00Z,billing-api,webhook_retry_queue_depth,821.1454
2026-07-23T13:13:00Z,partner-sync-worker,records_processed_per_min,236.9
2026-07-23T13:13:00Z,partner-sync-worker,sync_backlog_depth,19.4
2026-07-23T13:13:00Z,partner-sync-worker,sync_lag_s,5.8048
2026-07-23T13:13:00Z,webhook-dispatcher,container_memory_rss_mb,488.8
2026-07-23T13:13:00Z,webhook-dispatcher,tcp_new_conns_per_s,469.8
2026-07-23T13:13:00Z,webhook-dispatcher,tls_handshake_p95_ms,611.7
2026-07-23T13:13:00Z,webhook-dispatcher,webhook_dispatch_p95_ms,4384.1
2026-07-23T13:14:00Z,billing-api,webhook_confirmation_p99_ms,6929.2
2026-07-23T13:14:00Z,billing-api,webhook_retry_queue_depth,900.6243
2026-07-23T13:14:00Z,partner-sync-worker,records_processed_per_min,232.0
2026-07-23T13:14:00Z,partner-sync-worker,sync_backlog_depth,20.4
2026-07-23T13:14:00Z,partner-sync-worker,sync_lag_s,5.94
2026-07-23T13:14:00Z,webhook-dispatcher,container_memory_rss_mb,479.3
2026-07-23T13:14:00Z,webhook-dispatcher,tcp_new_conns_per_s,448.7
2026-07-23T13:14:00Z,webhook-dispatcher,tls_handshake_p95_ms,615.4
2026-07-23T13:14:00Z,webhook-dispatcher,webhook_dispatch_p95_ms,4285.1
2026-07-23T13:15:00Z,billing-api,webhook_confirmation_p99_ms,7084.4
2026-07-23T13:15:00Z,billing-api,webhook_retry_queue_depth,817.5104
2026-07-23T13:15:00Z,partner-sync-worker,records_processed_per_min,243.1
2026-07-23T13:15:00Z,partner-sync-worker,sync_backlog_depth,18.6
2026-07-23T13:15:00Z,partner-sync-worker,sync_lag_s,6.4277
2026-07-23T13:15:00Z,webhook-dispatcher,container_memory_rss_mb,473.6
2026-07-23T13:15:00Z,webhook-dispatcher,tcp_new_conns_per_s,505.4
2026-07-23T13:15:00Z,webhook-dispatcher,tls_handshake_p95_ms,656.3
2026-07-23T13:15:00Z,webhook-dispatcher,webhook_dispatch_p95_ms,4448.0
2026-07-23T13:16:00Z,billing-api,webhook_confirmation_p99_ms,6781.4
2026-07-23T13:16:00Z,billing-api,webhook_retry_queue_depth,881.7203
2026-07-23T13:16:00Z,partner-sync-worker,records_processed_per_min,249.1
2026-07-23T13:16:00Z,partner-sync-worker,sync_backlog_depth,20.4
2026-07-23T13:16:00Z,partner-sync-worker,sync_lag_s,5.1015
2026-07-23T13:16:00Z,webhook-dispatcher,container_memory_rss_mb,472.3
2026-07-23T13:16:00Z,webhook-dispatcher,tcp_new_conns_per_s,508.2
2026-07-23T13:16:00Z,webhook-dispatcher,tls_handshake_p95_ms,661.2
2026-07-23T13:16:00Z,webhook-dispatcher,webhook_dispatch_p95_ms,4316.8
2026-07-23T13:17:00Z,billing-api,webhook_confirmation_p99_ms,6476.0
2026-07-23T13:17:00Z,billing-api,webhook_retry_queue_depth,908.2874
2026-07-23T13:17:00Z,partner-sync-worker,records_processed_per_min,258.7
2026-07-23T13:17:00Z,partner-sync-worker,sync_backlog_depth,19.2
2026-07-23T13:17:00Z,partner-sync-worker,sync_lag_s,6.8932
2026-07-23T13:17:00Z,webhook-dispatcher,container_memory_rss_mb,491.4
2026-07-23T13:17:00Z,webhook-dispatcher,tcp_new_conns_per_s,435.8
2026-07-23T13:17:00Z,webhook-dispatcher,tls_handshake_p95_ms,687.9
2026-07-23T13:17:00Z,webhook-dispatcher,webhook_dispatch_p95_ms,4275.8
2026-07-23T13:18:00Z,billing-api,webhook_confirmation_p99_ms,6500.0
2026-07-23T13:18:00Z,billing-api,webhook_retry_queue_depth,848.6854
2026-07-23T13:18:00Z,partner-sync-worker,records_processed_per_min,216.5
2026-07-23T13:18:00Z,partner-sync-worker,sync_backlog_depth,20.7
2026-07-23T13:18:00Z,partner-sync-worker,sync_lag_s,5.7745
2026-07-23T13:18:00Z,webhook-dispatcher,container_memory_rss_mb,467.4
2026-07-23T13:18:00Z,webhook-dispatcher,tcp_new_conns_per_s,492.7
2026-07-23T13:18:00Z,webhook-dispatcher,tls_handshake_p95_ms,664.8
2026-07-23T13:18:00Z,webhook-dispatcher,webhook_dispatch_p95_ms,4323.4
2026-07-23T13:19:00Z,billing-api,webhook_confirmation_p99_ms,7004.3
2026-07-23T13:19:00Z,billing-api,webhook_retry_queue_depth,980.9634
2026-07-23T13:19:00Z,partner-sync-worker,records_processed_per_min,232.0
2026-07-23T13:19:00Z,partner-sync-worker,sync_backlog_depth,18.8
2026-07-23T13:19:00Z,partner-sync-worker,sync_lag_s,5.6257
2026-07-23T13:19:00Z,webhook-dispatcher,container_memory_rss_mb,482.0
2026-07-23T13:19:00Z,webhook-dispatcher,tcp_new_conns_per_s,440.0
2026-07-23T13:19:00Z,webhook-dispatcher,tls_handshake_p95_ms,635.3
2026-07-23T13:19:00Z,webhook-dispatcher,webhook_dispatch_p95_ms,4433.3
2026-07-23T13:20:00Z,billing-api,webhook_confirmation_p99_ms,6675.7
2026-07-23T13:20:00Z,billing-api,webhook_retry_queue_depth,854.1725
2026-07-23T13:20:00Z,partner-sync-worker,records_processed_per_min,254.1
2026-07-23T13:20:00Z,partner-sync-worker,sync_backlog_depth,20.9
2026-07-23T13:20:00Z,partner-sync-worker,sync_lag_s,5.2799
2026-07-23T13:20:00Z,webhook-dispatcher,container_memory_rss_mb,483.1
2026-07-23T13:20:00Z,webhook-dispatcher,tcp_new_conns_per_s,505.7
2026-07-23T13:20:00Z,webhook-dispatcher,tls_handshake_p95_ms,599.2
2026-07-23T13:20:00Z,webhook-dispatcher,webhook_dispatch_p95_ms,4593.8
2026-07-23T13:21:00Z,billing-api,webhook_confirmation_p99_ms,6791.3
2026-07-23T13:21:00Z,billing-api,webhook_retry_queue_depth,877.6209
2026-07-23T13:21:00Z,partner-sync-worker,records_processed_per_min,244.2
2026-07-23T13:21:00Z,partner-sync-worker,sync_backlog_depth,21.7
2026-07-23T13:21:00Z,partner-sync-worker,sync_lag_s,5.6731
2026-07-23T13:21:00Z,webhook-dispatcher,container_memory_rss_mb,489.1
2026-07-23T13:21:00Z,webhook-dispatcher,tcp_new_conns_per_s,499.2
2026-07-23T13:21:00Z,webhook-dispatcher,tls_handshake_p95_ms,614.1
2026-07-23T13:21:00Z,webhook-dispatcher,webhook_dispatch_p95_ms,4418.5
2026-07-23T13:22:00Z,billing-api,webhook_confirmation_p99_ms,6669.5
2026-07-23T13:22:00Z,billing-api,webhook_retry_queue_depth,967.722
2026-07-23T13:22:00Z,partner-sync-worker,records_processed_per_min,236.0
2026-07-23T13:22:00Z,partner-sync-worker,sync_backlog_depth,18.1
2026-07-23T13:22:00Z,partner-sync-worker,sync_lag_s,6.7828
2026-07-23T13:22:00Z,webhook-dispatcher,container_memory_rss_mb,470.1
2026-07-23T13:22:00Z,webhook-dispatcher,tcp_new_conns_per_s,502.0
2026-07-23T13:22:00Z,webhook-dispatcher,tls_handshake_p95_ms,667.4
2026-07-23T13:22:00Z,webhook-dispatcher,webhook_dispatch_p95_ms,4063.5
2026-07-23T13:23:00Z,billing-api,webhook_confirmation_p99_ms,7074.8
2026-07-23T13:23:00Z,billing-api,webhook_retry_queue_depth,869.106
2026-07-23T13:23:00Z,partner-sync-worker,records_processed_per_min,222.8
2026-07-23T13:23:00Z,partner-sync-worker,sync_backlog_depth,18.2
2026-07-23T13:23:00Z,partner-sync-worker,sync_lag_s,6.8219
2026-07-23T13:23:00Z,webhook-dispatcher,container_memory_rss_mb,485.8
2026-07-23T13:23:00Z,webhook-dispatcher,tcp_new_conns_per_s,500.6
2026-07-23T13:23:00Z,webhook-dispatcher,tls_handshake_p95_ms,612.7
2026-07-23T13:23:00Z,webhook-dispatcher,webhook_dispatch_p95_ms,4206.1
2026-07-23T13:24:00Z,billing-api,webhook_confirmation_p99_ms,6432.6
2026-07-23T13:24:00Z,billing-api,webhook_retry_queue_depth,910.1834
2026-07-23T13:24:00Z,partner-sync-worker,records_processed_per_min,262.3
2026-07-23T13:24:00Z,partner-sync-worker,sync_backlog_depth,20.2
2026-07-23T13:24:00Z,partner-sync-worker,sync_lag_s,5.8447
2026-07-23T13:24:00Z,webhook-dispatcher,container_memory_rss_mb,471.1
2026-07-23T13:24:00Z,webhook-dispatcher,tcp_new_conns_per_s,487.2
2026-07-23T13:24:00Z,webhook-dispatcher,tls_handshake_p95_ms,615.5
2026-07-23T13:24:00Z,webhook-dispatcher,webhook_dispatch_p95_ms,4279.2
2026-07-23T13:25:00Z,billing-api,webhook_confirmation_p99_ms,6997.1
2026-07-23T13:25:00Z,billing-api,webhook_retry_queue_depth,811.6029
2026-07-23T13:25:00Z,partner-sync-worker,records_processed_per_min,258.4
2026-07-23T13:25:00Z,partner-sync-worker,sync_backlog_depth,21.7
2026-07-23T13:25:00Z,partner-sync-worker,sync_lag_s,6.5325
2026-07-23T13:25:00Z,webhook-dispatcher,container_memory_rss_mb,483.2
2026-07-23T13:25:00Z,webhook-dispatcher,tcp_new_conns_per_s,486.2
2026-07-23T13:25:00Z,webhook-dispatcher,tls_handshake_p95_ms,635.5
2026-07-23T13:25:00Z,webhook-dispatcher,webhook_dispatch_p95_ms,4003.1
2026-07-23T13:26:00Z,billing-api,webhook_confirmation_p99_ms,6971.8
2026-07-23T13:26:00Z,billing-api,webhook_retry_queue_depth,899.2322
2026-07-23T13:26:00Z,partner-sync-worker,records_processed_per_min,232.8
2026-07-23T13:26:00Z,partner-sync-worker,sync_backlog_depth,19.0
2026-07-23T13:26:00Z,partner-sync-worker,sync_lag_s,5.777
2026-07-23T13:26:00Z,webhook-dispatcher,container_memory_rss_mb,488.2
2026-07-23T13:26:00Z,webhook-dispatcher,tcp_new_conns_per_s,503.2
2026-07-23T13:26:00Z,webhook-dispatcher,tls_handshake_p95_ms,620.7
2026-07-23T13:26:00Z,webhook-dispatcher,webhook_dispatch_p95_ms,4001.8
2026-07-23T13:27:00Z,billing-api,webhook_confirmation_p99_ms,6718.6
2026-07-23T13:27:00Z,billing-api,webhook_retry_queue_depth,833.9456
2026-07-23T13:27:00Z,partner-sync-worker,records_processed_per_min,234.9
2026-07-23T13:27:00Z,partner-sync-worker,sync_backlog_depth,19.6
2026-07-23T13:27:00Z,partner-sync-worker,sync_lag_s,5.1097
2026-07-23T13:27:00Z,webhook-dispatcher,container_memory_rss_mb,483.3
2026-07-23T13:27:00Z,webhook-dispatcher,tcp_new_conns_per_s,492.0
2026-07-23T13:27:00Z,webhook-dispatcher,tls_handshake_p95_ms,680.7
2026-07-23T13:27:00Z,webhook-dispatcher,webhook_dispatch_p95_ms,4524.5
2026-07-23T13:28:00Z,billing-api,webhook_confirmation_p99_ms,6695.5
2026-07-23T13:28:00Z,billing-api,webhook_retry_queue_depth,858.8052
2026-07-23T13:28:00Z,partner-sync-worker,records_processed_per_min,223.7
2026-07-23T13:28:00Z,partner-sync-worker,sync_backlog_depth,21.8
2026-07-23T13:28:00Z,partner-sync-worker,sync_lag_s,5.5458
2026-07-23T13:28:00Z,webhook-dispatcher,container_memory_rss_mb,475.7
2026-07-23T13:28:00Z,webhook-dispatcher,tcp_new_conns_per_s,511.8
2026-07-23T13:28:00Z,webhook-dispatcher,tls_handshake_p95_ms,647.9
2026-07-23T13:28:00Z,webhook-dispatcher,webhook_dispatch_p95_ms,4598.2
2026-07-23T13:29:00Z,billing-api,webhook_confirmation_p99_ms,6491.0
2026-07-23T13:29:00Z,billing-api,webhook_retry_queue_depth,938.5957
2026-07-23T13:29:00Z,partner-sync-worker,records_processed_per_min,263.2
2026-07-23T13:29:00Z,partner-sync-worker,sync_backlog_depth,20.4
2026-07-23T13:29:00Z,partner-sync-worker,sync_lag_s,6.1295
2026-07-23T13:29:00Z,webhook-dispatcher,container_memory_rss_mb,473.5
2026-07-23T13:29:00Z,webhook-dispatcher,tcp_new_conns_per_s,518.3
2026-07-23T13:29:00Z,webhook-dispatcher,tls_handshake_p95_ms,650.7
2026-07-23T13:29:00Z,webhook-dispatcher,webhook_dispatch_p95_ms,4356.8
2026-07-23T13:30:00Z,billing-api,webhook_confirmation_p99_ms,6869.1
2026-07-23T13:30:00Z,billing-api,webhook_retry_queue_depth,959.9808
2026-07-23T13:30:00Z,partner-sync-worker,records_processed_per_min,259.8
2026-07-23T13:30:00Z,partner-sync-worker,sync_backlog_depth,19.6
2026-07-23T13:30:00Z,partner-sync-worker,sync_lag_s,5.9384
2026-07-23T13:30:00Z,webhook-dispatcher,container_memory_rss_mb,467.4
2026-07-23T13:30:00Z,webhook-dispatcher,tcp_new_conns_per_s,436.3
2026-07-23T13:30:00Z,webhook-dispatcher,tls_handshake_p95_ms,631.7
2026-07-23T13:30:00Z,webhook-dispatcher,webhook_dispatch_p95_ms,4541.9
2026-07-23T13:31:00Z,billing-api,webhook_confirmation_p99_ms,6809.6
2026-07-23T13:31:00Z,billing-api,webhook_retry_queue_depth,969.3584
2026-07-23T13:31:00Z,partner-sync-worker,records_processed_per_min,240.8
2026-07-23T13:31:00Z,partner-sync-worker,sync_backlog_depth,19.1
2026-07-23T13:31:00Z,partner-sync-worker,sync_lag_s,5.9459
2026-07-23T13:31:00Z,webhook-dispatcher,container_memory_rss_mb,489.5
2026-07-23T13:31:00Z,webhook-dispatcher,tcp_new_conns_per_s,497.6
2026-07-23T13:31:00Z,webhook-dispatcher,tls_handshake_p95_ms,673.6
2026-07-23T13:31:00Z,webhook-dispatcher,webhook_dispatch_p95_ms,4302.7
2026-07-23T13:32:00Z,billing-api,webhook_confirmation_p99_ms,6796.2
2026-07-23T13:32:00Z,billing-api,webhook_retry_queue_depth,954.5584
2026-07-23T13:32:00Z,partner-sync-worker,records_processed_per_min,263.7
2026-07-23T13:32:00Z,partner-sync-worker,sync_backlog_depth,19.7
2026-07-23T13:32:00Z,partner-sync-worker,sync_lag_s,6.2833
2026-07-23T13:32:00Z,webhook-dispatcher,container_memory_rss_mb,470.3
2026-07-23T13:32:00Z,webhook-dispatcher,tcp_new_conns_per_s,523.4
2026-07-23T13:32:00Z,webhook-dispatcher,tls_handshake_p95_ms,642.1
2026-07-23T13:32:00Z,webhook-dispatcher,webhook_dispatch_p95_ms,4197.4
2026-07-23T13:33:00Z,billing-api,webhook_confirmation_p99_ms,6588.9
2026-07-23T13:33:00Z,billing-api,webhook_retry_queue_depth,841.8604
2026-07-23T13:33:00Z,partner-sync-worker,records_processed_per_min,254.6
2026-07-23T13:33:00Z,partner-sync-worker,sync_backlog_depth,21.4
2026-07-23T13:33:00Z,partner-sync-worker,sync_lag_s,6.2234
2026-07-23T13:33:00Z,webhook-dispatcher,container_memory_rss_mb,493.2
2026-07-23T13:33:00Z,webhook-dispatcher,tcp_new_conns_per_s,468.1
2026-07-23T13:33:00Z,webhook-dispatcher,tls_handshake_p95_ms,666.0
2026-07-23T13:33:00Z,webhook-dispatcher,webhook_dispatch_p95_ms,4312.1
2026-07-23T13:34:00Z,billing-api,webhook_confirmation_p99_ms,6405.8
2026-07-23T13:34:00Z,billing-api,webhook_retry_queue_depth,903.0288
2026-07-23T13:34:00Z,partner-sync-worker,records_processed_per_min,248.6
2026-07-23T13:34:00Z,partner-sync-worker,sync_backlog_depth,18.7
2026-07-23T13:34:00Z,partner-sync-worker,sync_lag_s,5.803
2026-07-23T13:34:00Z,webhook-dispatcher,container_memory_rss_mb,492.6
2026-07-23T13:34:00Z,webhook-dispatcher,tcp_new_conns_per_s,499.1
2026-07-23T13:34:00Z,webhook-dispatcher,tls_handshake_p95_ms,619.6
2026-07-23T13:34:00Z,webhook-dispatcher,webhook_dispatch_p95_ms,4400.4
2026-07-23T13:35:00Z,billing-api,webhook_confirmation_p99_ms,6929.1
2026-07-23T13:35:00Z,billing-api,webhook_retry_queue_depth,850.6228
2026-07-23T13:35:00Z,partner-sync-worker,records_processed_per_min,217.6
2026-07-23T13:35:00Z,partner-sync-worker,sync_backlog_depth,20.2
2026-07-23T13:35:00Z,partner-sync-worker,sync_lag_s,6.372
2026-07-23T13:35:00Z,webhook-dispatcher,container_memory_rss_mb,474.0
2026-07-23T13:35:00Z,webhook-dispatcher,tcp_new_conns_per_s,448.6
2026-07-23T13:35:00Z,webhook-dispatcher,tls_handshake_p95_ms,651.5
2026-07-23T13:35:00Z,webhook-dispatcher,webhook_dispatch_p95_ms,4128.5
2026-07-23T13:36:00Z,billing-api,webhook_confirmation_p99_ms,6874.6
2026-07-23T13:36:00Z,billing-api,webhook_retry_queue_depth,843.2783
2026-07-23T13:36:00Z,partner-sync-worker,records_processed_per_min,231.2
2026-07-23T13:36:00Z,partner-sync-worker,sync_backlog_depth,18.2
2026-07-23T13:36:00Z,partner-sync-worker,sync_lag_s,5.9179
2026-07-23T13:36:00Z,webhook-dispatcher,container_memory_rss_mb,480.7
2026-07-23T13:36:00Z,webhook-dispatcher,tcp_new_conns_per_s,510.0
2026-07-23T13:36:00Z,webhook-dispatcher,tls_handshake_p95_ms,615.2
2026-07-23T13:36:00Z,webhook-dispatcher,webhook_dispatch_p95_ms,4252.4
2026-07-23T13:37:00Z,billing-api,webhook_confirmation_p99_ms,6887.7
2026-07-23T13:37:00Z,billing-api,webhook_retry_queue_depth,905.8691
2026-07-23T13:37:00Z,partner-sync-worker,records_processed_per_min,247.4
2026-07-23T13:37:00Z,partner-sync-worker,sync_backlog_depth,19.6
2026-07-23T13:37:00Z,partner-sync-worker,sync_lag_s,5.2713
2026-07-23T13:37:00Z,webhook-dispatcher,container_memory_rss_mb,467.8
2026-07-23T13:37:00Z,webhook-dispatcher,tcp_new_conns_per_s,480.7
2026-07-23T13:37:00Z,webhook-dispatcher,tls_handshake_p95_ms,666.5
2026-07-23T13:37:00Z,webhook-dispatcher,webhook_dispatch_p95_ms,4205.8
2026-07-23T13:38:00Z,billing-api,webhook_confirmation_p99_ms,7202.4
2026-07-23T13:38:00Z,billing-api,webhook_retry_queue_depth,907.703
2026-07-23T13:38:00Z,partner-sync-worker,records_processed_per_min,224.8
2026-07-23T13:38:00Z,partner-sync-worker,sync_backlog_depth,18.0
2026-07-23T13:38:00Z,partner-sync-worker,sync_lag_s,6.5839
2026-07-23T13:38:00Z,webhook-dispatcher,container_memory_rss_mb,479.4
2026-07-23T13:38:00Z,webhook-dispatcher,tcp_new_conns_per_s,501.7
2026-07-23T13:38:00Z,webhook-dispatcher,tls_handshake_p95_ms,666.5
2026-07-23T13:38:00Z,webhook-dispatcher,webhook_dispatch_p95_ms,4535.6
2026-07-23T13:39:00Z,billing-api,webhook_confirmation_p99_ms,6583.8
2026-07-23T13:39:00Z,billing-api,webhook_retry_queue_depth,876.8451
2026-07-23T13:39:00Z,partner-sync-worker,records_processed_per_min,256.3
2026-07-23T13:39:00Z,partner-sync-worker,sync_backlog_depth,19.3
2026-07-23T13:39:00Z,partner-sync-worker,sync_lag_s,5.1379
2026-07-23T13:39:00Z,webhook-dispatcher,container_memory_rss_mb,482.6
2026-07-23T13:39:00Z,webhook-dispatcher,tcp_new_conns_per_s,498.5
2026-07-23T13:39:00Z,webhook-dispatcher,tls_handshake_p95_ms,643.4
2026-07-23T13:39:00Z,webhook-dispatcher,webhook_dispatch_p95_ms,4534.0
2026-07-23T13:40:00Z,billing-api,webhook_confirmation_p99_ms,7006.1
2026-07-23T13:40:00Z,billing-api,webhook_retry_queue_depth,848.5608
2026-07-23T13:40:00Z,partner-sync-worker,records_processed_per_min,220.2
2026-07-23T13:40:00Z,partner-sync-worker,sync_backlog_depth,18.0
2026-07-23T13:40:00Z,partner-sync-worker,sync_lag_s,6.1398
2026-07-23T13:40:00Z,webhook-dispatcher,container_memory_rss_mb,490.2
2026-07-23T13:40:00Z,webhook-dispatcher,tcp_new_conns_per_s,459.7
2026-07-23T13:40:00Z,webhook-dispatcher,tls_handshake_p95_ms,666.1
2026-07-23T13:40:00Z,webhook-dispatcher,webhook_dispatch_p95_ms,4081.4
2026-07-23T13:41:00Z,billing-api,webhook_confirmation_p99_ms,6703.4
2026-07-23T13:41:00Z,billing-api,webhook_retry_queue_depth,927.1667
2026-07-23T13:41:00Z,partner-sync-worker,records_processed_per_min,257.8
2026-07-23T13:41:00Z,partner-sync-worker,sync_backlog_depth,19.9
2026-07-23T13:41:00Z,partner-sync-worker,sync_lag_s,5.3569
2026-07-23T13:41:00Z,webhook-dispatcher,container_memory_rss_mb,484.8
2026-07-23T13:41:00Z,webhook-dispatcher,tcp_new_conns_per_s,459.5
2026-07-23T13:41:00Z,webhook-dispatcher,tls_handshake_p95_ms,610.5
2026-07-23T13:41:00Z,webhook-dispatcher,webhook_dispatch_p95_ms,4288.9
2026-07-23T13:42:00Z,billing-api,webhook_confirmation_p99_ms,6776.3
2026-07-23T13:42:00Z,billing-api,webhook_retry_queue_depth,984.0813
2026-07-23T13:42:00Z,partner-sync-worker,records_processed_per_min,233.5
2026-07-23T13:42:00Z,partner-sync-worker,sync_backlog_depth,20.1
2026-07-23T13:42:00Z,partner-sync-worker,sync_lag_s,5.3043
2026-07-23T13:42:00Z,webhook-dispatcher,container_memory_rss_mb,470.2
2026-07-23T13:42:00Z,webhook-dispatcher,tcp_new_conns_per_s,452.7
2026-07-23T13:42:00Z,webhook-dispatcher,tls_handshake_p95_ms,613.2
2026-07-23T13:42:00Z,webhook-dispatcher,webhook_dispatch_p95_ms,4060.1
2026-07-23T13:43:00Z,billing-api,webhook_confirmation_p99_ms,6699.3
2026-07-23T13:43:00Z,billing-api,webhook_retry_queue_depth,830.3781
2026-07-23T13:43:00Z,partner-sync-worker,records_processed_per_min,223.0
2026-07-23T13:43:00Z,partner-sync-worker,sync_backlog_depth,17.9
2026-07-23T13:43:00Z,partner-sync-worker,sync_lag_s,5.4568
2026-07-23T13:43:00Z,webhook-dispatcher,container_memory_rss_mb,474.7
2026-07-23T13:43:00Z,webhook-dispatcher,tcp_new_conns_per_s,517.2
2026-07-23T13:43:00Z,webhook-dispatcher,tls_handshake_p95_ms,621.2
2026-07-23T13:43:00Z,webhook-dispatcher,webhook_dispatch_p95_ms,4380.3
2026-07-23T13:44:00Z,billing-api,webhook_confirmation_p99_ms,6736.1
2026-07-23T13:44:00Z,billing-api,webhook_retry_queue_depth,907.2377
2026-07-23T13:44:00Z,partner-sync-worker,records_processed_per_min,234.9
2026-07-23T13:44:00Z,partner-sync-worker,sync_backlog_depth,19.7
2026-07-23T13:44:00Z,partner-sync-worker,sync_lag_s,6.4131
2026-07-23T13:44:00Z,webhook-dispatcher,container_memory_rss_mb,469.6
2026-07-23T13:44:00Z,webhook-dispatcher,tcp_new_conns_per_s,502.1
2026-07-23T13:44:00Z,webhook-dispatcher,tls_handshake_p95_ms,677.1
2026-07-23T13:44:00Z,webhook-dispatcher,webhook_dispatch_p95_ms,4430.1
2026-07-23T13:45:00Z,billing-api,webhook_confirmation_p99_ms,6496.0
2026-07-23T13:45:00Z,billing-api,webhook_retry_queue_depth,958.5299
2026-07-23T13:45:00Z,partner-sync-worker,records_processed_per_min,238.9
2026-07-23T13:45:00Z,partner-sync-worker,sync_backlog_depth,18.8
2026-07-23T13:45:00Z,partner-sync-worker,sync_lag_s,6.674
2026-07-23T13:45:00Z,webhook-dispatcher,container_memory_rss_mb,484.8
2026-07-23T13:45:00Z,webhook-dispatcher,tcp_new_conns_per_s,449.9
2026-07-23T13:45:00Z,webhook-dispatcher,tls_handshake_p95_ms,626.6
2026-07-23T13:45:00Z,webhook-dispatcher,webhook_dispatch_p95_ms,4343.5
2026-07-23T13:46:00Z,billing-api,webhook_confirmation_p99_ms,6792.8
2026-07-23T13:46:00Z,billing-api,webhook_retry_queue_depth,858.9333
2026-07-23T13:46:00Z,partner-sync-worker,records_processed_per_min,220.1
2026-07-23T13:46:00Z,partner-sync-worker,sync_backlog_depth,18.5
2026-07-23T13:46:00Z,partner-sync-worker,sync_lag_s,6.765
2026-07-23T13:46:00Z,webhook-dispatcher,container_memory_rss_mb,491.4
2026-07-23T13:46:00Z,webhook-dispatcher,tcp_new_conns_per_s,479.9
2026-07-23T13:46:00Z,webhook-dispatcher,tls_handshake_p95_ms,603.5
2026-07-23T13:46:00Z,webhook-dispatcher,webhook_dispatch_p95_ms,4031.4
2026-07-23T13:47:00Z,billing-api,webhook_confirmation_p99_ms,6869.2
2026-07-23T13:47:00Z,billing-api,webhook_retry_queue_depth,950.9737
2026-07-23T13:47:00Z,partner-sync-worker,records_processed_per_min,227.0
2026-07-23T13:47:00Z,partner-sync-worker,sync_backlog_depth,20.8
2026-07-23T13:47:00Z,partner-sync-worker,sync_lag_s,5.6236
2026-07-23T13:47:00Z,webhook-dispatcher,container_memory_rss_mb,484.1
2026-07-23T13:47:00Z,webhook-dispatcher,tcp_new_conns_per_s,508.4
2026-07-23T13:47:00Z,webhook-dispatcher,tls_handshake_p95_ms,663.8
2026-07-23T13:47:00Z,webhook-dispatcher,webhook_dispatch_p95_ms,4295.8
2026-07-23T13:48:00Z,billing-api,webhook_confirmation_p99_ms,6485.3
2026-07-23T13:48:00Z,billing-api,webhook_retry_queue_depth,947.1315
2026-07-23T13:48:00Z,partner-sync-worker,records_processed_per_min,240.2
2026-07-23T13:48:00Z,partner-sync-worker,sync_backlog_depth,21.8
2026-07-23T13:48:00Z,partner-sync-worker,sync_lag_s,5.3378
2026-07-23T13:48:00Z,webhook-dispatcher,container_memory_rss_mb,472.2
2026-07-23T13:48:00Z,webhook-dispatcher,tcp_new_conns_per_s,520.2
2026-07-23T13:48:00Z,webhook-dispatcher,tls_handshake_p95_ms,651.3
2026-07-23T13:48:00Z,webhook-dispatcher,webhook_dispatch_p95_ms,4300.7
2026-07-23T13:49:00Z,billing-api,webhook_confirmation_p99_ms,6591.8
2026-07-23T13:49:00Z,billing-api,webhook_retry_queue_depth,984.8901
2026-07-23T13:49:00Z,partner-sync-worker,records_processed_per_min,259.6
2026-07-23T13:49:00Z,partner-sync-worker,sync_backlog_depth,20.5
2026-07-23T13:49:00Z,partner-sync-worker,sync_lag_s,6.6784
2026-07-23T13:49:00Z,webhook-dispatcher,container_memory_rss_mb,493.0
2026-07-23T13:49:00Z,webhook-dispatcher,tcp_new_conns_per_s,485.0
2026-07-23T13:49:00Z,webhook-dispatcher,tls_handshake_p95_ms,621.7
2026-07-23T13:49:00Z,webhook-dispatcher,webhook_dispatch_p95_ms,4467.9
2026-07-23T13:50:00Z,billing-api,webhook_confirmation_p99_ms,6857.3
2026-07-23T13:50:00Z,billing-api,webhook_retry_queue_depth,831.2611
2026-07-23T13:50:00Z,partner-sync-worker,records_processed_per_min,244.9
2026-07-23T13:50:00Z,partner-sync-worker,sync_backlog_depth,18.9
2026-07-23T13:50:00Z,partner-sync-worker,sync_lag_s,5.3471
2026-07-23T13:50:00Z,webhook-dispatcher,container_memory_rss_mb,475.2
2026-07-23T13:50:00Z,webhook-dispatcher,tcp_new_conns_per_s,480.9
2026-07-23T13:50:00Z,webhook-dispatcher,tls_handshake_p95_ms,619.8
2026-07-23T13:50:00Z,webhook-dispatcher,webhook_dispatch_p95_ms,4103.8
2026-07-23T13:51:00Z,billing-api,webhook_confirmation_p99_ms,7185.6
2026-07-23T13:51:00Z,billing-api,webhook_retry_queue_depth,921.8484
2026-07-23T13:51:00Z,partner-sync-worker,records_processed_per_min,253.4
2026-07-23T13:51:00Z,partner-sync-worker,sync_backlog_depth,22.1
2026-07-23T13:51:00Z,partner-sync-worker,sync_lag_s,6.6575
2026-07-23T13:51:00Z,webhook-dispatcher,container_memory_rss_mb,484.5
2026-07-23T13:51:00Z,webhook-dispatcher,tcp_new_conns_per_s,513.5
2026-07-23T13:51:00Z,webhook-dispatcher,tls_handshake_p95_ms,609.6
2026-07-23T13:51:00Z,webhook-dispatcher,webhook_dispatch_p95_ms,4365.1
2026-07-23T13:52:00Z,billing-api,webhook_confirmation_p99_ms,6982.2
2026-07-23T13:52:00Z,billing-api,webhook_retry_queue_depth,877.4784
2026-07-23T13:52:00Z,partner-sync-worker,records_processed_per_min,248.2
2026-07-23T13:52:00Z,partner-sync-worker,sync_backlog_depth,18.5
2026-07-23T13:52:00Z,partner-sync-worker,sync_lag_s,6.0952
2026-07-23T13:52:00Z,webhook-dispatcher,container_memory_rss_mb,475.3
2026-07-23T13:52:00Z,webhook-dispatcher,tcp_new_conns_per_s,517.1
2026-07-23T13:52:00Z,webhook-dispatcher,tls_handshake_p95_ms,628.9
2026-07-23T13:52:00Z,webhook-dispatcher,webhook_dispatch_p95_ms,4584.2
2026-07-23T13:53:00Z,billing-api,webhook_confirmation_p99_ms,6929.4
2026-07-23T13:53:00Z,billing-api,webhook_retry_queue_depth,880.96
2026-07-23T13:53:00Z,partner-sync-worker,records_processed_per_min,233.3
2026-07-23T13:53:00Z,partner-sync-worker,sync_backlog_depth,22.0
2026-07-23T13:53:00Z,partner-sync-worker,sync_lag_s,6.3032
2026-07-23T13:53:00Z,webhook-dispatcher,container_memory_rss_mb,468.7
2026-07-23T13:53:00Z,webhook-dispatcher,tcp_new_conns_per_s,518.0
2026-07-23T13:53:00Z,webhook-dispatcher,tls_handshake_p95_ms,662.3
2026-07-23T13:53:00Z,webhook-dispatcher,webhook_dispatch_p95_ms,4215.9
2026-07-23T13:54:00Z,billing-api,webhook_confirmation_p99_ms,6723.2
2026-07-23T13:54:00Z,billing-api,webhook_retry_queue_depth,879.3456
2026-07-23T13:54:00Z,partner-sync-worker,records_processed_per_min,230.9
2026-07-23T13:54:00Z,partner-sync-worker,sync_backlog_depth,20.9
2026-07-23T13:54:00Z,partner-sync-worker,sync_lag_s,6.5038
2026-07-23T13:54:00Z,webhook-dispatcher,container_memory_rss_mb,486.1
2026-07-23T13:54:00Z,webhook-dispatcher,tcp_new_conns_per_s,444.8
2026-07-23T13:54:00Z,webhook-dispatcher,tls_handshake_p95_ms,597.8
2026-07-23T13:54:00Z,webhook-dispatcher,webhook_dispatch_p95_ms,4042.3
2026-07-23T13:55:00Z,billing-api,webhook_confirmation_p99_ms,7026.9
2026-07-23T13:55:00Z,billing-api,webhook_retry_queue_depth,906.8458
2026-07-23T13:55:00Z,partner-sync-worker,records_processed_per_min,263.1
2026-07-23T13:55:00Z,partner-sync-worker,sync_backlog_depth,19.1
2026-07-23T13:55:00Z,partner-sync-worker,sync_lag_s,5.1221
2026-07-23T13:55:00Z,webhook-dispatcher,container_memory_rss_mb,486.9
2026-07-23T13:55:00Z,webhook-dispatcher,tcp_new_conns_per_s,464.9
2026-07-23T13:55:00Z,webhook-dispatcher,tls_handshake_p95_ms,681.7
2026-07-23T13:55:00Z,webhook-dispatcher,webhook_dispatch_p95_ms,4006.1
2026-07-23T13:56:00Z,billing-api,webhook_confirmation_p99_ms,6840.2
2026-07-23T13:56:00Z,billing-api,webhook_retry_queue_depth,880.0344
2026-07-23T13:56:00Z,partner-sync-worker,records_processed_per_min,257.5
2026-07-23T13:56:00Z,partner-sync-worker,sync_backlog_depth,20.0
2026-07-23T13:56:00Z,partner-sync-worker,sync_lag_s,6.2383
2026-07-23T13:56:00Z,webhook-dispatcher,container_memory_rss_mb,471.9
2026-07-23T13:56:00Z,webhook-dispatcher,tcp_new_conns_per_s,524.7
2026-07-23T13:56:00Z,webhook-dispatcher,tls_handshake_p95_ms,602.9
2026-07-23T13:56:00Z,webhook-dispatcher,webhook_dispatch_p95_ms,4131.3
2026-07-23T13:57:00Z,billing-api,webhook_confirmation_p99_ms,6760.6
2026-07-23T13:57:00Z,billing-api,webhook_retry_queue_depth,843.4873
2026-07-23T13:57:00Z,partner-sync-worker,records_processed_per_min,231.2
2026-07-23T13:57:00Z,partner-sync-worker,sync_backlog_depth,17.6
2026-07-23T13:57:00Z,partner-sync-worker,sync_lag_s,5.5493
2026-07-23T13:57:00Z,webhook-dispatcher,container_memory_rss_mb,480.3
2026-07-23T13:57:00Z,webhook-dispatcher,tcp_new_conns_per_s,444.2
2026-07-23T13:57:00Z,webhook-dispatcher,tls_handshake_p95_ms,632.7
2026-07-23T13:57:00Z,webhook-dispatcher,webhook_dispatch_p95_ms,4235.5
2026-07-23T13:58:00Z,billing-api,webhook_confirmation_p99_ms,6606.0
2026-07-23T13:58:00Z,billing-api,webhook_retry_queue_depth,864.3022
2026-07-23T13:58:00Z,partner-sync-worker,records_processed_per_min,252.0
2026-07-23T13:58:00Z,partner-sync-worker,sync_backlog_depth,21.7
2026-07-23T13:58:00Z,partner-sync-worker,sync_lag_s,5.917
2026-07-23T13:58:00Z,webhook-dispatcher,container_memory_rss_mb,469.0
2026-07-23T13:58:00Z,webhook-dispatcher,tcp_new_conns_per_s,482.4
2026-07-23T13:58:00Z,webhook-dispatcher,tls_handshake_p95_ms,651.0
2026-07-23T13:58:00Z,webhook-dispatcher,webhook_dispatch_p95_ms,4115.0
2026-07-23T13:59:00Z,billing-api,webhook_confirmation_p99_ms,6454.6
2026-07-23T13:59:00Z,billing-api,webhook_retry_queue_depth,947.4738
2026-07-23T13:59:00Z,partner-sync-worker,records_processed_per_min,229.5
2026-07-23T13:59:00Z,partner-sync-worker,sync_backlog_depth,21.4
2026-07-23T13:59:00Z,partner-sync-worker,sync_lag_s,6.7333
2026-07-23T13:59:00Z,webhook-dispatcher,container_memory_rss_mb,474.6
2026-07-23T13:59:00Z,webhook-dispatcher,tcp_new_conns_per_s,468.0
2026-07-23T13:59:00Z,webhook-dispatcher,tls_handshake_p95_ms,685.8
2026-07-23T13:59:00Z,webhook-dispatcher,webhook_dispatch_p95_ms,4458.6
2026-07-23T14:00:00Z,billing-api,webhook_confirmation_p99_ms,6747.8
2026-07-23T14:00:00Z,billing-api,webhook_retry_queue_depth,865.0624
2026-07-23T14:00:00Z,partner-sync-worker,records_processed_per_min,232.2
2026-07-23T14:00:00Z,partner-sync-worker,sync_backlog_depth,18.2
2026-07-23T14:00:00Z,partner-sync-worker,sync_lag_s,5.2755
2026-07-23T14:00:00Z,webhook-dispatcher,container_memory_rss_mb,478.1
2026-07-23T14:00:00Z,webhook-dispatcher,tcp_new_conns_per_s,506.9
2026-07-23T14:00:00Z,webhook-dispatcher,tls_handshake_p95_ms,648.2
2026-07-23T14:00:00Z,webhook-dispatcher,webhook_dispatch_p95_ms,4175.2
