timestamp,service,metric,value
2026-07-20T06:00:00Z,checkoutservice,charge_latency_p99_ms,194.9
2026-07-20T06:00:00Z,checkoutservice,checkout_error_ratio,0.002
2026-07-20T06:00:00Z,frontend,asset_cache_miss_ratio,0.0373
2026-07-20T06:00:00Z,frontend,checkout_5xx_ratio,0.0009
2026-07-20T06:00:00Z,paymentservice,db_conn_wait_ms,2.4071
2026-07-20T06:00:00Z,paymentservice,db_pool_in_use,5.9088
2026-07-20T06:01:00Z,checkoutservice,charge_latency_p99_ms,192.0
2026-07-20T06:01:00Z,checkoutservice,checkout_error_ratio,0.0022
2026-07-20T06:01:00Z,frontend,asset_cache_miss_ratio,0.0382
2026-07-20T06:01:00Z,frontend,checkout_5xx_ratio,0.001
2026-07-20T06:01:00Z,paymentservice,db_conn_wait_ms,2.4875
2026-07-20T06:01:00Z,paymentservice,db_pool_in_use,6.0057
2026-07-20T06:02:00Z,checkoutservice,charge_latency_p99_ms,187.5
2026-07-20T06:02:00Z,checkoutservice,checkout_error_ratio,0.0019
2026-07-20T06:02:00Z,frontend,asset_cache_miss_ratio,0.0396
2026-07-20T06:02:00Z,frontend,checkout_5xx_ratio,0.001
2026-07-20T06:02:00Z,paymentservice,db_conn_wait_ms,2.5855
2026-07-20T06:02:00Z,paymentservice,db_pool_in_use,6.0785
2026-07-20T06:03:00Z,checkoutservice,charge_latency_p99_ms,171.2
2026-07-20T06:03:00Z,checkoutservice,checkout_error_ratio,0.0018
2026-07-20T06:03:00Z,frontend,asset_cache_miss_ratio,0.0434
2026-07-20T06:03:00Z,frontend,checkout_5xx_ratio,0.001
2026-07-20T06:03:00Z,paymentservice,db_conn_wait_ms,2.5179
2026-07-20T06:03:00Z,paymentservice,db_pool_in_use,6.0166
2026-07-20T06:04:00Z,checkoutservice,charge_latency_p99_ms,174.5
2026-07-20T06:04:00Z,checkoutservice,checkout_error_ratio,0.0021
2026-07-20T06:04:00Z,frontend,asset_cache_miss_ratio,0.0409
2026-07-20T06:04:00Z,frontend,checkout_5xx_ratio,0.0009
2026-07-20T06:04:00Z,paymentservice,db_conn_wait_ms,2.682
2026-07-20T06:04:00Z,paymentservice,db_pool_in_use,5.9998
2026-07-20T06:05:00Z,checkoutservice,charge_latency_p99_ms,186.9
2026-07-20T06:05:00Z,checkoutservice,checkout_error_ratio,0.0022
2026-07-20T06:05:00Z,frontend,asset_cache_miss_ratio,0.0385
2026-07-20T06:05:00Z,frontend,checkout_5xx_ratio,0.0011
2026-07-20T06:05:00Z,paymentservice,db_conn_wait_ms,2.6732
2026-07-20T06:05:00Z,paymentservice,db_pool_in_use,5.8936
2026-07-20T06:06:00Z,checkoutservice,charge_latency_p99_ms,189.9
2026-07-20T06:06:00Z,checkoutservice,checkout_error_ratio,0.0018
2026-07-20T06:06:00Z,frontend,asset_cache_miss_ratio,0.036
2026-07-20T06:06:00Z,frontend,checkout_5xx_ratio,0.0009
2026-07-20T06:06:00Z,paymentservice,db_conn_wait_ms,2.351
2026-07-20T06:06:00Z,paymentservice,db_pool_in_use,5.9454
2026-07-20T06:07:00Z,checkoutservice,charge_latency_p99_ms,164.3
2026-07-20T06:07:00Z,checkoutservice,checkout_error_ratio,0.0018
2026-07-20T06:07:00Z,frontend,asset_cache_miss_ratio,0.0393
2026-07-20T06:07:00Z,frontend,checkout_5xx_ratio,0.0011
2026-07-20T06:07:00Z,paymentservice,db_conn_wait_ms,2.6357
2026-07-20T06:07:00Z,paymentservice,db_pool_in_use,5.9387
2026-07-20T06:08:00Z,checkoutservice,charge_latency_p99_ms,169.2
2026-07-20T06:08:00Z,checkoutservice,checkout_error_ratio,0.0019
2026-07-20T06:08:00Z,frontend,asset_cache_miss_ratio,0.0386
2026-07-20T06:08:00Z,frontend,checkout_5xx_ratio,0.001
2026-07-20T06:08:00Z,paymentservice,db_conn_wait_ms,2.6998
2026-07-20T06:08:00Z,paymentservice,db_pool_in_use,6.0113
2026-07-20T06:09:00Z,checkoutservice,charge_latency_p99_ms,192.8
2026-07-20T06:09:00Z,checkoutservice,checkout_error_ratio,0.0019
2026-07-20T06:09:00Z,frontend,asset_cache_miss_ratio,0.042
2026-07-20T06:09:00Z,frontend,checkout_5xx_ratio,0.001
2026-07-20T06:09:00Z,paymentservice,db_conn_wait_ms,2.4158
2026-07-20T06:09:00Z,paymentservice,db_pool_in_use,5.9348
2026-07-20T06:10:00Z,checkoutservice,charge_latency_p99_ms,167.6
2026-07-20T06:10:00Z,checkoutservice,checkout_error_ratio,0.0018
2026-07-20T06:10:00Z,frontend,asset_cache_miss_ratio,0.0427
2026-07-20T06:10:00Z,frontend,checkout_5xx_ratio,0.001
2026-07-20T06:10:00Z,paymentservice,db_conn_wait_ms,2.466
2026-07-20T06:10:00Z,paymentservice,db_pool_in_use,6.0237
2026-07-20T06:11:00Z,checkoutservice,charge_latency_p99_ms,185.0
2026-07-20T06:11:00Z,checkoutservice,checkout_error_ratio,0.0018
2026-07-20T06:11:00Z,frontend,asset_cache_miss_ratio,0.0392
2026-07-20T06:11:00Z,frontend,checkout_5xx_ratio,0.001
2026-07-20T06:11:00Z,paymentservice,db_conn_wait_ms,2.5233
2026-07-20T06:11:00Z,paymentservice,db_pool_in_use,5.9053
2026-07-20T06:12:00Z,checkoutservice,charge_latency_p99_ms,174.5
2026-07-20T06:12:00Z,checkoutservice,checkout_error_ratio,0.002
2026-07-20T06:12:00Z,frontend,asset_cache_miss_ratio,0.0406
2026-07-20T06:12:00Z,frontend,checkout_5xx_ratio,0.0009
2026-07-20T06:12:00Z,paymentservice,db_conn_wait_ms,2.694
2026-07-20T06:12:00Z,paymentservice,db_pool_in_use,5.9692
2026-07-20T06:13:00Z,checkoutservice,charge_latency_p99_ms,184.7
2026-07-20T06:13:00Z,checkoutservice,checkout_error_ratio,0.0022
2026-07-20T06:13:00Z,frontend,asset_cache_miss_ratio,0.0408
2026-07-20T06:13:00Z,frontend,checkout_5xx_ratio,0.001
2026-07-20T06:13:00Z,paymentservice,db_conn_wait_ms,2.4013
2026-07-20T06:13:00Z,paymentservice,db_pool_in_use,5.98
2026-07-20T06:14:00Z,checkoutservice,charge_latency_p99_ms,191.7
2026-07-20T06:14:00Z,checkoutservice,checkout_error_ratio,0.002
2026-07-20T06:14:00Z,frontend,asset_cache_miss_ratio,0.037
2026-07-20T06:14:00Z,frontend,checkout_5xx_ratio,0.001
2026-07-20T06:14:00Z,paymentservice,db_conn_wait_ms,2.4192
2026-07-20T06:14:00Z,paymentservice,db_pool_in_use,5.9442
2026-07-20T06:15:00Z,checkoutservice,charge_latency_p99_ms,182.6
2026-07-20T06:15:00Z,checkoutservice,checkout_error_ratio,0.0019
2026-07-20T06:15:00Z,frontend,asset_cache_miss_ratio,0.0425
2026-07-20T06:15:00Z,frontend,checkout_5xx_ratio,0.001
2026-07-20T06:15:00Z,paymentservice,db_conn_wait_ms,2.6468
2026-07-20T06:15:00Z,paymentservice,db_pool_in_use,6.1078
2026-07-20T06:16:00Z,checkoutservice,charge_latency_p99_ms,176.5
2026-07-20T06:16:00Z,checkoutservice,checkout_error_ratio,0.0022
2026-07-20T06:16:00Z,frontend,asset_cache_miss_ratio,0.0436
2026-07-20T06:16:00Z,frontend,checkout_5xx_ratio,0.0011
2026-07-20T06:16:00Z,paymentservice,db_conn_wait_ms,2.416
2026-07-20T06:16:00Z,paymentservice,db_pool_in_use,6.0693
2026-07-20T06:17:00Z,checkoutservice,charge_latency_p99_ms,174.2
2026-07-20T06:17:00Z,checkoutservice,checkout_error_ratio,0.0019
2026-07-20T06:17:00Z,frontend,asset_cache_miss_ratio,0.042
2026-07-20T06:17:00Z,frontend,checkout_5xx_ratio,0.001
2026-07-20T06:17:00Z,paymentservice,db_conn_wait_ms,2.6711
2026-07-20T06:17:00Z,paymentservice,db_pool_in_use,5.8802
2026-07-20T06:18:00Z,checkoutservice,charge_latency_p99_ms,183.9
2026-07-20T06:18:00Z,checkoutservice,checkout_error_ratio,0.0018
2026-07-20T06:18:00Z,frontend,asset_cache_miss_ratio,0.0362
2026-07-20T06:18:00Z,frontend,checkout_5xx_ratio,0.001
2026-07-20T06:18:00Z,paymentservice,db_conn_wait_ms,2.484
2026-07-20T06:18:00Z,paymentservice,db_pool_in_use,5.8825
2026-07-20T06:19:00Z,checkoutservice,charge_latency_p99_ms,184.2
2026-07-20T06:19:00Z,checkoutservice,checkout_error_ratio,0.0018
2026-07-20T06:19:00Z,frontend,asset_cache_miss_ratio,0.0369
2026-07-20T06:19:00Z,frontend,checkout_5xx_ratio,0.001
2026-07-20T06:19:00Z,paymentservice,db_conn_wait_ms,2.6978
2026-07-20T06:19:00Z,paymentservice,db_pool_in_use,6.002
2026-07-20T06:20:00Z,checkoutservice,charge_latency_p99_ms,177.1
2026-07-20T06:20:00Z,checkoutservice,checkout_error_ratio,0.0018
2026-07-20T06:20:00Z,frontend,asset_cache_miss_ratio,0.0396
2026-07-20T06:20:00Z,frontend,checkout_5xx_ratio,0.0009
2026-07-20T06:20:00Z,paymentservice,db_conn_wait_ms,2.4246
2026-07-20T06:20:00Z,paymentservice,db_pool_in_use,6.0303
2026-07-20T06:21:00Z,checkoutservice,charge_latency_p99_ms,178.9
2026-07-20T06:21:00Z,checkoutservice,checkout_error_ratio,0.0022
2026-07-20T06:21:00Z,frontend,asset_cache_miss_ratio,0.0408
2026-07-20T06:21:00Z,frontend,checkout_5xx_ratio,0.0011
2026-07-20T06:21:00Z,paymentservice,db_conn_wait_ms,2.4419
2026-07-20T06:21:00Z,paymentservice,db_pool_in_use,6.0527
2026-07-20T06:22:00Z,checkoutservice,charge_latency_p99_ms,181.2
2026-07-20T06:22:00Z,checkoutservice,checkout_error_ratio,0.002
2026-07-20T06:22:00Z,frontend,asset_cache_miss_ratio,0.0407
2026-07-20T06:22:00Z,frontend,checkout_5xx_ratio,0.0011
2026-07-20T06:22:00Z,paymentservice,db_conn_wait_ms,2.6054
2026-07-20T06:22:00Z,paymentservice,db_pool_in_use,5.9799
2026-07-20T06:23:00Z,checkoutservice,charge_latency_p99_ms,172.2
2026-07-20T06:23:00Z,checkoutservice,checkout_error_ratio,0.0022
2026-07-20T06:23:00Z,frontend,asset_cache_miss_ratio,0.0379
2026-07-20T06:23:00Z,frontend,checkout_5xx_ratio,0.001
2026-07-20T06:23:00Z,paymentservice,db_conn_wait_ms,2.6214
2026-07-20T06:23:00Z,paymentservice,db_pool_in_use,6.1042
2026-07-20T06:24:00Z,checkoutservice,charge_latency_p99_ms,169.6
2026-07-20T06:24:00Z,checkoutservice,checkout_error_ratio,0.002
2026-07-20T06:24:00Z,frontend,asset_cache_miss_ratio,0.0406
2026-07-20T06:24:00Z,frontend,checkout_5xx_ratio,0.001
2026-07-20T06:24:00Z,paymentservice,db_conn_wait_ms,2.5834
2026-07-20T06:24:00Z,paymentservice,db_pool_in_use,5.9037
2026-07-20T06:25:00Z,checkoutservice,charge_latency_p99_ms,182.2
2026-07-20T06:25:00Z,checkoutservice,checkout_error_ratio,0.0018
2026-07-20T06:25:00Z,frontend,asset_cache_miss_ratio,0.0379
2026-07-20T06:25:00Z,frontend,checkout_5xx_ratio,0.0009
2026-07-20T06:25:00Z,paymentservice,db_conn_wait_ms,2.4047
2026-07-20T06:25:00Z,paymentservice,db_pool_in_use,5.885
2026-07-20T06:26:00Z,checkoutservice,charge_latency_p99_ms,167.0
2026-07-20T06:26:00Z,checkoutservice,checkout_error_ratio,0.0019
2026-07-20T06:26:00Z,frontend,asset_cache_miss_ratio,0.0363
2026-07-20T06:26:00Z,frontend,checkout_5xx_ratio,0.0009
2026-07-20T06:26:00Z,paymentservice,db_conn_wait_ms,2.5117
2026-07-20T06:26:00Z,paymentservice,db_pool_in_use,5.9822
2026-07-20T06:27:00Z,checkoutservice,charge_latency_p99_ms,183.2
2026-07-20T06:27:00Z,checkoutservice,checkout_error_ratio,0.0019
2026-07-20T06:27:00Z,frontend,asset_cache_miss_ratio,0.0384
2026-07-20T06:27:00Z,frontend,checkout_5xx_ratio,0.0011
2026-07-20T06:27:00Z,paymentservice,db_conn_wait_ms,2.5937
2026-07-20T06:27:00Z,paymentservice,db_pool_in_use,5.9296
2026-07-20T06:28:00Z,checkoutservice,charge_latency_p99_ms,189.8
2026-07-20T06:28:00Z,checkoutservice,checkout_error_ratio,0.0018
2026-07-20T06:28:00Z,frontend,asset_cache_miss_ratio,0.039
2026-07-20T06:28:00Z,frontend,checkout_5xx_ratio,0.001
2026-07-20T06:28:00Z,paymentservice,db_conn_wait_ms,2.5966
2026-07-20T06:28:00Z,paymentservice,db_pool_in_use,6.1058
2026-07-20T06:29:00Z,checkoutservice,charge_latency_p99_ms,190.6
2026-07-20T06:29:00Z,checkoutservice,checkout_error_ratio,0.0018
2026-07-20T06:29:00Z,frontend,asset_cache_miss_ratio,0.0401
2026-07-20T06:29:00Z,frontend,checkout_5xx_ratio,0.001
2026-07-20T06:29:00Z,paymentservice,db_conn_wait_ms,2.6857
2026-07-20T06:29:00Z,paymentservice,db_pool_in_use,6.0626
2026-07-20T06:30:00Z,checkoutservice,charge_latency_p99_ms,172.0
2026-07-20T06:30:00Z,checkoutservice,checkout_error_ratio,0.0021
2026-07-20T06:30:00Z,frontend,asset_cache_miss_ratio,0.0385
2026-07-20T06:30:00Z,frontend,checkout_5xx_ratio,0.0009
2026-07-20T06:30:00Z,paymentservice,db_conn_wait_ms,2.6061
2026-07-20T06:30:00Z,paymentservice,db_pool_in_use,6.0874
2026-07-20T06:31:00Z,checkoutservice,charge_latency_p99_ms,177.2
2026-07-20T06:31:00Z,checkoutservice,checkout_error_ratio,0.0022
2026-07-20T06:31:00Z,frontend,asset_cache_miss_ratio,0.0382
2026-07-20T06:31:00Z,frontend,checkout_5xx_ratio,0.0011
2026-07-20T06:31:00Z,paymentservice,db_conn_wait_ms,2.568
2026-07-20T06:31:00Z,paymentservice,db_pool_in_use,5.8822
2026-07-20T06:32:00Z,checkoutservice,charge_latency_p99_ms,193.7
2026-07-20T06:32:00Z,checkoutservice,checkout_error_ratio,0.0022
2026-07-20T06:32:00Z,frontend,asset_cache_miss_ratio,0.0379
2026-07-20T06:32:00Z,frontend,checkout_5xx_ratio,0.0009
2026-07-20T06:32:00Z,paymentservice,db_conn_wait_ms,2.584
2026-07-20T06:32:00Z,paymentservice,db_pool_in_use,5.8818
2026-07-20T06:33:00Z,checkoutservice,charge_latency_p99_ms,175.1
2026-07-20T06:33:00Z,checkoutservice,checkout_error_ratio,0.0019
2026-07-20T06:33:00Z,frontend,asset_cache_miss_ratio,0.0406
2026-07-20T06:33:00Z,frontend,checkout_5xx_ratio,0.0011
2026-07-20T06:33:00Z,paymentservice,db_conn_wait_ms,2.5636
2026-07-20T06:33:00Z,paymentservice,db_pool_in_use,5.9314
2026-07-20T06:34:00Z,checkoutservice,charge_latency_p99_ms,195.9
2026-07-20T06:34:00Z,checkoutservice,checkout_error_ratio,0.0021
2026-07-20T06:34:00Z,frontend,asset_cache_miss_ratio,0.0436
2026-07-20T06:34:00Z,frontend,checkout_5xx_ratio,0.001
2026-07-20T06:34:00Z,paymentservice,db_conn_wait_ms,2.6329
2026-07-20T06:34:00Z,paymentservice,db_pool_in_use,5.9059
2026-07-20T06:35:00Z,checkoutservice,charge_latency_p99_ms,170.3
2026-07-20T06:35:00Z,checkoutservice,checkout_error_ratio,0.0019
2026-07-20T06:35:00Z,frontend,asset_cache_miss_ratio,0.041
2026-07-20T06:35:00Z,frontend,checkout_5xx_ratio,0.0009
2026-07-20T06:35:00Z,paymentservice,db_conn_wait_ms,2.4751
2026-07-20T06:35:00Z,paymentservice,db_pool_in_use,5.9714
2026-07-20T06:36:00Z,checkoutservice,charge_latency_p99_ms,191.0
2026-07-20T06:36:00Z,checkoutservice,checkout_error_ratio,0.0022
2026-07-20T06:36:00Z,frontend,asset_cache_miss_ratio,0.0407
2026-07-20T06:36:00Z,frontend,checkout_5xx_ratio,0.001
2026-07-20T06:36:00Z,paymentservice,db_conn_wait_ms,2.5647
2026-07-20T06:36:00Z,paymentservice,db_pool_in_use,5.9004
2026-07-20T06:37:00Z,checkoutservice,charge_latency_p99_ms,165.1
2026-07-20T06:37:00Z,checkoutservice,checkout_error_ratio,0.0022
2026-07-20T06:37:00Z,frontend,asset_cache_miss_ratio,0.0391
2026-07-20T06:37:00Z,frontend,checkout_5xx_ratio,0.001
2026-07-20T06:37:00Z,paymentservice,db_conn_wait_ms,2.5162
2026-07-20T06:37:00Z,paymentservice,db_pool_in_use,6.0303
2026-07-20T06:38:00Z,checkoutservice,charge_latency_p99_ms,185.4
2026-07-20T06:38:00Z,checkoutservice,checkout_error_ratio,0.0017
2026-07-20T06:38:00Z,frontend,asset_cache_miss_ratio,0.0394
2026-07-20T06:38:00Z,frontend,checkout_5xx_ratio,0.0011
2026-07-20T06:38:00Z,paymentservice,db_conn_wait_ms,2.3248
2026-07-20T06:38:00Z,paymentservice,db_pool_in_use,6.0199
2026-07-20T06:39:00Z,checkoutservice,charge_latency_p99_ms,189.9
2026-07-20T06:39:00Z,checkoutservice,checkout_error_ratio,0.0018
2026-07-20T06:39:00Z,frontend,asset_cache_miss_ratio,0.0433
2026-07-20T06:39:00Z,frontend,checkout_5xx_ratio,0.0011
2026-07-20T06:39:00Z,paymentservice,db_conn_wait_ms,2.4686
2026-07-20T06:39:00Z,paymentservice,db_pool_in_use,5.926
2026-07-20T06:40:00Z,checkoutservice,charge_latency_p99_ms,181.5
2026-07-20T06:40:00Z,checkoutservice,checkout_error_ratio,0.0022
2026-07-20T06:40:00Z,frontend,asset_cache_miss_ratio,0.0393
2026-07-20T06:40:00Z,frontend,checkout_5xx_ratio,0.0011
2026-07-20T06:40:00Z,paymentservice,db_conn_wait_ms,2.4179
2026-07-20T06:40:00Z,paymentservice,db_pool_in_use,5.9493
2026-07-20T06:41:00Z,checkoutservice,charge_latency_p99_ms,184.3
2026-07-20T06:41:00Z,checkoutservice,checkout_error_ratio,0.0023
2026-07-20T06:41:00Z,frontend,asset_cache_miss_ratio,0.0402
2026-07-20T06:41:00Z,frontend,checkout_5xx_ratio,0.0011
2026-07-20T06:41:00Z,paymentservice,db_conn_wait_ms,2.4405
2026-07-20T06:41:00Z,paymentservice,db_pool_in_use,5.8956
2026-07-20T06:42:00Z,checkoutservice,charge_latency_p99_ms,193.4
2026-07-20T06:42:00Z,checkoutservice,checkout_error_ratio,0.0022
2026-07-20T06:42:00Z,frontend,asset_cache_miss_ratio,0.0413
2026-07-20T06:42:00Z,frontend,checkout_5xx_ratio,0.0009
2026-07-20T06:42:00Z,paymentservice,db_conn_wait_ms,2.3096
2026-07-20T06:42:00Z,paymentservice,db_pool_in_use,6.0802
2026-07-20T06:43:00Z,checkoutservice,charge_latency_p99_ms,196.1
2026-07-20T06:43:00Z,checkoutservice,checkout_error_ratio,0.0018
2026-07-20T06:43:00Z,frontend,asset_cache_miss_ratio,0.0373
2026-07-20T06:43:00Z,frontend,checkout_5xx_ratio,0.001
2026-07-20T06:43:00Z,paymentservice,db_conn_wait_ms,2.6371
2026-07-20T06:43:00Z,paymentservice,db_pool_in_use,5.9356
2026-07-20T06:44:00Z,checkoutservice,charge_latency_p99_ms,169.6
2026-07-20T06:44:00Z,checkoutservice,checkout_error_ratio,0.0021
2026-07-20T06:44:00Z,frontend,asset_cache_miss_ratio,0.0368
2026-07-20T06:44:00Z,frontend,checkout_5xx_ratio,0.0009
2026-07-20T06:44:00Z,paymentservice,db_conn_wait_ms,2.4278
2026-07-20T06:44:00Z,paymentservice,db_pool_in_use,6.0846
2026-07-20T06:45:00Z,checkoutservice,charge_latency_p99_ms,180.7
2026-07-20T06:45:00Z,checkoutservice,checkout_error_ratio,0.0021
2026-07-20T06:45:00Z,frontend,asset_cache_miss_ratio,0.0413
2026-07-20T06:45:00Z,frontend,checkout_5xx_ratio,0.001
2026-07-20T06:45:00Z,paymentservice,db_conn_wait_ms,2.5117
2026-07-20T06:45:00Z,paymentservice,db_pool_in_use,6.0287
2026-07-20T06:46:00Z,checkoutservice,charge_latency_p99_ms,165.1
2026-07-20T06:46:00Z,checkoutservice,checkout_error_ratio,0.002
2026-07-20T06:46:00Z,frontend,asset_cache_miss_ratio,0.0392
2026-07-20T06:46:00Z,frontend,checkout_5xx_ratio,0.001
2026-07-20T06:46:00Z,paymentservice,db_conn_wait_ms,2.376
2026-07-20T06:46:00Z,paymentservice,db_pool_in_use,5.9986
2026-07-20T06:47:00Z,checkoutservice,charge_latency_p99_ms,176.1
2026-07-20T06:47:00Z,checkoutservice,checkout_error_ratio,0.002
2026-07-20T06:47:00Z,frontend,asset_cache_miss_ratio,0.043
2026-07-20T06:47:00Z,frontend,checkout_5xx_ratio,0.0009
2026-07-20T06:47:00Z,paymentservice,db_conn_wait_ms,2.4909
2026-07-20T06:47:00Z,paymentservice,db_pool_in_use,6.0635
2026-07-20T06:48:00Z,checkoutservice,charge_latency_p99_ms,168.5
2026-07-20T06:48:00Z,checkoutservice,checkout_error_ratio,0.0021
2026-07-20T06:48:00Z,frontend,asset_cache_miss_ratio,0.0384
2026-07-20T06:48:00Z,frontend,checkout_5xx_ratio,0.0011
2026-07-20T06:48:00Z,paymentservice,db_conn_wait_ms,2.6026
2026-07-20T06:48:00Z,paymentservice,db_pool_in_use,5.925
2026-07-20T06:49:00Z,checkoutservice,charge_latency_p99_ms,169.0
2026-07-20T06:49:00Z,checkoutservice,checkout_error_ratio,0.0018
2026-07-20T06:49:00Z,frontend,asset_cache_miss_ratio,0.036
2026-07-20T06:49:00Z,frontend,checkout_5xx_ratio,0.0009
2026-07-20T06:49:00Z,paymentservice,db_conn_wait_ms,2.5555
2026-07-20T06:49:00Z,paymentservice,db_pool_in_use,6.0656
2026-07-20T06:50:00Z,checkoutservice,charge_latency_p99_ms,184.0
2026-07-20T06:50:00Z,checkoutservice,checkout_error_ratio,0.002
2026-07-20T06:50:00Z,frontend,asset_cache_miss_ratio,0.0371
2026-07-20T06:50:00Z,frontend,checkout_5xx_ratio,0.0009
2026-07-20T06:50:00Z,paymentservice,db_conn_wait_ms,2.6028
2026-07-20T06:50:00Z,paymentservice,db_pool_in_use,6.0077
2026-07-20T06:51:00Z,checkoutservice,charge_latency_p99_ms,166.5
2026-07-20T06:51:00Z,checkoutservice,checkout_error_ratio,0.0022
2026-07-20T06:51:00Z,frontend,asset_cache_miss_ratio,0.0425
2026-07-20T06:51:00Z,frontend,checkout_5xx_ratio,0.001
2026-07-20T06:51:00Z,paymentservice,db_conn_wait_ms,2.5628
2026-07-20T06:51:00Z,paymentservice,db_pool_in_use,6.0001
2026-07-20T06:52:00Z,checkoutservice,charge_latency_p99_ms,168.8
2026-07-20T06:52:00Z,checkoutservice,checkout_error_ratio,0.002
2026-07-20T06:52:00Z,frontend,asset_cache_miss_ratio,0.039
2026-07-20T06:52:00Z,frontend,checkout_5xx_ratio,0.0011
2026-07-20T06:52:00Z,paymentservice,db_conn_wait_ms,2.6874
2026-07-20T06:52:00Z,paymentservice,db_pool_in_use,6.0811
2026-07-20T06:53:00Z,checkoutservice,charge_latency_p99_ms,164.1
2026-07-20T06:53:00Z,checkoutservice,checkout_error_ratio,0.0019
2026-07-20T06:53:00Z,frontend,asset_cache_miss_ratio,0.0392
2026-07-20T06:53:00Z,frontend,checkout_5xx_ratio,0.001
2026-07-20T06:53:00Z,paymentservice,db_conn_wait_ms,2.5344
2026-07-20T06:53:00Z,paymentservice,db_pool_in_use,6.0786
2026-07-20T06:54:00Z,checkoutservice,charge_latency_p99_ms,190.2
2026-07-20T06:54:00Z,checkoutservice,checkout_error_ratio,0.0018
2026-07-20T06:54:00Z,frontend,asset_cache_miss_ratio,0.0428
2026-07-20T06:54:00Z,frontend,checkout_5xx_ratio,0.0009
2026-07-20T06:54:00Z,paymentservice,db_conn_wait_ms,2.3585
2026-07-20T06:54:00Z,paymentservice,db_pool_in_use,6.0042
2026-07-20T06:55:00Z,checkoutservice,charge_latency_p99_ms,171.7
2026-07-20T06:55:00Z,checkoutservice,checkout_error_ratio,0.0022
2026-07-20T06:55:00Z,frontend,asset_cache_miss_ratio,0.0374
2026-07-20T06:55:00Z,frontend,checkout_5xx_ratio,0.0009
2026-07-20T06:55:00Z,paymentservice,db_conn_wait_ms,2.3348
2026-07-20T06:55:00Z,paymentservice,db_pool_in_use,5.9831
2026-07-20T06:56:00Z,checkoutservice,charge_latency_p99_ms,166.1
2026-07-20T06:56:00Z,checkoutservice,checkout_error_ratio,0.0021
2026-07-20T06:56:00Z,frontend,asset_cache_miss_ratio,0.0388
2026-07-20T06:56:00Z,frontend,checkout_5xx_ratio,0.0011
2026-07-20T06:56:00Z,paymentservice,db_conn_wait_ms,2.678
2026-07-20T06:56:00Z,paymentservice,db_pool_in_use,6.098
2026-07-20T06:57:00Z,checkoutservice,charge_latency_p99_ms,183.9
2026-07-20T06:57:00Z,checkoutservice,checkout_error_ratio,0.0022
2026-07-20T06:57:00Z,frontend,asset_cache_miss_ratio,0.0395
2026-07-20T06:57:00Z,frontend,checkout_5xx_ratio,0.001
2026-07-20T06:57:00Z,paymentservice,db_conn_wait_ms,2.5323
2026-07-20T06:57:00Z,paymentservice,db_pool_in_use,5.9374
2026-07-20T06:58:00Z,checkoutservice,charge_latency_p99_ms,187.0
2026-07-20T06:58:00Z,checkoutservice,checkout_error_ratio,0.0022
2026-07-20T06:58:00Z,frontend,asset_cache_miss_ratio,0.0409
2026-07-20T06:58:00Z,frontend,checkout_5xx_ratio,0.0009
2026-07-20T06:58:00Z,paymentservice,db_conn_wait_ms,2.5502
2026-07-20T06:58:00Z,paymentservice,db_pool_in_use,5.9103
2026-07-20T06:59:00Z,checkoutservice,charge_latency_p99_ms,184.2
2026-07-20T06:59:00Z,checkoutservice,checkout_error_ratio,0.0021
2026-07-20T06:59:00Z,frontend,asset_cache_miss_ratio,0.0384
2026-07-20T06:59:00Z,frontend,checkout_5xx_ratio,0.001
2026-07-20T06:59:00Z,paymentservice,db_conn_wait_ms,2.5885
2026-07-20T06:59:00Z,paymentservice,db_pool_in_use,5.9815
2026-07-20T07:00:00Z,checkoutservice,charge_latency_p99_ms,181.5
2026-07-20T07:00:00Z,checkoutservice,checkout_error_ratio,0.0022
2026-07-20T07:00:00Z,frontend,asset_cache_miss_ratio,0.0429
2026-07-20T07:00:00Z,frontend,checkout_5xx_ratio,0.0011
2026-07-20T07:00:00Z,paymentservice,db_conn_wait_ms,2.5978
2026-07-20T07:00:00Z,paymentservice,db_pool_in_use,5.963
2026-07-20T07:01:00Z,checkoutservice,charge_latency_p99_ms,181.1
2026-07-20T07:01:00Z,checkoutservice,checkout_error_ratio,0.0022
2026-07-20T07:01:00Z,frontend,asset_cache_miss_ratio,0.0374
2026-07-20T07:01:00Z,frontend,checkout_5xx_ratio,0.001
2026-07-20T07:01:00Z,paymentservice,db_conn_wait_ms,2.4385
2026-07-20T07:01:00Z,paymentservice,db_pool_in_use,6.0223
2026-07-20T07:02:00Z,checkoutservice,charge_latency_p99_ms,187.1
2026-07-20T07:02:00Z,checkoutservice,checkout_error_ratio,0.0021
2026-07-20T07:02:00Z,frontend,asset_cache_miss_ratio,0.0364
2026-07-20T07:02:00Z,frontend,checkout_5xx_ratio,0.001
2026-07-20T07:02:00Z,paymentservice,db_conn_wait_ms,2.3943
2026-07-20T07:02:00Z,paymentservice,db_pool_in_use,6.0337
2026-07-20T07:03:00Z,checkoutservice,charge_latency_p99_ms,173.9
2026-07-20T07:03:00Z,checkoutservice,checkout_error_ratio,0.002
2026-07-20T07:03:00Z,frontend,asset_cache_miss_ratio,0.0379
2026-07-20T07:03:00Z,frontend,checkout_5xx_ratio,0.0009
2026-07-20T07:03:00Z,paymentservice,db_conn_wait_ms,2.5171
2026-07-20T07:03:00Z,paymentservice,db_pool_in_use,6.0866
2026-07-20T07:04:00Z,checkoutservice,charge_latency_p99_ms,191.1
2026-07-20T07:04:00Z,checkoutservice,checkout_error_ratio,0.0021
2026-07-20T07:04:00Z,frontend,asset_cache_miss_ratio,0.0414
2026-07-20T07:04:00Z,frontend,checkout_5xx_ratio,0.001
2026-07-20T07:04:00Z,paymentservice,db_conn_wait_ms,2.4373
2026-07-20T07:04:00Z,paymentservice,db_pool_in_use,5.9232
2026-07-20T07:05:00Z,checkoutservice,charge_latency_p99_ms,186.3
2026-07-20T07:05:00Z,checkoutservice,checkout_error_ratio,0.0021
2026-07-20T07:05:00Z,frontend,asset_cache_miss_ratio,0.0403
2026-07-20T07:05:00Z,frontend,checkout_5xx_ratio,0.0009
2026-07-20T07:05:00Z,paymentservice,db_conn_wait_ms,2.5114
2026-07-20T07:05:00Z,paymentservice,db_pool_in_use,5.9815
2026-07-20T07:06:00Z,checkoutservice,charge_latency_p99_ms,191.6
2026-07-20T07:06:00Z,checkoutservice,checkout_error_ratio,0.0019
2026-07-20T07:06:00Z,frontend,asset_cache_miss_ratio,0.0384
2026-07-20T07:06:00Z,frontend,checkout_5xx_ratio,0.0009
2026-07-20T07:06:00Z,paymentservice,db_conn_wait_ms,2.4559
2026-07-20T07:06:00Z,paymentservice,db_pool_in_use,6.0574
2026-07-20T07:07:00Z,checkoutservice,charge_latency_p99_ms,192.7
2026-07-20T07:07:00Z,checkoutservice,checkout_error_ratio,0.0021
2026-07-20T07:07:00Z,frontend,asset_cache_miss_ratio,0.0363
2026-07-20T07:07:00Z,frontend,checkout_5xx_ratio,0.0011
2026-07-20T07:07:00Z,paymentservice,db_conn_wait_ms,2.6901
2026-07-20T07:07:00Z,paymentservice,db_pool_in_use,5.9069
2026-07-20T07:08:00Z,checkoutservice,charge_latency_p99_ms,191.0
2026-07-20T07:08:00Z,checkoutservice,checkout_error_ratio,0.0021
2026-07-20T07:08:00Z,frontend,asset_cache_miss_ratio,0.0438
2026-07-20T07:08:00Z,frontend,checkout_5xx_ratio,0.0011
2026-07-20T07:08:00Z,paymentservice,db_conn_wait_ms,2.677
2026-07-20T07:08:00Z,paymentservice,db_pool_in_use,6.0878
2026-07-20T07:09:00Z,checkoutservice,charge_latency_p99_ms,180.6
2026-07-20T07:09:00Z,checkoutservice,checkout_error_ratio,0.0019
2026-07-20T07:09:00Z,frontend,asset_cache_miss_ratio,0.0402
2026-07-20T07:09:00Z,frontend,checkout_5xx_ratio,0.001
2026-07-20T07:09:00Z,paymentservice,db_conn_wait_ms,2.5739
2026-07-20T07:09:00Z,paymentservice,db_pool_in_use,5.9522
2026-07-20T07:10:00Z,checkoutservice,charge_latency_p99_ms,180.7
2026-07-20T07:10:00Z,checkoutservice,checkout_error_ratio,0.002
2026-07-20T07:10:00Z,frontend,asset_cache_miss_ratio,0.0383
2026-07-20T07:10:00Z,frontend,checkout_5xx_ratio,0.001
2026-07-20T07:10:00Z,paymentservice,db_conn_wait_ms,2.6569
2026-07-20T07:10:00Z,paymentservice,db_pool_in_use,6.0641
2026-07-20T07:11:00Z,checkoutservice,charge_latency_p99_ms,187.6
2026-07-20T07:11:00Z,checkoutservice,checkout_error_ratio,0.0022
2026-07-20T07:11:00Z,frontend,asset_cache_miss_ratio,0.038
2026-07-20T07:11:00Z,frontend,checkout_5xx_ratio,0.0009
2026-07-20T07:11:00Z,paymentservice,db_conn_wait_ms,2.5384
2026-07-20T07:11:00Z,paymentservice,db_pool_in_use,5.9549
2026-07-20T07:12:00Z,checkoutservice,charge_latency_p99_ms,182.6
2026-07-20T07:12:00Z,checkoutservice,checkout_error_ratio,0.0018
2026-07-20T07:12:00Z,frontend,asset_cache_miss_ratio,0.0428
2026-07-20T07:12:00Z,frontend,checkout_5xx_ratio,0.001
2026-07-20T07:12:00Z,paymentservice,db_conn_wait_ms,2.4469
2026-07-20T07:12:00Z,paymentservice,db_pool_in_use,6.1157
2026-07-20T07:13:00Z,checkoutservice,charge_latency_p99_ms,164.7
2026-07-20T07:13:00Z,checkoutservice,checkout_error_ratio,0.0018
2026-07-20T07:13:00Z,frontend,asset_cache_miss_ratio,0.0403
2026-07-20T07:13:00Z,frontend,checkout_5xx_ratio,0.001
2026-07-20T07:13:00Z,paymentservice,db_conn_wait_ms,2.4298
2026-07-20T07:13:00Z,paymentservice,db_pool_in_use,5.9717
2026-07-20T07:14:00Z,checkoutservice,charge_latency_p99_ms,193.5
2026-07-20T07:14:00Z,checkoutservice,checkout_error_ratio,0.002
2026-07-20T07:14:00Z,frontend,asset_cache_miss_ratio,0.0436
2026-07-20T07:14:00Z,frontend,checkout_5xx_ratio,0.0011
2026-07-20T07:14:00Z,paymentservice,db_conn_wait_ms,2.4363
2026-07-20T07:14:00Z,paymentservice,db_pool_in_use,6.0622
2026-07-20T07:15:00Z,checkoutservice,charge_latency_p99_ms,170.3
2026-07-20T07:15:00Z,checkoutservice,checkout_error_ratio,0.0018
2026-07-20T07:15:00Z,frontend,asset_cache_miss_ratio,0.0433
2026-07-20T07:15:00Z,frontend,checkout_5xx_ratio,0.001
2026-07-20T07:15:00Z,paymentservice,db_conn_wait_ms,2.5253
2026-07-20T07:15:00Z,paymentservice,db_pool_in_use,6.0927
2026-07-20T07:16:00Z,checkoutservice,charge_latency_p99_ms,179.5
2026-07-20T07:16:00Z,checkoutservice,checkout_error_ratio,0.0022
2026-07-20T07:16:00Z,frontend,asset_cache_miss_ratio,0.0403
2026-07-20T07:16:00Z,frontend,checkout_5xx_ratio,0.001
2026-07-20T07:16:00Z,paymentservice,db_conn_wait_ms,2.324
2026-07-20T07:16:00Z,paymentservice,db_pool_in_use,5.9046
2026-07-20T07:17:00Z,checkoutservice,charge_latency_p99_ms,178.5
2026-07-20T07:17:00Z,checkoutservice,checkout_error_ratio,0.0022
2026-07-20T07:17:00Z,frontend,asset_cache_miss_ratio,0.0393
2026-07-20T07:17:00Z,frontend,checkout_5xx_ratio,0.0011
2026-07-20T07:17:00Z,paymentservice,db_conn_wait_ms,2.3307
2026-07-20T07:17:00Z,paymentservice,db_pool_in_use,6.0244
2026-07-20T07:18:00Z,checkoutservice,charge_latency_p99_ms,166.8
2026-07-20T07:18:00Z,checkoutservice,checkout_error_ratio,0.0019
2026-07-20T07:18:00Z,frontend,asset_cache_miss_ratio,0.0396
2026-07-20T07:18:00Z,frontend,checkout_5xx_ratio,0.0009
2026-07-20T07:18:00Z,paymentservice,db_conn_wait_ms,2.694
2026-07-20T07:18:00Z,paymentservice,db_pool_in_use,5.9478
2026-07-20T07:19:00Z,checkoutservice,charge_latency_p99_ms,182.5
2026-07-20T07:19:00Z,checkoutservice,checkout_error_ratio,0.0019
2026-07-20T07:19:00Z,frontend,asset_cache_miss_ratio,0.0379
2026-07-20T07:19:00Z,frontend,checkout_5xx_ratio,0.0009
2026-07-20T07:19:00Z,paymentservice,db_conn_wait_ms,2.3678
2026-07-20T07:19:00Z,paymentservice,db_pool_in_use,6.0172
2026-07-20T07:20:00Z,checkoutservice,charge_latency_p99_ms,182.9
2026-07-20T07:20:00Z,checkoutservice,checkout_error_ratio,0.0021
2026-07-20T07:20:00Z,frontend,asset_cache_miss_ratio,0.0425
2026-07-20T07:20:00Z,frontend,checkout_5xx_ratio,0.001
2026-07-20T07:20:00Z,paymentservice,db_conn_wait_ms,2.3799
2026-07-20T07:20:00Z,paymentservice,db_pool_in_use,6.0756
2026-07-20T07:21:00Z,checkoutservice,charge_latency_p99_ms,190.1
2026-07-20T07:21:00Z,checkoutservice,checkout_error_ratio,0.0022
2026-07-20T07:21:00Z,frontend,asset_cache_miss_ratio,0.0436
2026-07-20T07:21:00Z,frontend,checkout_5xx_ratio,0.001
2026-07-20T07:21:00Z,paymentservice,db_conn_wait_ms,2.5725
2026-07-20T07:21:00Z,paymentservice,db_pool_in_use,5.903
2026-07-20T07:22:00Z,checkoutservice,charge_latency_p99_ms,183.6
2026-07-20T07:22:00Z,checkoutservice,checkout_error_ratio,0.0021
2026-07-20T07:22:00Z,frontend,asset_cache_miss_ratio,0.0426
2026-07-20T07:22:00Z,frontend,checkout_5xx_ratio,0.0009
2026-07-20T07:22:00Z,paymentservice,db_conn_wait_ms,2.4934
2026-07-20T07:22:00Z,paymentservice,db_pool_in_use,5.8893
2026-07-20T07:23:00Z,checkoutservice,charge_latency_p99_ms,173.7
2026-07-20T07:23:00Z,checkoutservice,checkout_error_ratio,0.0022
2026-07-20T07:23:00Z,frontend,asset_cache_miss_ratio,0.0427
2026-07-20T07:23:00Z,frontend,checkout_5xx_ratio,0.001
2026-07-20T07:23:00Z,paymentservice,db_conn_wait_ms,2.5955
2026-07-20T07:23:00Z,paymentservice,db_pool_in_use,6.0106
2026-07-20T07:24:00Z,checkoutservice,charge_latency_p99_ms,182.1
2026-07-20T07:24:00Z,checkoutservice,checkout_error_ratio,0.0019
2026-07-20T07:24:00Z,frontend,asset_cache_miss_ratio,0.0427
2026-07-20T07:24:00Z,frontend,checkout_5xx_ratio,0.001
2026-07-20T07:24:00Z,paymentservice,db_conn_wait_ms,2.3095
2026-07-20T07:24:00Z,paymentservice,db_pool_in_use,5.9226
2026-07-20T07:25:00Z,checkoutservice,charge_latency_p99_ms,194.9
2026-07-20T07:25:00Z,checkoutservice,checkout_error_ratio,0.002
2026-07-20T07:25:00Z,frontend,asset_cache_miss_ratio,0.0363
2026-07-20T07:25:00Z,frontend,checkout_5xx_ratio,0.001
2026-07-20T07:25:00Z,paymentservice,db_conn_wait_ms,2.3074
2026-07-20T07:25:00Z,paymentservice,db_pool_in_use,6.0507
2026-07-20T07:26:00Z,checkoutservice,charge_latency_p99_ms,184.4
2026-07-20T07:26:00Z,checkoutservice,checkout_error_ratio,0.0021
2026-07-20T07:26:00Z,frontend,asset_cache_miss_ratio,0.0412
2026-07-20T07:26:00Z,frontend,checkout_5xx_ratio,0.0009
2026-07-20T07:26:00Z,paymentservice,db_conn_wait_ms,2.4454
2026-07-20T07:26:00Z,paymentservice,db_pool_in_use,5.9304
2026-07-20T07:27:00Z,checkoutservice,charge_latency_p99_ms,191.1
2026-07-20T07:27:00Z,checkoutservice,checkout_error_ratio,0.0021
2026-07-20T07:27:00Z,frontend,asset_cache_miss_ratio,0.0438
2026-07-20T07:27:00Z,frontend,checkout_5xx_ratio,0.001
2026-07-20T07:27:00Z,paymentservice,db_conn_wait_ms,2.6152
2026-07-20T07:27:00Z,paymentservice,db_pool_in_use,5.9313
2026-07-20T07:28:00Z,checkoutservice,charge_latency_p99_ms,164.2
2026-07-20T07:28:00Z,checkoutservice,checkout_error_ratio,0.0019
2026-07-20T07:28:00Z,frontend,asset_cache_miss_ratio,0.0375
2026-07-20T07:28:00Z,frontend,checkout_5xx_ratio,0.001
2026-07-20T07:28:00Z,paymentservice,db_conn_wait_ms,2.3888
2026-07-20T07:28:00Z,paymentservice,db_pool_in_use,5.9014
2026-07-20T07:29:00Z,checkoutservice,charge_latency_p99_ms,186.1
2026-07-20T07:29:00Z,checkoutservice,checkout_error_ratio,0.0019
2026-07-20T07:29:00Z,frontend,asset_cache_miss_ratio,0.0375
2026-07-20T07:29:00Z,frontend,checkout_5xx_ratio,0.001
2026-07-20T07:29:00Z,paymentservice,db_conn_wait_ms,2.4808
2026-07-20T07:29:00Z,paymentservice,db_pool_in_use,6.0406
2026-07-20T07:30:00Z,checkoutservice,charge_latency_p99_ms,170.6
2026-07-20T07:30:00Z,checkoutservice,checkout_error_ratio,0.0022
2026-07-20T07:30:00Z,frontend,asset_cache_miss_ratio,0.0375
2026-07-20T07:30:00Z,frontend,checkout_5xx_ratio,0.001
2026-07-20T07:30:00Z,paymentservice,db_conn_wait_ms,2.6182
2026-07-20T07:30:00Z,paymentservice,db_pool_in_use,6.1151
2026-07-20T07:31:00Z,checkoutservice,charge_latency_p99_ms,169.1
2026-07-20T07:31:00Z,checkoutservice,checkout_error_ratio,0.0021
2026-07-20T07:31:00Z,frontend,asset_cache_miss_ratio,0.0431
2026-07-20T07:31:00Z,frontend,checkout_5xx_ratio,0.0009
2026-07-20T07:31:00Z,paymentservice,db_conn_wait_ms,2.5941
2026-07-20T07:31:00Z,paymentservice,db_pool_in_use,6.0696
2026-07-20T07:32:00Z,checkoutservice,charge_latency_p99_ms,174.5
2026-07-20T07:32:00Z,checkoutservice,checkout_error_ratio,0.002
2026-07-20T07:32:00Z,frontend,asset_cache_miss_ratio,0.0409
2026-07-20T07:32:00Z,frontend,checkout_5xx_ratio,0.0011
2026-07-20T07:32:00Z,paymentservice,db_conn_wait_ms,2.4925
2026-07-20T07:32:00Z,paymentservice,db_pool_in_use,5.9853
2026-07-20T07:33:00Z,checkoutservice,charge_latency_p99_ms,169.6
2026-07-20T07:33:00Z,checkoutservice,checkout_error_ratio,0.0019
2026-07-20T07:33:00Z,frontend,asset_cache_miss_ratio,0.0371
2026-07-20T07:33:00Z,frontend,checkout_5xx_ratio,0.0009
2026-07-20T07:33:00Z,paymentservice,db_conn_wait_ms,2.3459
2026-07-20T07:33:00Z,paymentservice,db_pool_in_use,6.0287
2026-07-20T07:34:00Z,checkoutservice,charge_latency_p99_ms,166.6
2026-07-20T07:34:00Z,checkoutservice,checkout_error_ratio,0.0019
2026-07-20T07:34:00Z,frontend,asset_cache_miss_ratio,0.0416
2026-07-20T07:34:00Z,frontend,checkout_5xx_ratio,0.001
2026-07-20T07:34:00Z,paymentservice,db_conn_wait_ms,2.3616
2026-07-20T07:34:00Z,paymentservice,db_pool_in_use,6.1096
2026-07-20T07:35:00Z,checkoutservice,charge_latency_p99_ms,170.6
2026-07-20T07:35:00Z,checkoutservice,checkout_error_ratio,0.0018
2026-07-20T07:35:00Z,frontend,asset_cache_miss_ratio,0.0366
2026-07-20T07:35:00Z,frontend,checkout_5xx_ratio,0.001
2026-07-20T07:35:00Z,paymentservice,db_conn_wait_ms,2.3698
2026-07-20T07:35:00Z,paymentservice,db_pool_in_use,6.0176
2026-07-20T07:36:00Z,checkoutservice,charge_latency_p99_ms,171.3
2026-07-20T07:36:00Z,checkoutservice,checkout_error_ratio,0.0019
2026-07-20T07:36:00Z,frontend,asset_cache_miss_ratio,0.0425
2026-07-20T07:36:00Z,frontend,checkout_5xx_ratio,0.0011
2026-07-20T07:36:00Z,paymentservice,db_conn_wait_ms,2.4656
2026-07-20T07:36:00Z,paymentservice,db_pool_in_use,6.0653
2026-07-20T07:37:00Z,checkoutservice,charge_latency_p99_ms,171.9
2026-07-20T07:37:00Z,checkoutservice,checkout_error_ratio,0.0018
2026-07-20T07:37:00Z,frontend,asset_cache_miss_ratio,0.0364
2026-07-20T07:37:00Z,frontend,checkout_5xx_ratio,0.0011
2026-07-20T07:37:00Z,paymentservice,db_conn_wait_ms,2.691
2026-07-20T07:37:00Z,paymentservice,db_pool_in_use,5.9954
2026-07-20T07:38:00Z,checkoutservice,charge_latency_p99_ms,189.7
2026-07-20T07:38:00Z,checkoutservice,checkout_error_ratio,0.0019
2026-07-20T07:38:00Z,frontend,asset_cache_miss_ratio,0.0439
2026-07-20T07:38:00Z,frontend,checkout_5xx_ratio,0.001
2026-07-20T07:38:00Z,paymentservice,db_conn_wait_ms,2.3864
2026-07-20T07:38:00Z,paymentservice,db_pool_in_use,5.9164
2026-07-20T07:39:00Z,checkoutservice,charge_latency_p99_ms,166.5
2026-07-20T07:39:00Z,checkoutservice,checkout_error_ratio,0.0021
2026-07-20T07:39:00Z,frontend,asset_cache_miss_ratio,0.042
2026-07-20T07:39:00Z,frontend,checkout_5xx_ratio,0.0009
2026-07-20T07:39:00Z,paymentservice,db_conn_wait_ms,2.5788
2026-07-20T07:39:00Z,paymentservice,db_pool_in_use,6.0868
2026-07-20T07:40:00Z,checkoutservice,charge_latency_p99_ms,170.3
2026-07-20T07:40:00Z,checkoutservice,checkout_error_ratio,0.002
2026-07-20T07:40:00Z,frontend,asset_cache_miss_ratio,0.0421
2026-07-20T07:40:00Z,frontend,checkout_5xx_ratio,0.001
2026-07-20T07:40:00Z,paymentservice,db_conn_wait_ms,2.6
2026-07-20T07:40:00Z,paymentservice,db_pool_in_use,6.0142
2026-07-20T07:41:00Z,checkoutservice,charge_latency_p99_ms,165.6
2026-07-20T07:41:00Z,checkoutservice,checkout_error_ratio,0.0022
2026-07-20T07:41:00Z,frontend,asset_cache_miss_ratio,0.0396
2026-07-20T07:41:00Z,frontend,checkout_5xx_ratio,0.0009
2026-07-20T07:41:00Z,paymentservice,db_conn_wait_ms,2.4649
2026-07-20T07:41:00Z,paymentservice,db_pool_in_use,6.117
2026-07-20T07:42:00Z,checkoutservice,charge_latency_p99_ms,180.2
2026-07-20T07:42:00Z,checkoutservice,checkout_error_ratio,0.002
2026-07-20T07:42:00Z,frontend,asset_cache_miss_ratio,0.0375
2026-07-20T07:42:00Z,frontend,checkout_5xx_ratio,0.001
2026-07-20T07:42:00Z,paymentservice,db_conn_wait_ms,2.6173
2026-07-20T07:42:00Z,paymentservice,db_pool_in_use,6.0115
2026-07-20T07:43:00Z,checkoutservice,charge_latency_p99_ms,171.2
2026-07-20T07:43:00Z,checkoutservice,checkout_error_ratio,0.0019
2026-07-20T07:43:00Z,frontend,asset_cache_miss_ratio,0.0403
2026-07-20T07:43:00Z,frontend,checkout_5xx_ratio,0.001
2026-07-20T07:43:00Z,paymentservice,db_conn_wait_ms,2.3564
2026-07-20T07:43:00Z,paymentservice,db_pool_in_use,5.9797
2026-07-20T07:44:00Z,checkoutservice,charge_latency_p99_ms,181.0
2026-07-20T07:44:00Z,checkoutservice,checkout_error_ratio,0.0019
2026-07-20T07:44:00Z,frontend,asset_cache_miss_ratio,0.0434
2026-07-20T07:44:00Z,frontend,checkout_5xx_ratio,0.001
2026-07-20T07:44:00Z,paymentservice,db_conn_wait_ms,2.6908
2026-07-20T07:44:00Z,paymentservice,db_pool_in_use,5.9658
2026-07-20T07:45:00Z,checkoutservice,charge_latency_p99_ms,171.5
2026-07-20T07:45:00Z,checkoutservice,checkout_error_ratio,0.0022
2026-07-20T07:45:00Z,frontend,asset_cache_miss_ratio,0.0364
2026-07-20T07:45:00Z,frontend,checkout_5xx_ratio,0.001
2026-07-20T07:45:00Z,paymentservice,db_conn_wait_ms,2.3303
2026-07-20T07:45:00Z,paymentservice,db_pool_in_use,5.9791
2026-07-20T07:46:00Z,checkoutservice,charge_latency_p99_ms,170.2
2026-07-20T07:46:00Z,checkoutservice,checkout_error_ratio,0.0018
2026-07-20T07:46:00Z,frontend,asset_cache_miss_ratio,0.0424
2026-07-20T07:46:00Z,frontend,checkout_5xx_ratio,0.0009
2026-07-20T07:46:00Z,paymentservice,db_conn_wait_ms,2.443
2026-07-20T07:46:00Z,paymentservice,db_pool_in_use,6.0001
2026-07-20T07:47:00Z,checkoutservice,charge_latency_p99_ms,179.6
2026-07-20T07:47:00Z,checkoutservice,checkout_error_ratio,0.0018
2026-07-20T07:47:00Z,frontend,asset_cache_miss_ratio,0.0399
2026-07-20T07:47:00Z,frontend,checkout_5xx_ratio,0.001
2026-07-20T07:47:00Z,paymentservice,db_conn_wait_ms,2.3202
2026-07-20T07:47:00Z,paymentservice,db_pool_in_use,6.097
2026-07-20T07:48:00Z,checkoutservice,charge_latency_p99_ms,166.1
2026-07-20T07:48:00Z,checkoutservice,checkout_error_ratio,0.002
2026-07-20T07:48:00Z,frontend,asset_cache_miss_ratio,0.0404
2026-07-20T07:48:00Z,frontend,checkout_5xx_ratio,0.0009
2026-07-20T07:48:00Z,paymentservice,db_conn_wait_ms,2.3955
2026-07-20T07:48:00Z,paymentservice,db_pool_in_use,5.9821
2026-07-20T07:49:00Z,checkoutservice,charge_latency_p99_ms,192.5
2026-07-20T07:49:00Z,checkoutservice,checkout_error_ratio,0.0018
2026-07-20T07:49:00Z,frontend,asset_cache_miss_ratio,0.0376
2026-07-20T07:49:00Z,frontend,checkout_5xx_ratio,0.0011
2026-07-20T07:49:00Z,paymentservice,db_conn_wait_ms,2.3194
2026-07-20T07:49:00Z,paymentservice,db_pool_in_use,5.9391
2026-07-20T07:50:00Z,checkoutservice,charge_latency_p99_ms,182.0
2026-07-20T07:50:00Z,checkoutservice,checkout_error_ratio,0.0019
2026-07-20T07:50:00Z,frontend,asset_cache_miss_ratio,0.0382
2026-07-20T07:50:00Z,frontend,checkout_5xx_ratio,0.001
2026-07-20T07:50:00Z,paymentservice,db_conn_wait_ms,2.5158
2026-07-20T07:50:00Z,paymentservice,db_pool_in_use,6.1108
2026-07-20T07:51:00Z,checkoutservice,charge_latency_p99_ms,176.6
2026-07-20T07:51:00Z,checkoutservice,checkout_error_ratio,0.0018
2026-07-20T07:51:00Z,frontend,asset_cache_miss_ratio,0.0383
2026-07-20T07:51:00Z,frontend,checkout_5xx_ratio,0.0011
2026-07-20T07:51:00Z,paymentservice,db_conn_wait_ms,2.4159
2026-07-20T07:51:00Z,paymentservice,db_pool_in_use,5.8979
2026-07-20T07:52:00Z,checkoutservice,charge_latency_p99_ms,181.6
2026-07-20T07:52:00Z,checkoutservice,checkout_error_ratio,0.0021
2026-07-20T07:52:00Z,frontend,asset_cache_miss_ratio,0.043
2026-07-20T07:52:00Z,frontend,checkout_5xx_ratio,0.0009
2026-07-20T07:52:00Z,paymentservice,db_conn_wait_ms,2.6949
2026-07-20T07:52:00Z,paymentservice,db_pool_in_use,5.9937
2026-07-20T07:53:00Z,checkoutservice,charge_latency_p99_ms,194.5
2026-07-20T07:53:00Z,checkoutservice,checkout_error_ratio,0.0022
2026-07-20T07:53:00Z,frontend,asset_cache_miss_ratio,0.0421
2026-07-20T07:53:00Z,frontend,checkout_5xx_ratio,0.001
2026-07-20T07:53:00Z,paymentservice,db_conn_wait_ms,2.5076
2026-07-20T07:53:00Z,paymentservice,db_pool_in_use,6.0891
2026-07-20T07:54:00Z,checkoutservice,charge_latency_p99_ms,179.8
2026-07-20T07:54:00Z,checkoutservice,checkout_error_ratio,0.0019
2026-07-20T07:54:00Z,frontend,asset_cache_miss_ratio,0.0415
2026-07-20T07:54:00Z,frontend,checkout_5xx_ratio,0.001
2026-07-20T07:54:00Z,paymentservice,db_conn_wait_ms,2.3413
2026-07-20T07:54:00Z,paymentservice,db_pool_in_use,6.0911
2026-07-20T07:55:00Z,checkoutservice,charge_latency_p99_ms,176.6
2026-07-20T07:55:00Z,checkoutservice,checkout_error_ratio,0.0021
2026-07-20T07:55:00Z,frontend,asset_cache_miss_ratio,0.0414
2026-07-20T07:55:00Z,frontend,checkout_5xx_ratio,0.001
2026-07-20T07:55:00Z,paymentservice,db_conn_wait_ms,2.6567
2026-07-20T07:55:00Z,paymentservice,db_pool_in_use,5.8952
2026-07-20T07:56:00Z,checkoutservice,charge_latency_p99_ms,170.8
2026-07-20T07:56:00Z,checkoutservice,checkout_error_ratio,0.0017
2026-07-20T07:56:00Z,frontend,asset_cache_miss_ratio,0.0385
2026-07-20T07:56:00Z,frontend,checkout_5xx_ratio,0.001
2026-07-20T07:56:00Z,paymentservice,db_conn_wait_ms,2.315
2026-07-20T07:56:00Z,paymentservice,db_pool_in_use,5.9404
2026-07-20T07:57:00Z,checkoutservice,charge_latency_p99_ms,176.1
2026-07-20T07:57:00Z,checkoutservice,checkout_error_ratio,0.0018
2026-07-20T07:57:00Z,frontend,asset_cache_miss_ratio,0.0427
2026-07-20T07:57:00Z,frontend,checkout_5xx_ratio,0.0011
2026-07-20T07:57:00Z,paymentservice,db_conn_wait_ms,2.5233
2026-07-20T07:57:00Z,paymentservice,db_pool_in_use,5.9916
2026-07-20T07:58:00Z,checkoutservice,charge_latency_p99_ms,188.9
2026-07-20T07:58:00Z,checkoutservice,checkout_error_ratio,0.0018
2026-07-20T07:58:00Z,frontend,asset_cache_miss_ratio,0.042
2026-07-20T07:58:00Z,frontend,checkout_5xx_ratio,0.001
2026-07-20T07:58:00Z,paymentservice,db_conn_wait_ms,2.4299
2026-07-20T07:58:00Z,paymentservice,db_pool_in_use,5.9626
2026-07-20T07:59:00Z,checkoutservice,charge_latency_p99_ms,183.7
2026-07-20T07:59:00Z,checkoutservice,checkout_error_ratio,0.0021
2026-07-20T07:59:00Z,frontend,asset_cache_miss_ratio,0.0371
2026-07-20T07:59:00Z,frontend,checkout_5xx_ratio,0.0011
2026-07-20T07:59:00Z,paymentservice,db_conn_wait_ms,2.401
2026-07-20T07:59:00Z,paymentservice,db_pool_in_use,5.9873
2026-07-20T08:00:00Z,checkoutservice,charge_latency_p99_ms,172.7
2026-07-20T08:00:00Z,checkoutservice,checkout_error_ratio,0.0019
2026-07-20T08:00:00Z,frontend,asset_cache_miss_ratio,0.0381
2026-07-20T08:00:00Z,frontend,checkout_5xx_ratio,0.0011
2026-07-20T08:00:00Z,paymentservice,db_conn_wait_ms,2.5056
2026-07-20T08:00:00Z,paymentservice,db_pool_in_use,6.0197
2026-07-20T08:01:00Z,checkoutservice,charge_latency_p99_ms,192.9
2026-07-20T08:01:00Z,checkoutservice,checkout_error_ratio,0.002
2026-07-20T08:01:00Z,frontend,asset_cache_miss_ratio,0.0401
2026-07-20T08:01:00Z,frontend,checkout_5xx_ratio,0.0011
2026-07-20T08:01:00Z,paymentservice,db_conn_wait_ms,2.338
2026-07-20T08:01:00Z,paymentservice,db_pool_in_use,5.9208
2026-07-20T08:02:00Z,checkoutservice,charge_latency_p99_ms,168.1
2026-07-20T08:02:00Z,checkoutservice,checkout_error_ratio,0.0022
2026-07-20T08:02:00Z,frontend,asset_cache_miss_ratio,0.0406
2026-07-20T08:02:00Z,frontend,checkout_5xx_ratio,0.001
2026-07-20T08:02:00Z,paymentservice,db_conn_wait_ms,2.4961
2026-07-20T08:02:00Z,paymentservice,db_pool_in_use,6.1131
2026-07-20T08:03:00Z,checkoutservice,charge_latency_p99_ms,175.3
2026-07-20T08:03:00Z,checkoutservice,checkout_error_ratio,0.002
2026-07-20T08:03:00Z,frontend,asset_cache_miss_ratio,0.039
2026-07-20T08:03:00Z,frontend,checkout_5xx_ratio,0.0011
2026-07-20T08:03:00Z,paymentservice,db_conn_wait_ms,2.5215
2026-07-20T08:03:00Z,paymentservice,db_pool_in_use,5.8868
2026-07-20T08:04:00Z,checkoutservice,charge_latency_p99_ms,188.9
2026-07-20T08:04:00Z,checkoutservice,checkout_error_ratio,0.002
2026-07-20T08:04:00Z,frontend,asset_cache_miss_ratio,0.0414
2026-07-20T08:04:00Z,frontend,checkout_5xx_ratio,0.001
2026-07-20T08:04:00Z,paymentservice,db_conn_wait_ms,2.5556
2026-07-20T08:04:00Z,paymentservice,db_pool_in_use,6.0656
2026-07-20T08:05:00Z,checkoutservice,charge_latency_p99_ms,193.5
2026-07-20T08:05:00Z,checkoutservice,checkout_error_ratio,0.002
2026-07-20T08:05:00Z,frontend,asset_cache_miss_ratio,0.0408
2026-07-20T08:05:00Z,frontend,checkout_5xx_ratio,0.0011
2026-07-20T08:05:00Z,paymentservice,db_conn_wait_ms,2.6012
2026-07-20T08:05:00Z,paymentservice,db_pool_in_use,5.952
2026-07-20T08:06:00Z,checkoutservice,charge_latency_p99_ms,178.7
2026-07-20T08:06:00Z,checkoutservice,checkout_error_ratio,0.0021
2026-07-20T08:06:00Z,frontend,asset_cache_miss_ratio,0.0385
2026-07-20T08:06:00Z,frontend,checkout_5xx_ratio,0.0011
2026-07-20T08:06:00Z,paymentservice,db_conn_wait_ms,2.3205
2026-07-20T08:06:00Z,paymentservice,db_pool_in_use,6.0956
2026-07-20T08:07:00Z,checkoutservice,charge_latency_p99_ms,164.2
2026-07-20T08:07:00Z,checkoutservice,checkout_error_ratio,0.002
2026-07-20T08:07:00Z,frontend,asset_cache_miss_ratio,0.0376
2026-07-20T08:07:00Z,frontend,checkout_5xx_ratio,0.0011
2026-07-20T08:07:00Z,paymentservice,db_conn_wait_ms,2.6219
2026-07-20T08:07:00Z,paymentservice,db_pool_in_use,5.9339
2026-07-20T08:08:00Z,checkoutservice,charge_latency_p99_ms,182.0
2026-07-20T08:08:00Z,checkoutservice,checkout_error_ratio,0.002
2026-07-20T08:08:00Z,frontend,asset_cache_miss_ratio,0.0411
2026-07-20T08:08:00Z,frontend,checkout_5xx_ratio,0.0009
2026-07-20T08:08:00Z,paymentservice,db_conn_wait_ms,2.4594
2026-07-20T08:08:00Z,paymentservice,db_pool_in_use,5.9551
2026-07-20T08:09:00Z,checkoutservice,charge_latency_p99_ms,177.6
2026-07-20T08:09:00Z,checkoutservice,checkout_error_ratio,0.0018
2026-07-20T08:09:00Z,frontend,asset_cache_miss_ratio,0.0381
2026-07-20T08:09:00Z,frontend,checkout_5xx_ratio,0.001
2026-07-20T08:09:00Z,paymentservice,db_conn_wait_ms,2.485
2026-07-20T08:09:00Z,paymentservice,db_pool_in_use,5.9805
2026-07-20T08:10:00Z,checkoutservice,charge_latency_p99_ms,164.8
2026-07-20T08:10:00Z,checkoutservice,checkout_error_ratio,0.0022
2026-07-20T08:10:00Z,frontend,asset_cache_miss_ratio,0.0426
2026-07-20T08:10:00Z,frontend,checkout_5xx_ratio,0.001
2026-07-20T08:10:00Z,paymentservice,db_conn_wait_ms,2.3204
2026-07-20T08:10:00Z,paymentservice,db_pool_in_use,6.1126
2026-07-20T08:11:00Z,checkoutservice,charge_latency_p99_ms,175.1
2026-07-20T08:11:00Z,checkoutservice,checkout_error_ratio,0.0021
2026-07-20T08:11:00Z,frontend,asset_cache_miss_ratio,0.043
2026-07-20T08:11:00Z,frontend,checkout_5xx_ratio,0.001
2026-07-20T08:11:00Z,paymentservice,db_conn_wait_ms,2.4439
2026-07-20T08:11:00Z,paymentservice,db_pool_in_use,6.1158
2026-07-20T08:12:00Z,checkoutservice,charge_latency_p99_ms,192.4
2026-07-20T08:12:00Z,checkoutservice,checkout_error_ratio,0.0022
2026-07-20T08:12:00Z,frontend,asset_cache_miss_ratio,0.0424
2026-07-20T08:12:00Z,frontend,checkout_5xx_ratio,0.001
2026-07-20T08:12:00Z,paymentservice,db_conn_wait_ms,2.4244
2026-07-20T08:12:00Z,paymentservice,db_pool_in_use,5.9645
2026-07-20T08:13:00Z,checkoutservice,charge_latency_p99_ms,165.0
2026-07-20T08:13:00Z,checkoutservice,checkout_error_ratio,0.0022
2026-07-20T08:13:00Z,frontend,asset_cache_miss_ratio,0.0418
2026-07-20T08:13:00Z,frontend,checkout_5xx_ratio,0.001
2026-07-20T08:13:00Z,paymentservice,db_conn_wait_ms,2.6143
2026-07-20T08:13:00Z,paymentservice,db_pool_in_use,5.9749
2026-07-20T08:14:00Z,checkoutservice,charge_latency_p99_ms,169.6
2026-07-20T08:14:00Z,checkoutservice,checkout_error_ratio,0.0019
2026-07-20T08:14:00Z,frontend,asset_cache_miss_ratio,0.0383
2026-07-20T08:14:00Z,frontend,checkout_5xx_ratio,0.001
2026-07-20T08:14:00Z,paymentservice,db_conn_wait_ms,2.5469
2026-07-20T08:14:00Z,paymentservice,db_pool_in_use,6.0129
2026-07-20T08:15:00Z,checkoutservice,charge_latency_p99_ms,169.2
2026-07-20T08:15:00Z,checkoutservice,checkout_error_ratio,0.002
2026-07-20T08:15:00Z,frontend,asset_cache_miss_ratio,0.0387
2026-07-20T08:15:00Z,frontend,checkout_5xx_ratio,0.0009
2026-07-20T08:15:00Z,paymentservice,db_conn_wait_ms,2.6457
2026-07-20T08:15:00Z,paymentservice,db_pool_in_use,5.9586
2026-07-20T08:16:00Z,checkoutservice,charge_latency_p99_ms,189.6
2026-07-20T08:16:00Z,checkoutservice,checkout_error_ratio,0.0021
2026-07-20T08:16:00Z,frontend,asset_cache_miss_ratio,0.0418
2026-07-20T08:16:00Z,frontend,checkout_5xx_ratio,0.001
2026-07-20T08:16:00Z,paymentservice,db_conn_wait_ms,2.41
2026-07-20T08:16:00Z,paymentservice,db_pool_in_use,6.0618
2026-07-20T08:17:00Z,checkoutservice,charge_latency_p99_ms,173.8
2026-07-20T08:17:00Z,checkoutservice,checkout_error_ratio,0.0018
2026-07-20T08:17:00Z,frontend,asset_cache_miss_ratio,0.0361
2026-07-20T08:17:00Z,frontend,checkout_5xx_ratio,0.0011
2026-07-20T08:17:00Z,paymentservice,db_conn_wait_ms,2.384
2026-07-20T08:17:00Z,paymentservice,db_pool_in_use,5.8987
2026-07-20T08:18:00Z,checkoutservice,charge_latency_p99_ms,186.0
2026-07-20T08:18:00Z,checkoutservice,checkout_error_ratio,0.0022
2026-07-20T08:18:00Z,frontend,asset_cache_miss_ratio,0.043
2026-07-20T08:18:00Z,frontend,checkout_5xx_ratio,0.0009
2026-07-20T08:18:00Z,paymentservice,db_conn_wait_ms,2.4809
2026-07-20T08:18:00Z,paymentservice,db_pool_in_use,5.9035
2026-07-20T08:19:00Z,checkoutservice,charge_latency_p99_ms,185.7
2026-07-20T08:19:00Z,checkoutservice,checkout_error_ratio,0.002
2026-07-20T08:19:00Z,frontend,asset_cache_miss_ratio,0.0363
2026-07-20T08:19:00Z,frontend,checkout_5xx_ratio,0.001
2026-07-20T08:19:00Z,paymentservice,db_conn_wait_ms,2.3214
2026-07-20T08:19:00Z,paymentservice,db_pool_in_use,6.0105
2026-07-20T08:20:00Z,checkoutservice,charge_latency_p99_ms,164.2
2026-07-20T08:20:00Z,checkoutservice,checkout_error_ratio,0.002
2026-07-20T08:20:00Z,frontend,asset_cache_miss_ratio,0.037
2026-07-20T08:20:00Z,frontend,checkout_5xx_ratio,0.0011
2026-07-20T08:20:00Z,paymentservice,db_conn_wait_ms,2.345
2026-07-20T08:20:00Z,paymentservice,db_pool_in_use,5.9164
2026-07-20T08:21:00Z,checkoutservice,charge_latency_p99_ms,178.0
2026-07-20T08:21:00Z,checkoutservice,checkout_error_ratio,0.0022
2026-07-20T08:21:00Z,frontend,asset_cache_miss_ratio,0.0606
2026-07-20T08:21:00Z,frontend,checkout_5xx_ratio,0.001
2026-07-20T08:21:00Z,paymentservice,db_conn_wait_ms,2.4579
2026-07-20T08:21:00Z,paymentservice,db_pool_in_use,6.1193
2026-07-20T08:22:00Z,checkoutservice,charge_latency_p99_ms,167.7
2026-07-20T08:22:00Z,checkoutservice,checkout_error_ratio,0.0019
2026-07-20T08:22:00Z,frontend,asset_cache_miss_ratio,0.0874
2026-07-20T08:22:00Z,frontend,checkout_5xx_ratio,0.001
2026-07-20T08:22:00Z,paymentservice,db_conn_wait_ms,2.6949
2026-07-20T08:22:00Z,paymentservice,db_pool_in_use,6.0064
2026-07-20T08:23:00Z,checkoutservice,charge_latency_p99_ms,189.7
2026-07-20T08:23:00Z,checkoutservice,checkout_error_ratio,0.0019
2026-07-20T08:23:00Z,frontend,asset_cache_miss_ratio,0.111
2026-07-20T08:23:00Z,frontend,checkout_5xx_ratio,0.0011
2026-07-20T08:23:00Z,paymentservice,db_conn_wait_ms,2.6254
2026-07-20T08:23:00Z,paymentservice,db_pool_in_use,6.0766
2026-07-20T08:24:00Z,checkoutservice,charge_latency_p99_ms,179.7
2026-07-20T08:24:00Z,checkoutservice,checkout_error_ratio,0.002
2026-07-20T08:24:00Z,frontend,asset_cache_miss_ratio,0.1442
2026-07-20T08:24:00Z,frontend,checkout_5xx_ratio,0.001
2026-07-20T08:24:00Z,paymentservice,db_conn_wait_ms,2.3894
2026-07-20T08:24:00Z,paymentservice,db_pool_in_use,6.0157
2026-07-20T08:25:00Z,checkoutservice,charge_latency_p99_ms,175.7
2026-07-20T08:25:00Z,checkoutservice,checkout_error_ratio,0.0018
2026-07-20T08:25:00Z,frontend,asset_cache_miss_ratio,0.1751
2026-07-20T08:25:00Z,frontend,checkout_5xx_ratio,0.0011
2026-07-20T08:25:00Z,paymentservice,db_conn_wait_ms,2.3039
2026-07-20T08:25:00Z,paymentservice,db_pool_in_use,6.0739
2026-07-20T08:26:00Z,checkoutservice,charge_latency_p99_ms,190.1
2026-07-20T08:26:00Z,checkoutservice,checkout_error_ratio,0.0019
2026-07-20T08:26:00Z,frontend,asset_cache_miss_ratio,0.1869
2026-07-20T08:26:00Z,frontend,checkout_5xx_ratio,0.001
2026-07-20T08:26:00Z,paymentservice,db_conn_wait_ms,2.3559
2026-07-20T08:26:00Z,paymentservice,db_pool_in_use,5.9635
2026-07-20T08:27:00Z,checkoutservice,charge_latency_p99_ms,190.4
2026-07-20T08:27:00Z,checkoutservice,checkout_error_ratio,0.0018
2026-07-20T08:27:00Z,frontend,asset_cache_miss_ratio,0.192
2026-07-20T08:27:00Z,frontend,checkout_5xx_ratio,0.001
2026-07-20T08:27:00Z,paymentservice,db_conn_wait_ms,2.338
2026-07-20T08:27:00Z,paymentservice,db_pool_in_use,6.0684
2026-07-20T08:28:00Z,checkoutservice,charge_latency_p99_ms,166.0
2026-07-20T08:28:00Z,checkoutservice,checkout_error_ratio,0.0022
2026-07-20T08:28:00Z,frontend,asset_cache_miss_ratio,0.2207
2026-07-20T08:28:00Z,frontend,checkout_5xx_ratio,0.001
2026-07-20T08:28:00Z,paymentservice,db_conn_wait_ms,2.6759
2026-07-20T08:28:00Z,paymentservice,db_pool_in_use,6.0038
2026-07-20T08:29:00Z,checkoutservice,charge_latency_p99_ms,166.9
2026-07-20T08:29:00Z,checkoutservice,checkout_error_ratio,0.0021
2026-07-20T08:29:00Z,frontend,asset_cache_miss_ratio,0.275
2026-07-20T08:29:00Z,frontend,checkout_5xx_ratio,0.0009
2026-07-20T08:29:00Z,paymentservice,db_conn_wait_ms,2.4179
2026-07-20T08:29:00Z,paymentservice,db_pool_in_use,6.0969
2026-07-20T08:30:00Z,checkoutservice,charge_latency_p99_ms,174.3
2026-07-20T08:30:00Z,checkoutservice,checkout_error_ratio,0.0022
2026-07-20T08:30:00Z,frontend,asset_cache_miss_ratio,0.2566
2026-07-20T08:30:00Z,frontend,checkout_5xx_ratio,0.001
2026-07-20T08:30:00Z,paymentservice,db_conn_wait_ms,2.4036
2026-07-20T08:30:00Z,paymentservice,db_pool_in_use,5.8832
2026-07-20T08:31:00Z,checkoutservice,charge_latency_p99_ms,173.9
2026-07-20T08:31:00Z,checkoutservice,checkout_error_ratio,0.0021
2026-07-20T08:31:00Z,frontend,asset_cache_miss_ratio,0.3209
2026-07-20T08:31:00Z,frontend,checkout_5xx_ratio,0.0011
2026-07-20T08:31:00Z,paymentservice,db_conn_wait_ms,2.6552
2026-07-20T08:31:00Z,paymentservice,db_pool_in_use,6.0753
2026-07-20T08:32:00Z,checkoutservice,charge_latency_p99_ms,178.1
2026-07-20T08:32:00Z,checkoutservice,checkout_error_ratio,0.0019
2026-07-20T08:32:00Z,frontend,asset_cache_miss_ratio,0.3061
2026-07-20T08:32:00Z,frontend,checkout_5xx_ratio,0.0009
2026-07-20T08:32:00Z,paymentservice,db_conn_wait_ms,2.5062
2026-07-20T08:32:00Z,paymentservice,db_pool_in_use,5.9354
2026-07-20T08:33:00Z,checkoutservice,charge_latency_p99_ms,177.6
2026-07-20T08:33:00Z,checkoutservice,checkout_error_ratio,0.0019
2026-07-20T08:33:00Z,frontend,asset_cache_miss_ratio,0.3821
2026-07-20T08:33:00Z,frontend,checkout_5xx_ratio,0.001
2026-07-20T08:33:00Z,paymentservice,db_conn_wait_ms,2.5335
2026-07-20T08:33:00Z,paymentservice,db_pool_in_use,6.0539
2026-07-20T08:34:00Z,checkoutservice,charge_latency_p99_ms,195.3
2026-07-20T08:34:00Z,checkoutservice,checkout_error_ratio,0.0022
2026-07-20T08:34:00Z,frontend,asset_cache_miss_ratio,0.3839
2026-07-20T08:34:00Z,frontend,checkout_5xx_ratio,0.0011
2026-07-20T08:34:00Z,paymentservice,db_conn_wait_ms,2.3183
2026-07-20T08:34:00Z,paymentservice,db_pool_in_use,6.1197
2026-07-20T08:35:00Z,checkoutservice,charge_latency_p99_ms,185.5
2026-07-20T08:35:00Z,checkoutservice,checkout_error_ratio,0.0021
2026-07-20T08:35:00Z,frontend,asset_cache_miss_ratio,0.4067
2026-07-20T08:35:00Z,frontend,checkout_5xx_ratio,0.0009
2026-07-20T08:35:00Z,paymentservice,db_conn_wait_ms,2.3188
2026-07-20T08:35:00Z,paymentservice,db_pool_in_use,5.9711
2026-07-20T08:36:00Z,checkoutservice,charge_latency_p99_ms,194.9
2026-07-20T08:36:00Z,checkoutservice,checkout_error_ratio,0.0021
2026-07-20T08:36:00Z,frontend,asset_cache_miss_ratio,0.3503
2026-07-20T08:36:00Z,frontend,checkout_5xx_ratio,0.001
2026-07-20T08:36:00Z,paymentservice,db_conn_wait_ms,2.3955
2026-07-20T08:36:00Z,paymentservice,db_pool_in_use,6.0101
2026-07-20T08:37:00Z,checkoutservice,charge_latency_p99_ms,183.8
2026-07-20T08:37:00Z,checkoutservice,checkout_error_ratio,0.002
2026-07-20T08:37:00Z,frontend,asset_cache_miss_ratio,0.324
2026-07-20T08:37:00Z,frontend,checkout_5xx_ratio,0.0009
2026-07-20T08:37:00Z,paymentservice,db_conn_wait_ms,2.4268
2026-07-20T08:37:00Z,paymentservice,db_pool_in_use,6.0496
2026-07-20T08:38:00Z,checkoutservice,charge_latency_p99_ms,171.4
2026-07-20T08:38:00Z,checkoutservice,checkout_error_ratio,0.0022
2026-07-20T08:38:00Z,frontend,asset_cache_miss_ratio,0.3518
2026-07-20T08:38:00Z,frontend,checkout_5xx_ratio,0.0011
2026-07-20T08:38:00Z,paymentservice,db_conn_wait_ms,2.4811
2026-07-20T08:38:00Z,paymentservice,db_pool_in_use,5.9856
2026-07-20T08:39:00Z,checkoutservice,charge_latency_p99_ms,182.2
2026-07-20T08:39:00Z,checkoutservice,checkout_error_ratio,0.0019
2026-07-20T08:39:00Z,frontend,asset_cache_miss_ratio,0.3069
2026-07-20T08:39:00Z,frontend,checkout_5xx_ratio,0.001
2026-07-20T08:39:00Z,paymentservice,db_conn_wait_ms,2.5451
2026-07-20T08:39:00Z,paymentservice,db_pool_in_use,5.9526
2026-07-20T08:40:00Z,checkoutservice,charge_latency_p99_ms,169.0
2026-07-20T08:40:00Z,checkoutservice,checkout_error_ratio,0.0022
2026-07-20T08:40:00Z,frontend,asset_cache_miss_ratio,0.3054
2026-07-20T08:40:00Z,frontend,checkout_5xx_ratio,0.0011
2026-07-20T08:40:00Z,paymentservice,db_conn_wait_ms,2.5362
2026-07-20T08:40:00Z,paymentservice,db_pool_in_use,5.8937
2026-07-20T08:41:00Z,checkoutservice,charge_latency_p99_ms,182.7
2026-07-20T08:41:00Z,checkoutservice,checkout_error_ratio,0.0021
2026-07-20T08:41:00Z,frontend,asset_cache_miss_ratio,0.2582
2026-07-20T08:41:00Z,frontend,checkout_5xx_ratio,0.0011
2026-07-20T08:41:00Z,paymentservice,db_conn_wait_ms,2.4415
2026-07-20T08:41:00Z,paymentservice,db_pool_in_use,6.0869
2026-07-20T08:42:00Z,checkoutservice,charge_latency_p99_ms,168.4
2026-07-20T08:42:00Z,checkoutservice,checkout_error_ratio,0.0021
2026-07-20T08:42:00Z,frontend,asset_cache_miss_ratio,0.2524
2026-07-20T08:42:00Z,frontend,checkout_5xx_ratio,0.0011
2026-07-20T08:42:00Z,paymentservice,db_conn_wait_ms,2.3019
2026-07-20T08:42:00Z,paymentservice,db_pool_in_use,5.8941
2026-07-20T08:43:00Z,checkoutservice,charge_latency_p99_ms,194.0
2026-07-20T08:43:00Z,checkoutservice,checkout_error_ratio,0.0023
2026-07-20T08:43:00Z,frontend,asset_cache_miss_ratio,0.2143
2026-07-20T08:43:00Z,frontend,checkout_5xx_ratio,0.001
2026-07-20T08:43:00Z,paymentservice,db_conn_wait_ms,2.374
2026-07-20T08:43:00Z,paymentservice,db_pool_in_use,6.0237
2026-07-20T08:44:00Z,checkoutservice,charge_latency_p99_ms,173.6
2026-07-20T08:44:00Z,checkoutservice,checkout_error_ratio,0.002
2026-07-20T08:44:00Z,frontend,asset_cache_miss_ratio,0.1979
2026-07-20T08:44:00Z,frontend,checkout_5xx_ratio,0.0009
2026-07-20T08:44:00Z,paymentservice,db_conn_wait_ms,2.6943
2026-07-20T08:44:00Z,paymentservice,db_pool_in_use,6.0441
2026-07-20T08:45:00Z,checkoutservice,charge_latency_p99_ms,192.8
2026-07-20T08:45:00Z,checkoutservice,checkout_error_ratio,0.002
2026-07-20T08:45:00Z,frontend,asset_cache_miss_ratio,0.163
2026-07-20T08:45:00Z,frontend,checkout_5xx_ratio,0.0009
2026-07-20T08:45:00Z,paymentservice,db_conn_wait_ms,2.4159
2026-07-20T08:45:00Z,paymentservice,db_pool_in_use,6.0628
2026-07-20T08:46:00Z,checkoutservice,charge_latency_p99_ms,170.9
2026-07-20T08:46:00Z,checkoutservice,checkout_error_ratio,0.002
2026-07-20T08:46:00Z,frontend,asset_cache_miss_ratio,0.1447
2026-07-20T08:46:00Z,frontend,checkout_5xx_ratio,0.001
2026-07-20T08:46:00Z,paymentservice,db_conn_wait_ms,2.6192
2026-07-20T08:46:00Z,paymentservice,db_pool_in_use,6.1064
2026-07-20T08:47:00Z,checkoutservice,charge_latency_p99_ms,170.5
2026-07-20T08:47:00Z,checkoutservice,checkout_error_ratio,0.0021
2026-07-20T08:47:00Z,frontend,asset_cache_miss_ratio,0.1056
2026-07-20T08:47:00Z,frontend,checkout_5xx_ratio,0.0009
2026-07-20T08:47:00Z,paymentservice,db_conn_wait_ms,2.4426
2026-07-20T08:47:00Z,paymentservice,db_pool_in_use,5.9646
2026-07-20T08:48:00Z,checkoutservice,charge_latency_p99_ms,171.8
2026-07-20T08:48:00Z,checkoutservice,checkout_error_ratio,0.0022
2026-07-20T08:48:00Z,frontend,asset_cache_miss_ratio,0.0895
2026-07-20T08:48:00Z,frontend,checkout_5xx_ratio,0.0011
2026-07-20T08:48:00Z,paymentservice,db_conn_wait_ms,2.5367
2026-07-20T08:48:00Z,paymentservice,db_pool_in_use,6.0776
2026-07-20T08:49:00Z,checkoutservice,charge_latency_p99_ms,190.5
2026-07-20T08:49:00Z,checkoutservice,checkout_error_ratio,0.0021
2026-07-20T08:49:00Z,frontend,asset_cache_miss_ratio,0.0609
2026-07-20T08:49:00Z,frontend,checkout_5xx_ratio,0.001
2026-07-20T08:49:00Z,paymentservice,db_conn_wait_ms,2.3395
2026-07-20T08:49:00Z,paymentservice,db_pool_in_use,5.9943
2026-07-20T08:50:00Z,checkoutservice,charge_latency_p99_ms,190.6
2026-07-20T08:50:00Z,checkoutservice,checkout_error_ratio,0.0019
2026-07-20T08:50:00Z,frontend,asset_cache_miss_ratio,0.0373
2026-07-20T08:50:00Z,frontend,checkout_5xx_ratio,0.0011
2026-07-20T08:50:00Z,paymentservice,db_conn_wait_ms,2.6016
2026-07-20T08:50:00Z,paymentservice,db_pool_in_use,6.0148
2026-07-20T08:51:00Z,checkoutservice,charge_latency_p99_ms,187.9
2026-07-20T08:51:00Z,checkoutservice,checkout_error_ratio,0.0022
2026-07-20T08:51:00Z,frontend,asset_cache_miss_ratio,0.0426
2026-07-20T08:51:00Z,frontend,checkout_5xx_ratio,0.001
2026-07-20T08:51:00Z,paymentservice,db_conn_wait_ms,2.4457
2026-07-20T08:51:00Z,paymentservice,db_pool_in_use,6.1091
2026-07-20T08:52:00Z,checkoutservice,charge_latency_p99_ms,182.4
2026-07-20T08:52:00Z,checkoutservice,checkout_error_ratio,0.0018
2026-07-20T08:52:00Z,frontend,asset_cache_miss_ratio,0.0406
2026-07-20T08:52:00Z,frontend,checkout_5xx_ratio,0.0011
2026-07-20T08:52:00Z,paymentservice,db_conn_wait_ms,2.6194
2026-07-20T08:52:00Z,paymentservice,db_pool_in_use,5.9239
2026-07-20T08:53:00Z,checkoutservice,charge_latency_p99_ms,168.5
2026-07-20T08:53:00Z,checkoutservice,checkout_error_ratio,0.0021
2026-07-20T08:53:00Z,frontend,asset_cache_miss_ratio,0.0371
2026-07-20T08:53:00Z,frontend,checkout_5xx_ratio,0.0009
2026-07-20T08:53:00Z,paymentservice,db_conn_wait_ms,2.6441
2026-07-20T08:53:00Z,paymentservice,db_pool_in_use,6.0935
2026-07-20T08:54:00Z,checkoutservice,charge_latency_p99_ms,171.5
2026-07-20T08:54:00Z,checkoutservice,checkout_error_ratio,0.0018
2026-07-20T08:54:00Z,frontend,asset_cache_miss_ratio,0.0365
2026-07-20T08:54:00Z,frontend,checkout_5xx_ratio,0.0009
2026-07-20T08:54:00Z,paymentservice,db_conn_wait_ms,2.4034
2026-07-20T08:54:00Z,paymentservice,db_pool_in_use,6.0662
2026-07-20T08:55:00Z,checkoutservice,charge_latency_p99_ms,164.9
2026-07-20T08:55:00Z,checkoutservice,checkout_error_ratio,0.0019
2026-07-20T08:55:00Z,frontend,asset_cache_miss_ratio,0.0437
2026-07-20T08:55:00Z,frontend,checkout_5xx_ratio,0.0011
2026-07-20T08:55:00Z,paymentservice,db_conn_wait_ms,2.585
2026-07-20T08:55:00Z,paymentservice,db_pool_in_use,6.0027
2026-07-20T08:56:00Z,checkoutservice,charge_latency_p99_ms,193.9
2026-07-20T08:56:00Z,checkoutservice,checkout_error_ratio,0.002
2026-07-20T08:56:00Z,frontend,asset_cache_miss_ratio,0.0366
2026-07-20T08:56:00Z,frontend,checkout_5xx_ratio,0.001
2026-07-20T08:56:00Z,paymentservice,db_conn_wait_ms,2.6953
2026-07-20T08:56:00Z,paymentservice,db_pool_in_use,6.0499
2026-07-20T08:57:00Z,checkoutservice,charge_latency_p99_ms,167.9
2026-07-20T08:57:00Z,checkoutservice,checkout_error_ratio,0.0018
2026-07-20T08:57:00Z,frontend,asset_cache_miss_ratio,0.0367
2026-07-20T08:57:00Z,frontend,checkout_5xx_ratio,0.001
2026-07-20T08:57:00Z,paymentservice,db_conn_wait_ms,2.4773
2026-07-20T08:57:00Z,paymentservice,db_pool_in_use,6.0924
2026-07-20T08:58:00Z,checkoutservice,charge_latency_p99_ms,187.0
2026-07-20T08:58:00Z,checkoutservice,checkout_error_ratio,0.0021
2026-07-20T08:58:00Z,frontend,asset_cache_miss_ratio,0.0418
2026-07-20T08:58:00Z,frontend,checkout_5xx_ratio,0.0011
2026-07-20T08:58:00Z,paymentservice,db_conn_wait_ms,2.3274
2026-07-20T08:58:00Z,paymentservice,db_pool_in_use,5.9988
2026-07-20T08:59:00Z,checkoutservice,charge_latency_p99_ms,163.8
2026-07-20T08:59:00Z,checkoutservice,checkout_error_ratio,0.0021
2026-07-20T08:59:00Z,frontend,asset_cache_miss_ratio,0.0422
2026-07-20T08:59:00Z,frontend,checkout_5xx_ratio,0.001
2026-07-20T08:59:00Z,paymentservice,db_conn_wait_ms,2.5162
2026-07-20T08:59:00Z,paymentservice,db_pool_in_use,6.0277
2026-07-20T09:00:00Z,checkoutservice,charge_latency_p99_ms,173.0
2026-07-20T09:00:00Z,checkoutservice,checkout_error_ratio,0.0021
2026-07-20T09:00:00Z,frontend,asset_cache_miss_ratio,0.04
2026-07-20T09:00:00Z,frontend,checkout_5xx_ratio,0.0011
2026-07-20T09:00:00Z,paymentservice,db_conn_wait_ms,2.4154
2026-07-20T09:00:00Z,paymentservice,db_pool_in_use,6.0446
2026-07-20T09:01:00Z,checkoutservice,charge_latency_p99_ms,183.3
2026-07-20T09:01:00Z,checkoutservice,checkout_error_ratio,0.002
2026-07-20T09:01:00Z,frontend,asset_cache_miss_ratio,0.0377
2026-07-20T09:01:00Z,frontend,checkout_5xx_ratio,0.0009
2026-07-20T09:01:00Z,paymentservice,db_conn_wait_ms,2.3965
2026-07-20T09:01:00Z,paymentservice,db_pool_in_use,6.0165
2026-07-20T09:02:00Z,checkoutservice,charge_latency_p99_ms,169.7
2026-07-20T09:02:00Z,checkoutservice,checkout_error_ratio,0.0022
2026-07-20T09:02:00Z,frontend,asset_cache_miss_ratio,0.0436
2026-07-20T09:02:00Z,frontend,checkout_5xx_ratio,0.0011
2026-07-20T09:02:00Z,paymentservice,db_conn_wait_ms,2.6997
2026-07-20T09:02:00Z,paymentservice,db_pool_in_use,5.954
2026-07-20T09:03:00Z,checkoutservice,charge_latency_p99_ms,166.1
2026-07-20T09:03:00Z,checkoutservice,checkout_error_ratio,0.0021
2026-07-20T09:03:00Z,frontend,asset_cache_miss_ratio,0.0377
2026-07-20T09:03:00Z,frontend,checkout_5xx_ratio,0.0009
2026-07-20T09:03:00Z,paymentservice,db_conn_wait_ms,2.3397
2026-07-20T09:03:00Z,paymentservice,db_pool_in_use,5.9179
2026-07-20T09:04:00Z,checkoutservice,charge_latency_p99_ms,192.8
2026-07-20T09:04:00Z,checkoutservice,checkout_error_ratio,0.002
2026-07-20T09:04:00Z,frontend,asset_cache_miss_ratio,0.0435
2026-07-20T09:04:00Z,frontend,checkout_5xx_ratio,0.001
2026-07-20T09:04:00Z,paymentservice,db_conn_wait_ms,2.3924
2026-07-20T09:04:00Z,paymentservice,db_pool_in_use,5.9357
2026-07-20T09:05:00Z,checkoutservice,charge_latency_p99_ms,173.1
2026-07-20T09:05:00Z,checkoutservice,checkout_error_ratio,0.0021
2026-07-20T09:05:00Z,frontend,asset_cache_miss_ratio,0.0408
2026-07-20T09:05:00Z,frontend,checkout_5xx_ratio,0.0009
2026-07-20T09:05:00Z,paymentservice,db_conn_wait_ms,2.4656
2026-07-20T09:05:00Z,paymentservice,db_pool_in_use,5.9358
2026-07-20T09:06:00Z,checkoutservice,charge_latency_p99_ms,164.0
2026-07-20T09:06:00Z,checkoutservice,checkout_error_ratio,0.0019
2026-07-20T09:06:00Z,frontend,asset_cache_miss_ratio,0.037
2026-07-20T09:06:00Z,frontend,checkout_5xx_ratio,0.0009
2026-07-20T09:06:00Z,paymentservice,db_conn_wait_ms,2.3934
2026-07-20T09:06:00Z,paymentservice,db_pool_in_use,5.9506
2026-07-20T09:07:00Z,checkoutservice,charge_latency_p99_ms,186.6
2026-07-20T09:07:00Z,checkoutservice,checkout_error_ratio,0.002
2026-07-20T09:07:00Z,frontend,asset_cache_miss_ratio,0.0405
2026-07-20T09:07:00Z,frontend,checkout_5xx_ratio,0.0011
2026-07-20T09:07:00Z,paymentservice,db_conn_wait_ms,2.3705
2026-07-20T09:07:00Z,paymentservice,db_pool_in_use,6.0096
2026-07-20T09:08:00Z,checkoutservice,charge_latency_p99_ms,195.9
2026-07-20T09:08:00Z,checkoutservice,checkout_error_ratio,0.0019
2026-07-20T09:08:00Z,frontend,asset_cache_miss_ratio,0.0365
2026-07-20T09:08:00Z,frontend,checkout_5xx_ratio,0.001
2026-07-20T09:08:00Z,paymentservice,db_conn_wait_ms,2.4122
2026-07-20T09:08:00Z,paymentservice,db_pool_in_use,6.0286
2026-07-20T09:09:00Z,checkoutservice,charge_latency_p99_ms,181.5
2026-07-20T09:09:00Z,checkoutservice,checkout_error_ratio,0.0018
2026-07-20T09:09:00Z,frontend,asset_cache_miss_ratio,0.0421
2026-07-20T09:09:00Z,frontend,checkout_5xx_ratio,0.001
2026-07-20T09:09:00Z,paymentservice,db_conn_wait_ms,2.5007
2026-07-20T09:09:00Z,paymentservice,db_pool_in_use,6.0083
2026-07-20T09:10:00Z,checkoutservice,charge_latency_p99_ms,164.9
2026-07-20T09:10:00Z,checkoutservice,checkout_error_ratio,0.0021
2026-07-20T09:10:00Z,frontend,asset_cache_miss_ratio,0.0374
2026-07-20T09:10:00Z,frontend,checkout_5xx_ratio,0.001
2026-07-20T09:10:00Z,paymentservice,db_conn_wait_ms,2.5787
2026-07-20T09:10:00Z,paymentservice,db_pool_in_use,6.054
2026-07-20T09:11:00Z,checkoutservice,charge_latency_p99_ms,177.3
2026-07-20T09:11:00Z,checkoutservice,checkout_error_ratio,0.0022
2026-07-20T09:11:00Z,frontend,asset_cache_miss_ratio,0.0381
2026-07-20T09:11:00Z,frontend,checkout_5xx_ratio,0.0009
2026-07-20T09:11:00Z,paymentservice,db_conn_wait_ms,2.6872
2026-07-20T09:11:00Z,paymentservice,db_pool_in_use,5.9477
2026-07-20T09:12:00Z,checkoutservice,charge_latency_p99_ms,183.5
2026-07-20T09:12:00Z,checkoutservice,checkout_error_ratio,0.002
2026-07-20T09:12:00Z,frontend,asset_cache_miss_ratio,0.0431
2026-07-20T09:12:00Z,frontend,checkout_5xx_ratio,0.001
2026-07-20T09:12:00Z,paymentservice,db_conn_wait_ms,2.4661
2026-07-20T09:12:00Z,paymentservice,db_pool_in_use,5.9323
2026-07-20T09:13:00Z,checkoutservice,charge_latency_p99_ms,171.7
2026-07-20T09:13:00Z,checkoutservice,checkout_error_ratio,0.0018
2026-07-20T09:13:00Z,frontend,asset_cache_miss_ratio,0.0387
2026-07-20T09:13:00Z,frontend,checkout_5xx_ratio,0.0011
2026-07-20T09:13:00Z,paymentservice,db_conn_wait_ms,2.3229
2026-07-20T09:13:00Z,paymentservice,db_pool_in_use,6.1128
2026-07-20T09:14:00Z,checkoutservice,charge_latency_p99_ms,177.3
2026-07-20T09:14:00Z,checkoutservice,checkout_error_ratio,0.0021
2026-07-20T09:14:00Z,frontend,asset_cache_miss_ratio,0.0372
2026-07-20T09:14:00Z,frontend,checkout_5xx_ratio,0.0011
2026-07-20T09:14:00Z,paymentservice,db_conn_wait_ms,2.6497
2026-07-20T09:14:00Z,paymentservice,db_pool_in_use,5.9783
2026-07-20T09:15:00Z,checkoutservice,charge_latency_p99_ms,187.8
2026-07-20T09:15:00Z,checkoutservice,checkout_error_ratio,0.0018
2026-07-20T09:15:00Z,frontend,asset_cache_miss_ratio,0.0406
2026-07-20T09:15:00Z,frontend,checkout_5xx_ratio,0.001
2026-07-20T09:15:00Z,paymentservice,db_conn_wait_ms,2.5564
2026-07-20T09:15:00Z,paymentservice,db_pool_in_use,5.8877
2026-07-20T09:16:00Z,checkoutservice,charge_latency_p99_ms,185.1
2026-07-20T09:16:00Z,checkoutservice,checkout_error_ratio,0.0021
2026-07-20T09:16:00Z,frontend,asset_cache_miss_ratio,0.038
2026-07-20T09:16:00Z,frontend,checkout_5xx_ratio,0.001
2026-07-20T09:16:00Z,paymentservice,db_conn_wait_ms,2.6849
2026-07-20T09:16:00Z,paymentservice,db_pool_in_use,5.8946
2026-07-20T09:17:00Z,checkoutservice,charge_latency_p99_ms,190.7
2026-07-20T09:17:00Z,checkoutservice,checkout_error_ratio,0.0021
2026-07-20T09:17:00Z,frontend,asset_cache_miss_ratio,0.0422
2026-07-20T09:17:00Z,frontend,checkout_5xx_ratio,0.0011
2026-07-20T09:17:00Z,paymentservice,db_conn_wait_ms,2.628
2026-07-20T09:17:00Z,paymentservice,db_pool_in_use,6.0929
2026-07-20T09:18:00Z,checkoutservice,charge_latency_p99_ms,194.6
2026-07-20T09:18:00Z,checkoutservice,checkout_error_ratio,0.0018
2026-07-20T09:18:00Z,frontend,asset_cache_miss_ratio,0.0408
2026-07-20T09:18:00Z,frontend,checkout_5xx_ratio,0.001
2026-07-20T09:18:00Z,paymentservice,db_conn_wait_ms,2.3148
2026-07-20T09:18:00Z,paymentservice,db_pool_in_use,6.0128
2026-07-20T09:19:00Z,checkoutservice,charge_latency_p99_ms,180.6
2026-07-20T09:19:00Z,checkoutservice,checkout_error_ratio,0.0019
2026-07-20T09:19:00Z,frontend,asset_cache_miss_ratio,0.0435
2026-07-20T09:19:00Z,frontend,checkout_5xx_ratio,0.0011
2026-07-20T09:19:00Z,paymentservice,db_conn_wait_ms,2.5633
2026-07-20T09:19:00Z,paymentservice,db_pool_in_use,5.9586
2026-07-20T09:20:00Z,checkoutservice,charge_latency_p99_ms,195.6
2026-07-20T09:20:00Z,checkoutservice,checkout_error_ratio,0.002
2026-07-20T09:20:00Z,frontend,asset_cache_miss_ratio,0.0386
2026-07-20T09:20:00Z,frontend,checkout_5xx_ratio,0.0009
2026-07-20T09:20:00Z,paymentservice,db_conn_wait_ms,2.4518
2026-07-20T09:20:00Z,paymentservice,db_pool_in_use,6.0042
2026-07-20T09:21:00Z,checkoutservice,charge_latency_p99_ms,167.6
2026-07-20T09:21:00Z,checkoutservice,checkout_error_ratio,0.0021
2026-07-20T09:21:00Z,frontend,asset_cache_miss_ratio,0.0368
2026-07-20T09:21:00Z,frontend,checkout_5xx_ratio,0.0009
2026-07-20T09:21:00Z,paymentservice,db_conn_wait_ms,2.5448
2026-07-20T09:21:00Z,paymentservice,db_pool_in_use,6.0821
2026-07-20T09:22:00Z,checkoutservice,charge_latency_p99_ms,180.6
2026-07-20T09:22:00Z,checkoutservice,checkout_error_ratio,0.0021
2026-07-20T09:22:00Z,frontend,asset_cache_miss_ratio,0.042
2026-07-20T09:22:00Z,frontend,checkout_5xx_ratio,0.001
2026-07-20T09:22:00Z,paymentservice,db_conn_wait_ms,2.3307
2026-07-20T09:22:00Z,paymentservice,db_pool_in_use,6.026
2026-07-20T09:23:00Z,checkoutservice,charge_latency_p99_ms,185.7
2026-07-20T09:23:00Z,checkoutservice,checkout_error_ratio,0.0022
2026-07-20T09:23:00Z,frontend,asset_cache_miss_ratio,0.0421
2026-07-20T09:23:00Z,frontend,checkout_5xx_ratio,0.001
2026-07-20T09:23:00Z,paymentservice,db_conn_wait_ms,2.3134
2026-07-20T09:23:00Z,paymentservice,db_pool_in_use,6.992
2026-07-20T09:24:00Z,checkoutservice,charge_latency_p99_ms,193.9
2026-07-20T09:24:00Z,checkoutservice,checkout_error_ratio,0.0021
2026-07-20T09:24:00Z,frontend,asset_cache_miss_ratio,0.0427
2026-07-20T09:24:00Z,frontend,checkout_5xx_ratio,0.0011
2026-07-20T09:24:00Z,paymentservice,db_conn_wait_ms,2.5021
2026-07-20T09:24:00Z,paymentservice,db_pool_in_use,7.8699
2026-07-20T09:25:00Z,checkoutservice,charge_latency_p99_ms,179.0
2026-07-20T09:25:00Z,checkoutservice,checkout_error_ratio,0.0022
2026-07-20T09:25:00Z,frontend,asset_cache_miss_ratio,0.0426
2026-07-20T09:25:00Z,frontend,checkout_5xx_ratio,0.0009
2026-07-20T09:25:00Z,paymentservice,db_conn_wait_ms,2.4894
2026-07-20T09:25:00Z,paymentservice,db_pool_in_use,9.0163
2026-07-20T09:26:00Z,checkoutservice,charge_latency_p99_ms,177.9
2026-07-20T09:26:00Z,checkoutservice,checkout_error_ratio,0.0019
2026-07-20T09:26:00Z,frontend,asset_cache_miss_ratio,0.0404
2026-07-20T09:26:00Z,frontend,checkout_5xx_ratio,0.001
2026-07-20T09:26:00Z,paymentservice,db_conn_wait_ms,2.6668
2026-07-20T09:26:00Z,paymentservice,db_pool_in_use,9.8061
2026-07-20T09:27:00Z,checkoutservice,charge_latency_p99_ms,192.7
2026-07-20T09:27:00Z,checkoutservice,checkout_error_ratio,0.0019
2026-07-20T09:27:00Z,frontend,asset_cache_miss_ratio,0.0376
2026-07-20T09:27:00Z,frontend,checkout_5xx_ratio,0.0011
2026-07-20T09:27:00Z,paymentservice,db_conn_wait_ms,2.3959
2026-07-20T09:27:00Z,paymentservice,db_pool_in_use,10.8964
2026-07-20T09:28:00Z,checkoutservice,charge_latency_p99_ms,179.0
2026-07-20T09:28:00Z,checkoutservice,checkout_error_ratio,0.0022
2026-07-20T09:28:00Z,frontend,asset_cache_miss_ratio,0.0398
2026-07-20T09:28:00Z,frontend,checkout_5xx_ratio,0.0009
2026-07-20T09:28:00Z,paymentservice,db_conn_wait_ms,2.5329
2026-07-20T09:28:00Z,paymentservice,db_pool_in_use,11.8153
2026-07-20T09:29:00Z,checkoutservice,charge_latency_p99_ms,165.7
2026-07-20T09:29:00Z,checkoutservice,checkout_error_ratio,0.0021
2026-07-20T09:29:00Z,frontend,asset_cache_miss_ratio,0.0437
2026-07-20T09:29:00Z,frontend,checkout_5xx_ratio,0.0011
2026-07-20T09:29:00Z,paymentservice,db_conn_wait_ms,2.5219
2026-07-20T09:29:00Z,paymentservice,db_pool_in_use,13.0155
2026-07-20T09:30:00Z,checkoutservice,charge_latency_p99_ms,178.4
2026-07-20T09:30:00Z,checkoutservice,checkout_error_ratio,0.0019
2026-07-20T09:30:00Z,frontend,asset_cache_miss_ratio,0.0383
2026-07-20T09:30:00Z,frontend,checkout_5xx_ratio,0.0009
2026-07-20T09:30:00Z,paymentservice,db_conn_wait_ms,2.4807
2026-07-20T09:30:00Z,paymentservice,db_pool_in_use,14.0049
2026-07-20T09:31:00Z,checkoutservice,charge_latency_p99_ms,172.5
2026-07-20T09:31:00Z,checkoutservice,checkout_error_ratio,0.0018
2026-07-20T09:31:00Z,frontend,asset_cache_miss_ratio,0.0404
2026-07-20T09:31:00Z,frontend,checkout_5xx_ratio,0.001
2026-07-20T09:31:00Z,paymentservice,db_conn_wait_ms,2.5503
2026-07-20T09:31:00Z,paymentservice,db_pool_in_use,14.7245
2026-07-20T09:32:00Z,checkoutservice,charge_latency_p99_ms,185.1
2026-07-20T09:32:00Z,checkoutservice,checkout_error_ratio,0.0019
2026-07-20T09:32:00Z,frontend,asset_cache_miss_ratio,0.0374
2026-07-20T09:32:00Z,frontend,checkout_5xx_ratio,0.0009
2026-07-20T09:32:00Z,paymentservice,db_conn_wait_ms,2.5704
2026-07-20T09:32:00Z,paymentservice,db_pool_in_use,15.9264
2026-07-20T09:33:00Z,checkoutservice,charge_latency_p99_ms,190.2
2026-07-20T09:33:00Z,checkoutservice,checkout_error_ratio,0.002
2026-07-20T09:33:00Z,frontend,asset_cache_miss_ratio,0.0372
2026-07-20T09:33:00Z,frontend,checkout_5xx_ratio,0.0009
2026-07-20T09:33:00Z,paymentservice,db_conn_wait_ms,2.5054
2026-07-20T09:33:00Z,paymentservice,db_pool_in_use,17.3192
2026-07-20T09:34:00Z,checkoutservice,charge_latency_p99_ms,165.3
2026-07-20T09:34:00Z,checkoutservice,checkout_error_ratio,0.0018
2026-07-20T09:34:00Z,frontend,asset_cache_miss_ratio,0.0385
2026-07-20T09:34:00Z,frontend,checkout_5xx_ratio,0.0011
2026-07-20T09:34:00Z,paymentservice,db_conn_wait_ms,2.4407
2026-07-20T09:34:00Z,paymentservice,db_pool_in_use,17.6717
2026-07-20T09:35:00Z,checkoutservice,charge_latency_p99_ms,174.1
2026-07-20T09:35:00Z,checkoutservice,checkout_error_ratio,0.0021
2026-07-20T09:35:00Z,frontend,asset_cache_miss_ratio,0.0366
2026-07-20T09:35:00Z,frontend,checkout_5xx_ratio,0.0009
2026-07-20T09:35:00Z,paymentservice,db_conn_wait_ms,2.3218
2026-07-20T09:35:00Z,paymentservice,db_pool_in_use,19.1294
2026-07-20T09:36:00Z,checkoutservice,charge_latency_p99_ms,190.0
2026-07-20T09:36:00Z,checkoutservice,checkout_error_ratio,0.0022
2026-07-20T09:36:00Z,frontend,asset_cache_miss_ratio,0.037
2026-07-20T09:36:00Z,frontend,checkout_5xx_ratio,0.001
2026-07-20T09:36:00Z,paymentservice,db_conn_wait_ms,338.7511
2026-07-20T09:36:00Z,paymentservice,db_pool_in_use,20.3938
2026-07-20T09:37:00Z,checkoutservice,charge_latency_p99_ms,234.8
2026-07-20T09:37:00Z,checkoutservice,checkout_error_ratio,0.0019
2026-07-20T09:37:00Z,frontend,asset_cache_miss_ratio,0.0385
2026-07-20T09:37:00Z,frontend,checkout_5xx_ratio,0.0009
2026-07-20T09:37:00Z,paymentservice,db_conn_wait_ms,708.413
2026-07-20T09:37:00Z,paymentservice,db_pool_in_use,20.3537
2026-07-20T09:38:00Z,checkoutservice,charge_latency_p99_ms,318.0
2026-07-20T09:38:00Z,checkoutservice,checkout_error_ratio,0.0019
2026-07-20T09:38:00Z,frontend,asset_cache_miss_ratio,0.0428
2026-07-20T09:38:00Z,frontend,checkout_5xx_ratio,0.0011
2026-07-20T09:38:00Z,paymentservice,db_conn_wait_ms,989.6349
2026-07-20T09:38:00Z,paymentservice,db_pool_in_use,20.1096
2026-07-20T09:39:00Z,checkoutservice,charge_latency_p99_ms,361.7
2026-07-20T09:39:00Z,checkoutservice,checkout_error_ratio,0.0019
2026-07-20T09:39:00Z,frontend,asset_cache_miss_ratio,0.0405
2026-07-20T09:39:00Z,frontend,checkout_5xx_ratio,0.0011
2026-07-20T09:39:00Z,paymentservice,db_conn_wait_ms,1449.5386
2026-07-20T09:39:00Z,paymentservice,db_pool_in_use,19.7123
2026-07-20T09:40:00Z,checkoutservice,charge_latency_p99_ms,390.8
2026-07-20T09:40:00Z,checkoutservice,checkout_error_ratio,0.0021
2026-07-20T09:40:00Z,frontend,asset_cache_miss_ratio,0.0406
2026-07-20T09:40:00Z,frontend,checkout_5xx_ratio,0.0011
2026-07-20T09:40:00Z,paymentservice,db_conn_wait_ms,1599.868
2026-07-20T09:40:00Z,paymentservice,db_pool_in_use,19.6652
2026-07-20T09:41:00Z,checkoutservice,charge_latency_p99_ms,436.4
2026-07-20T09:41:00Z,checkoutservice,checkout_error_ratio,0.0056
2026-07-20T09:41:00Z,frontend,asset_cache_miss_ratio,0.0437
2026-07-20T09:41:00Z,frontend,checkout_5xx_ratio,0.001
2026-07-20T09:41:00Z,paymentservice,db_conn_wait_ms,2165.9831
2026-07-20T09:41:00Z,paymentservice,db_pool_in_use,20.0211
2026-07-20T09:42:00Z,checkoutservice,charge_latency_p99_ms,538.7
2026-07-20T09:42:00Z,checkoutservice,checkout_error_ratio,0.0119
2026-07-20T09:42:00Z,frontend,asset_cache_miss_ratio,0.039
2026-07-20T09:42:00Z,frontend,checkout_5xx_ratio,0.0011
2026-07-20T09:42:00Z,paymentservice,db_conn_wait_ms,2409.2151
2026-07-20T09:42:00Z,paymentservice,db_pool_in_use,19.9599
2026-07-20T09:43:00Z,checkoutservice,charge_latency_p99_ms,605.5
2026-07-20T09:43:00Z,checkoutservice,checkout_error_ratio,0.0136
2026-07-20T09:43:00Z,frontend,asset_cache_miss_ratio,0.0362
2026-07-20T09:43:00Z,frontend,checkout_5xx_ratio,0.0011
2026-07-20T09:43:00Z,paymentservice,db_conn_wait_ms,2749.3278
2026-07-20T09:43:00Z,paymentservice,db_pool_in_use,20.2915
2026-07-20T09:44:00Z,checkoutservice,charge_latency_p99_ms,687.1
2026-07-20T09:44:00Z,checkoutservice,checkout_error_ratio,0.0207
2026-07-20T09:44:00Z,frontend,asset_cache_miss_ratio,0.0375
2026-07-20T09:44:00Z,frontend,checkout_5xx_ratio,0.1726
2026-07-20T09:44:00Z,paymentservice,db_conn_wait_ms,2851.602
2026-07-20T09:44:00Z,paymentservice,db_pool_in_use,19.799
2026-07-20T09:45:00Z,checkoutservice,charge_latency_p99_ms,687.8
2026-07-20T09:45:00Z,checkoutservice,checkout_error_ratio,0.0248
2026-07-20T09:45:00Z,frontend,asset_cache_miss_ratio,0.042
2026-07-20T09:45:00Z,frontend,checkout_5xx_ratio,0.2032
2026-07-20T09:45:00Z,paymentservice,db_conn_wait_ms,2925.7421
2026-07-20T09:45:00Z,paymentservice,db_pool_in_use,20.1233
2026-07-20T09:46:00Z,checkoutservice,charge_latency_p99_ms,835.6
2026-07-20T09:46:00Z,checkoutservice,checkout_error_ratio,0.0271
2026-07-20T09:46:00Z,frontend,asset_cache_miss_ratio,0.0405
2026-07-20T09:46:00Z,frontend,checkout_5xx_ratio,0.2086
2026-07-20T09:46:00Z,paymentservice,db_conn_wait_ms,3006.9006
2026-07-20T09:46:00Z,paymentservice,db_pool_in_use,20.1055
2026-07-20T09:47:00Z,checkoutservice,charge_latency_p99_ms,865.7
2026-07-20T09:47:00Z,checkoutservice,checkout_error_ratio,0.0296
2026-07-20T09:47:00Z,frontend,asset_cache_miss_ratio,0.0403
2026-07-20T09:47:00Z,frontend,checkout_5xx_ratio,0.208
2026-07-20T09:47:00Z,paymentservice,db_conn_wait_ms,2848.5865
2026-07-20T09:47:00Z,paymentservice,db_pool_in_use,20.2593
2026-07-20T09:48:00Z,checkoutservice,charge_latency_p99_ms,839.6
2026-07-20T09:48:00Z,checkoutservice,checkout_error_ratio,0.0367
2026-07-20T09:48:00Z,frontend,asset_cache_miss_ratio,0.0409
2026-07-20T09:48:00Z,frontend,checkout_5xx_ratio,0.1809
2026-07-20T09:48:00Z,paymentservice,db_conn_wait_ms,2851.8977
2026-07-20T09:48:00Z,paymentservice,db_pool_in_use,19.8394
2026-07-20T09:49:00Z,checkoutservice,charge_latency_p99_ms,931.1
2026-07-20T09:49:00Z,checkoutservice,checkout_error_ratio,0.0392
2026-07-20T09:49:00Z,frontend,asset_cache_miss_ratio,0.0424
2026-07-20T09:49:00Z,frontend,checkout_5xx_ratio,0.1877
2026-07-20T09:49:00Z,paymentservice,db_conn_wait_ms,2889.2313
2026-07-20T09:49:00Z,paymentservice,db_pool_in_use,20.3742
2026-07-20T09:50:00Z,checkoutservice,charge_latency_p99_ms,1084.6
2026-07-20T09:50:00Z,checkoutservice,checkout_error_ratio,0.0468
2026-07-20T09:50:00Z,frontend,asset_cache_miss_ratio,0.0423
2026-07-20T09:50:00Z,frontend,checkout_5xx_ratio,0.2073
2026-07-20T09:50:00Z,paymentservice,db_conn_wait_ms,3239.6404
2026-07-20T09:50:00Z,paymentservice,db_pool_in_use,19.6852
2026-07-20T09:51:00Z,checkoutservice,charge_latency_p99_ms,1024.3
2026-07-20T09:51:00Z,checkoutservice,checkout_error_ratio,0.0534
2026-07-20T09:51:00Z,frontend,asset_cache_miss_ratio,0.0397
2026-07-20T09:51:00Z,frontend,checkout_5xx_ratio,0.1868
2026-07-20T09:51:00Z,paymentservice,db_conn_wait_ms,2896.6932
2026-07-20T09:51:00Z,paymentservice,db_pool_in_use,20.3278
2026-07-20T09:52:00Z,checkoutservice,charge_latency_p99_ms,1033.2
2026-07-20T09:52:00Z,checkoutservice,checkout_error_ratio,0.049
2026-07-20T09:52:00Z,frontend,asset_cache_miss_ratio,0.0399
2026-07-20T09:52:00Z,frontend,checkout_5xx_ratio,0.179
2026-07-20T09:52:00Z,paymentservice,db_conn_wait_ms,3253.4352
2026-07-20T09:52:00Z,paymentservice,db_pool_in_use,19.6211
2026-07-20T09:53:00Z,checkoutservice,charge_latency_p99_ms,1183.0
2026-07-20T09:53:00Z,checkoutservice,checkout_error_ratio,0.054
2026-07-20T09:53:00Z,frontend,asset_cache_miss_ratio,0.0413
2026-07-20T09:53:00Z,frontend,checkout_5xx_ratio,0.1857
2026-07-20T09:53:00Z,paymentservice,db_conn_wait_ms,3167.2716
2026-07-20T09:53:00Z,paymentservice,db_pool_in_use,20.2666
2026-07-20T09:54:00Z,checkoutservice,charge_latency_p99_ms,1230.3
2026-07-20T09:54:00Z,checkoutservice,checkout_error_ratio,0.0578
2026-07-20T09:54:00Z,frontend,asset_cache_miss_ratio,0.0436
2026-07-20T09:54:00Z,frontend,checkout_5xx_ratio,0.1742
2026-07-20T09:54:00Z,paymentservice,db_conn_wait_ms,2946.9056
2026-07-20T09:54:00Z,paymentservice,db_pool_in_use,19.7017
2026-07-20T09:55:00Z,checkoutservice,charge_latency_p99_ms,1204.1
2026-07-20T09:55:00Z,checkoutservice,checkout_error_ratio,0.0604
2026-07-20T09:55:00Z,frontend,asset_cache_miss_ratio,0.0379
2026-07-20T09:55:00Z,frontend,checkout_5xx_ratio,0.1805
2026-07-20T09:55:00Z,paymentservice,db_conn_wait_ms,3032.7546
2026-07-20T09:55:00Z,paymentservice,db_pool_in_use,20.3839
2026-07-20T09:56:00Z,checkoutservice,charge_latency_p99_ms,1293.1
2026-07-20T09:56:00Z,checkoutservice,checkout_error_ratio,0.0712
2026-07-20T09:56:00Z,frontend,asset_cache_miss_ratio,0.0426
2026-07-20T09:56:00Z,frontend,checkout_5xx_ratio,0.21
2026-07-20T09:56:00Z,paymentservice,db_conn_wait_ms,3074.946
2026-07-20T09:56:00Z,paymentservice,db_pool_in_use,20.1158
2026-07-20T09:57:00Z,checkoutservice,charge_latency_p99_ms,1354.6
2026-07-20T09:57:00Z,checkoutservice,checkout_error_ratio,0.0754
2026-07-20T09:57:00Z,frontend,asset_cache_miss_ratio,0.0429
2026-07-20T09:57:00Z,frontend,checkout_5xx_ratio,0.2061
2026-07-20T09:57:00Z,paymentservice,db_conn_wait_ms,2957.2838
2026-07-20T09:57:00Z,paymentservice,db_pool_in_use,19.9285
2026-07-20T09:58:00Z,checkoutservice,charge_latency_p99_ms,1455.4
2026-07-20T09:58:00Z,checkoutservice,checkout_error_ratio,0.0783
2026-07-20T09:58:00Z,frontend,asset_cache_miss_ratio,0.0378
2026-07-20T09:58:00Z,frontend,checkout_5xx_ratio,0.1878
2026-07-20T09:58:00Z,paymentservice,db_conn_wait_ms,3245.5349
2026-07-20T09:58:00Z,paymentservice,db_pool_in_use,20.3017
2026-07-20T09:59:00Z,checkoutservice,charge_latency_p99_ms,1445.8
2026-07-20T09:59:00Z,checkoutservice,checkout_error_ratio,0.0908
2026-07-20T09:59:00Z,frontend,asset_cache_miss_ratio,0.0418
2026-07-20T09:59:00Z,frontend,checkout_5xx_ratio,0.1835
2026-07-20T09:59:00Z,paymentservice,db_conn_wait_ms,3103.7245
2026-07-20T09:59:00Z,paymentservice,db_pool_in_use,19.6961
2026-07-20T10:00:00Z,checkoutservice,charge_latency_p99_ms,1473.9
2026-07-20T10:00:00Z,checkoutservice,checkout_error_ratio,0.0871
2026-07-20T10:00:00Z,frontend,asset_cache_miss_ratio,0.0415
2026-07-20T10:00:00Z,frontend,checkout_5xx_ratio,0.2092
2026-07-20T10:00:00Z,paymentservice,db_conn_wait_ms,3021.079
2026-07-20T10:00:00Z,paymentservice,db_pool_in_use,20.212
2026-07-20T10:01:00Z,checkoutservice,charge_latency_p99_ms,1575.5
2026-07-20T10:01:00Z,checkoutservice,checkout_error_ratio,0.085
2026-07-20T10:01:00Z,frontend,asset_cache_miss_ratio,0.0425
2026-07-20T10:01:00Z,frontend,checkout_5xx_ratio,0.1751
2026-07-20T10:01:00Z,paymentservice,db_conn_wait_ms,3232.7892
2026-07-20T10:01:00Z,paymentservice,db_pool_in_use,20.355
2026-07-20T10:02:00Z,checkoutservice,charge_latency_p99_ms,1746.1
2026-07-20T10:02:00Z,checkoutservice,checkout_error_ratio,0.0943
2026-07-20T10:02:00Z,frontend,asset_cache_miss_ratio,0.0363
2026-07-20T10:02:00Z,frontend,checkout_5xx_ratio,0.1703
2026-07-20T10:02:00Z,paymentservice,db_conn_wait_ms,3078.5349
2026-07-20T10:02:00Z,paymentservice,db_pool_in_use,20.17
2026-07-20T10:03:00Z,checkoutservice,charge_latency_p99_ms,1704.3
2026-07-20T10:03:00Z,checkoutservice,checkout_error_ratio,0.1106
2026-07-20T10:03:00Z,frontend,asset_cache_miss_ratio,0.0378
2026-07-20T10:03:00Z,frontend,checkout_5xx_ratio,0.2059
2026-07-20T10:03:00Z,paymentservice,db_conn_wait_ms,3094.5444
2026-07-20T10:03:00Z,paymentservice,db_pool_in_use,20.0638
2026-07-20T10:04:00Z,checkoutservice,charge_latency_p99_ms,2010.9
2026-07-20T10:04:00Z,checkoutservice,checkout_error_ratio,0.1006
2026-07-20T10:04:00Z,frontend,asset_cache_miss_ratio,0.0365
2026-07-20T10:04:00Z,frontend,checkout_5xx_ratio,0.2061
2026-07-20T10:04:00Z,paymentservice,db_conn_wait_ms,3129.0563
2026-07-20T10:04:00Z,paymentservice,db_pool_in_use,20.0731
2026-07-20T10:05:00Z,checkoutservice,charge_latency_p99_ms,1818.3
2026-07-20T10:05:00Z,checkoutservice,checkout_error_ratio,0.1052
2026-07-20T10:05:00Z,frontend,asset_cache_miss_ratio,0.0396
2026-07-20T10:05:00Z,frontend,checkout_5xx_ratio,0.1983
2026-07-20T10:05:00Z,paymentservice,db_conn_wait_ms,3171.2167
2026-07-20T10:05:00Z,paymentservice,db_pool_in_use,20.2102
2026-07-20T10:06:00Z,checkoutservice,charge_latency_p99_ms,2133.8
2026-07-20T10:06:00Z,checkoutservice,checkout_error_ratio,0.1136
2026-07-20T10:06:00Z,frontend,asset_cache_miss_ratio,0.0365
2026-07-20T10:06:00Z,frontend,checkout_5xx_ratio,0.1911
2026-07-20T10:06:00Z,paymentservice,db_conn_wait_ms,3126.6679
2026-07-20T10:06:00Z,paymentservice,db_pool_in_use,20.0392
2026-07-20T10:07:00Z,checkoutservice,charge_latency_p99_ms,2026.3
2026-07-20T10:07:00Z,checkoutservice,checkout_error_ratio,0.1128
2026-07-20T10:07:00Z,frontend,asset_cache_miss_ratio,0.0399
2026-07-20T10:07:00Z,frontend,checkout_5xx_ratio,0.17
2026-07-20T10:07:00Z,paymentservice,db_conn_wait_ms,3107.9589
2026-07-20T10:07:00Z,paymentservice,db_pool_in_use,19.9221
2026-07-20T10:08:00Z,checkoutservice,charge_latency_p99_ms,1930.1
2026-07-20T10:08:00Z,checkoutservice,checkout_error_ratio,0.1212
2026-07-20T10:08:00Z,frontend,asset_cache_miss_ratio,0.0368
2026-07-20T10:08:00Z,frontend,checkout_5xx_ratio,0.1951
2026-07-20T10:08:00Z,paymentservice,db_conn_wait_ms,3258.5489
2026-07-20T10:08:00Z,paymentservice,db_pool_in_use,19.9653
2026-07-20T10:09:00Z,checkoutservice,charge_latency_p99_ms,2225.0
2026-07-20T10:09:00Z,checkoutservice,checkout_error_ratio,0.1428
2026-07-20T10:09:00Z,frontend,asset_cache_miss_ratio,0.0365
2026-07-20T10:09:00Z,frontend,checkout_5xx_ratio,0.1797
2026-07-20T10:09:00Z,paymentservice,db_conn_wait_ms,3262.508
2026-07-20T10:09:00Z,paymentservice,db_pool_in_use,20.3397
2026-07-20T10:10:00Z,checkoutservice,charge_latency_p99_ms,2212.9
2026-07-20T10:10:00Z,checkoutservice,checkout_error_ratio,0.1399
2026-07-20T10:10:00Z,frontend,asset_cache_miss_ratio,0.0408
2026-07-20T10:10:00Z,frontend,checkout_5xx_ratio,0.2076
2026-07-20T10:10:00Z,paymentservice,db_conn_wait_ms,3276.7826
2026-07-20T10:10:00Z,paymentservice,db_pool_in_use,19.7091
2026-07-20T10:11:00Z,checkoutservice,charge_latency_p99_ms,2137.7
2026-07-20T10:11:00Z,checkoutservice,checkout_error_ratio,0.1357
2026-07-20T10:11:00Z,frontend,asset_cache_miss_ratio,0.0406
2026-07-20T10:11:00Z,frontend,checkout_5xx_ratio,0.1829
2026-07-20T10:11:00Z,paymentservice,db_conn_wait_ms,3282.3166
2026-07-20T10:11:00Z,paymentservice,db_pool_in_use,20.0836
2026-07-20T10:12:00Z,checkoutservice,charge_latency_p99_ms,2436.6
2026-07-20T10:12:00Z,checkoutservice,checkout_error_ratio,0.1563
2026-07-20T10:12:00Z,frontend,asset_cache_miss_ratio,0.0414
2026-07-20T10:12:00Z,frontend,checkout_5xx_ratio,0.1754
2026-07-20T10:12:00Z,paymentservice,db_conn_wait_ms,2927.9712
2026-07-20T10:12:00Z,paymentservice,db_pool_in_use,19.7952
2026-07-20T10:13:00Z,checkoutservice,charge_latency_p99_ms,2526.5
2026-07-20T10:13:00Z,checkoutservice,checkout_error_ratio,0.1465
2026-07-20T10:13:00Z,frontend,asset_cache_miss_ratio,0.0406
2026-07-20T10:13:00Z,frontend,checkout_5xx_ratio,0.173
2026-07-20T10:13:00Z,paymentservice,db_conn_wait_ms,3061.4815
2026-07-20T10:13:00Z,paymentservice,db_pool_in_use,19.8506
2026-07-20T10:14:00Z,checkoutservice,charge_latency_p99_ms,2480.0
2026-07-20T10:14:00Z,checkoutservice,checkout_error_ratio,0.1428
2026-07-20T10:14:00Z,frontend,asset_cache_miss_ratio,0.0362
2026-07-20T10:14:00Z,frontend,checkout_5xx_ratio,0.2028
2026-07-20T10:14:00Z,paymentservice,db_conn_wait_ms,2862.685
2026-07-20T10:14:00Z,paymentservice,db_pool_in_use,20.2772
2026-07-20T10:15:00Z,checkoutservice,charge_latency_p99_ms,2509.9
2026-07-20T10:15:00Z,checkoutservice,checkout_error_ratio,0.1729
2026-07-20T10:15:00Z,frontend,asset_cache_miss_ratio,0.0409
2026-07-20T10:15:00Z,frontend,checkout_5xx_ratio,0.2047
2026-07-20T10:15:00Z,paymentservice,db_conn_wait_ms,3118.7892
2026-07-20T10:15:00Z,paymentservice,db_pool_in_use,20.0078
2026-07-20T10:16:00Z,checkoutservice,charge_latency_p99_ms,2425.9
2026-07-20T10:16:00Z,checkoutservice,checkout_error_ratio,0.1673
2026-07-20T10:16:00Z,frontend,asset_cache_miss_ratio,0.0371
2026-07-20T10:16:00Z,frontend,checkout_5xx_ratio,0.1819
2026-07-20T10:16:00Z,paymentservice,db_conn_wait_ms,2878.401
2026-07-20T10:16:00Z,paymentservice,db_pool_in_use,20.2524
2026-07-20T10:17:00Z,checkoutservice,charge_latency_p99_ms,2481.8
2026-07-20T10:17:00Z,checkoutservice,checkout_error_ratio,0.181
2026-07-20T10:17:00Z,frontend,asset_cache_miss_ratio,0.0406
2026-07-20T10:17:00Z,frontend,checkout_5xx_ratio,0.1864
2026-07-20T10:17:00Z,paymentservice,db_conn_wait_ms,3073.3635
2026-07-20T10:17:00Z,paymentservice,db_pool_in_use,19.6339
2026-07-20T10:18:00Z,checkoutservice,charge_latency_p99_ms,2489.8
2026-07-20T10:18:00Z,checkoutservice,checkout_error_ratio,0.1671
2026-07-20T10:18:00Z,frontend,asset_cache_miss_ratio,0.0415
2026-07-20T10:18:00Z,frontend,checkout_5xx_ratio,0.1946
2026-07-20T10:18:00Z,paymentservice,db_conn_wait_ms,2888.8731
2026-07-20T10:18:00Z,paymentservice,db_pool_in_use,20.0539
2026-07-20T10:19:00Z,checkoutservice,charge_latency_p99_ms,2797.9
2026-07-20T10:19:00Z,checkoutservice,checkout_error_ratio,0.1743
2026-07-20T10:19:00Z,frontend,asset_cache_miss_ratio,0.0423
2026-07-20T10:19:00Z,frontend,checkout_5xx_ratio,0.1837
2026-07-20T10:19:00Z,paymentservice,db_conn_wait_ms,3219.0745
2026-07-20T10:19:00Z,paymentservice,db_pool_in_use,20.0443
2026-07-20T10:20:00Z,checkoutservice,charge_latency_p99_ms,2764.3
2026-07-20T10:20:00Z,checkoutservice,checkout_error_ratio,0.17
2026-07-20T10:20:00Z,frontend,asset_cache_miss_ratio,0.044
2026-07-20T10:20:00Z,frontend,checkout_5xx_ratio,0.2084
2026-07-20T10:20:00Z,paymentservice,db_conn_wait_ms,3143.6066
2026-07-20T10:20:00Z,paymentservice,db_pool_in_use,19.7541
2026-07-20T10:21:00Z,checkoutservice,charge_latency_p99_ms,2969.9
2026-07-20T10:21:00Z,checkoutservice,checkout_error_ratio,0.1719
2026-07-20T10:21:00Z,frontend,asset_cache_miss_ratio,0.0428
2026-07-20T10:21:00Z,frontend,checkout_5xx_ratio,0.2022
2026-07-20T10:21:00Z,paymentservice,db_conn_wait_ms,3198.9901
2026-07-20T10:21:00Z,paymentservice,db_pool_in_use,19.6233
2026-07-20T10:22:00Z,checkoutservice,charge_latency_p99_ms,2698.4
2026-07-20T10:22:00Z,checkoutservice,checkout_error_ratio,0.1982
2026-07-20T10:22:00Z,frontend,asset_cache_miss_ratio,0.0366
2026-07-20T10:22:00Z,frontend,checkout_5xx_ratio,0.2096
2026-07-20T10:22:00Z,paymentservice,db_conn_wait_ms,3197.0073
2026-07-20T10:22:00Z,paymentservice,db_pool_in_use,20.1374
2026-07-20T10:23:00Z,checkoutservice,charge_latency_p99_ms,3047.1
2026-07-20T10:23:00Z,checkoutservice,checkout_error_ratio,0.1954
2026-07-20T10:23:00Z,frontend,asset_cache_miss_ratio,0.0405
2026-07-20T10:23:00Z,frontend,checkout_5xx_ratio,0.1779
2026-07-20T10:23:00Z,paymentservice,db_conn_wait_ms,3204.6376
2026-07-20T10:23:00Z,paymentservice,db_pool_in_use,20.3437
2026-07-20T10:24:00Z,checkoutservice,charge_latency_p99_ms,3152.5
2026-07-20T10:24:00Z,checkoutservice,checkout_error_ratio,0.218
2026-07-20T10:24:00Z,frontend,asset_cache_miss_ratio,0.0366
2026-07-20T10:24:00Z,frontend,checkout_5xx_ratio,0.1805
2026-07-20T10:24:00Z,paymentservice,db_conn_wait_ms,2846.1646
2026-07-20T10:24:00Z,paymentservice,db_pool_in_use,20.354
2026-07-20T10:25:00Z,checkoutservice,charge_latency_p99_ms,2931.8
2026-07-20T10:25:00Z,checkoutservice,checkout_error_ratio,0.1901
2026-07-20T10:25:00Z,frontend,asset_cache_miss_ratio,0.0423
2026-07-20T10:25:00Z,frontend,checkout_5xx_ratio,0.1717
2026-07-20T10:25:00Z,paymentservice,db_conn_wait_ms,3221.606
2026-07-20T10:25:00Z,paymentservice,db_pool_in_use,19.6655
2026-07-20T10:26:00Z,checkoutservice,charge_latency_p99_ms,3290.1
2026-07-20T10:26:00Z,checkoutservice,checkout_error_ratio,0.2154
2026-07-20T10:26:00Z,frontend,asset_cache_miss_ratio,0.0385
2026-07-20T10:26:00Z,frontend,checkout_5xx_ratio,0.1754
2026-07-20T10:26:00Z,paymentservice,db_conn_wait_ms,2856.8189
2026-07-20T10:26:00Z,paymentservice,db_pool_in_use,19.6884
2026-07-20T10:27:00Z,checkoutservice,charge_latency_p99_ms,3067.1
2026-07-20T10:27:00Z,checkoutservice,checkout_error_ratio,0.2257
2026-07-20T10:27:00Z,frontend,asset_cache_miss_ratio,0.04
2026-07-20T10:27:00Z,frontend,checkout_5xx_ratio,0.175
2026-07-20T10:27:00Z,paymentservice,db_conn_wait_ms,3051.9374
2026-07-20T10:27:00Z,paymentservice,db_pool_in_use,19.6623
2026-07-20T10:28:00Z,checkoutservice,charge_latency_p99_ms,3145.7
2026-07-20T10:28:00Z,checkoutservice,checkout_error_ratio,0.1924
2026-07-20T10:28:00Z,frontend,asset_cache_miss_ratio,0.0422
2026-07-20T10:28:00Z,frontend,checkout_5xx_ratio,0.1762
2026-07-20T10:28:00Z,paymentservice,db_conn_wait_ms,3192.8902
2026-07-20T10:28:00Z,paymentservice,db_pool_in_use,20.3502
2026-07-20T10:29:00Z,checkoutservice,charge_latency_p99_ms,3466.0
2026-07-20T10:29:00Z,checkoutservice,checkout_error_ratio,0.2055
2026-07-20T10:29:00Z,frontend,asset_cache_miss_ratio,0.036
2026-07-20T10:29:00Z,frontend,checkout_5xx_ratio,0.2076
2026-07-20T10:29:00Z,paymentservice,db_conn_wait_ms,2982.4434
2026-07-20T10:29:00Z,paymentservice,db_pool_in_use,19.9768
2026-07-20T10:30:00Z,checkoutservice,charge_latency_p99_ms,3155.4
2026-07-20T10:30:00Z,checkoutservice,checkout_error_ratio,0.203
2026-07-20T10:30:00Z,frontend,asset_cache_miss_ratio,0.0409
2026-07-20T10:30:00Z,frontend,checkout_5xx_ratio,0.189
2026-07-20T10:30:00Z,paymentservice,db_conn_wait_ms,3055.8922
2026-07-20T10:30:00Z,paymentservice,db_pool_in_use,19.6754
