timestamp,service,metric,value
2026-07-24T07:00:00Z,auth-gw,session_lookup_error_ratio,0.0028
2026-07-24T07:00:00Z,auth-gw,session_lookup_p95_ms,35.0
2026-07-24T07:00:00Z,billing-worker,billing_queue_depth,20.1
2026-07-24T07:00:00Z,frontend,login_latency_p95_ms,200.4
2026-07-24T07:00:00Z,frontend,page_render_p95_ms,112.9
2026-07-24T07:00:00Z,search-indexer,index_lag_ms,105.2
2026-07-24T07:00:00Z,session-cache,cache_evictions_per_sec,38.1
2026-07-24T07:00:00Z,session-cache,cache_hit_ratio,0.9529
2026-07-24T07:01:00Z,auth-gw,session_lookup_error_ratio,0.0026
2026-07-24T07:01:00Z,auth-gw,session_lookup_p95_ms,34.0
2026-07-24T07:01:00Z,billing-worker,billing_queue_depth,17.2
2026-07-24T07:01:00Z,frontend,login_latency_p95_ms,184.5
2026-07-24T07:01:00Z,frontend,page_render_p95_ms,105.5
2026-07-24T07:01:00Z,search-indexer,index_lag_ms,93.7
2026-07-24T07:01:00Z,session-cache,cache_evictions_per_sec,41.7
2026-07-24T07:01:00Z,session-cache,cache_hit_ratio,0.9674
2026-07-24T07:02:00Z,auth-gw,session_lookup_error_ratio,0.003
2026-07-24T07:02:00Z,auth-gw,session_lookup_p95_ms,36.1
2026-07-24T07:02:00Z,billing-worker,billing_queue_depth,18.5
2026-07-24T07:02:00Z,frontend,login_latency_p95_ms,187.8
2026-07-24T07:02:00Z,frontend,page_render_p95_ms,104.3
2026-07-24T07:02:00Z,search-indexer,index_lag_ms,103.5
2026-07-24T07:02:00Z,session-cache,cache_evictions_per_sec,39.9
2026-07-24T07:02:00Z,session-cache,cache_hit_ratio,0.964
2026-07-24T07:03:00Z,auth-gw,session_lookup_error_ratio,0.0031
2026-07-24T07:03:00Z,auth-gw,session_lookup_p95_ms,35.2
2026-07-24T07:03:00Z,billing-worker,billing_queue_depth,19.6
2026-07-24T07:03:00Z,frontend,login_latency_p95_ms,184.9
2026-07-24T07:03:00Z,frontend,page_render_p95_ms,103.4
2026-07-24T07:03:00Z,search-indexer,index_lag_ms,86.2
2026-07-24T07:03:00Z,session-cache,cache_evictions_per_sec,43.5
2026-07-24T07:03:00Z,session-cache,cache_hit_ratio,0.9597
2026-07-24T07:04:00Z,auth-gw,session_lookup_error_ratio,0.003
2026-07-24T07:04:00Z,auth-gw,session_lookup_p95_ms,33.7
2026-07-24T07:04:00Z,billing-worker,billing_queue_depth,17.9
2026-07-24T07:04:00Z,frontend,login_latency_p95_ms,178.0
2026-07-24T07:04:00Z,frontend,page_render_p95_ms,111.1
2026-07-24T07:04:00Z,search-indexer,index_lag_ms,98.0
2026-07-24T07:04:00Z,session-cache,cache_evictions_per_sec,44.2
2026-07-24T07:04:00Z,session-cache,cache_hit_ratio,0.9681
2026-07-24T07:05:00Z,auth-gw,session_lookup_error_ratio,0.0034
2026-07-24T07:05:00Z,auth-gw,session_lookup_p95_ms,33.3
2026-07-24T07:05:00Z,billing-worker,billing_queue_depth,18.0
2026-07-24T07:05:00Z,frontend,login_latency_p95_ms,181.5
2026-07-24T07:05:00Z,frontend,page_render_p95_ms,111.7
2026-07-24T07:05:00Z,search-indexer,index_lag_ms,97.3
2026-07-24T07:05:00Z,session-cache,cache_evictions_per_sec,39.3
2026-07-24T07:05:00Z,session-cache,cache_hit_ratio,0.9682
2026-07-24T07:06:00Z,auth-gw,session_lookup_error_ratio,0.0029
2026-07-24T07:06:00Z,auth-gw,session_lookup_p95_ms,36.4
2026-07-24T07:06:00Z,billing-worker,billing_queue_depth,17.5
2026-07-24T07:06:00Z,frontend,login_latency_p95_ms,192.9
2026-07-24T07:06:00Z,frontend,page_render_p95_ms,106.1
2026-07-24T07:06:00Z,search-indexer,index_lag_ms,92.0
2026-07-24T07:06:00Z,session-cache,cache_evictions_per_sec,45.8
2026-07-24T07:06:00Z,session-cache,cache_hit_ratio,0.9609
2026-07-24T07:07:00Z,auth-gw,session_lookup_error_ratio,0.0034
2026-07-24T07:07:00Z,auth-gw,session_lookup_p95_ms,37.5
2026-07-24T07:07:00Z,billing-worker,billing_queue_depth,19.0
2026-07-24T07:07:00Z,frontend,login_latency_p95_ms,187.5
2026-07-24T07:07:00Z,frontend,page_render_p95_ms,110.7
2026-07-24T07:07:00Z,search-indexer,index_lag_ms,100.8
2026-07-24T07:07:00Z,session-cache,cache_evictions_per_sec,39.7
2026-07-24T07:07:00Z,session-cache,cache_hit_ratio,0.9658
2026-07-24T07:08:00Z,auth-gw,session_lookup_error_ratio,0.003
2026-07-24T07:08:00Z,auth-gw,session_lookup_p95_ms,36.1
2026-07-24T07:08:00Z,billing-worker,billing_queue_depth,20.5
2026-07-24T07:08:00Z,frontend,login_latency_p95_ms,184.2
2026-07-24T07:08:00Z,frontend,page_render_p95_ms,114.7
2026-07-24T07:08:00Z,search-indexer,index_lag_ms,90.3
2026-07-24T07:08:00Z,session-cache,cache_evictions_per_sec,45.6
2026-07-24T07:08:00Z,session-cache,cache_hit_ratio,0.954
2026-07-24T07:09:00Z,auth-gw,session_lookup_error_ratio,0.0028
2026-07-24T07:09:00Z,auth-gw,session_lookup_p95_ms,34.0
2026-07-24T07:09:00Z,billing-worker,billing_queue_depth,20.1
2026-07-24T07:09:00Z,frontend,login_latency_p95_ms,193.9
2026-07-24T07:09:00Z,frontend,page_render_p95_ms,106.6
2026-07-24T07:09:00Z,search-indexer,index_lag_ms,89.0
2026-07-24T07:09:00Z,session-cache,cache_evictions_per_sec,37.8
2026-07-24T07:09:00Z,session-cache,cache_hit_ratio,0.9665
2026-07-24T07:10:00Z,auth-gw,session_lookup_error_ratio,0.0029
2026-07-24T07:10:00Z,auth-gw,session_lookup_p95_ms,37.5
2026-07-24T07:10:00Z,billing-worker,billing_queue_depth,15.8
2026-07-24T07:10:00Z,frontend,login_latency_p95_ms,189.1
2026-07-24T07:10:00Z,frontend,page_render_p95_ms,109.8
2026-07-24T07:10:00Z,search-indexer,index_lag_ms,92.9
2026-07-24T07:10:00Z,session-cache,cache_evictions_per_sec,44.3
2026-07-24T07:10:00Z,session-cache,cache_hit_ratio,0.9624
2026-07-24T07:11:00Z,auth-gw,session_lookup_error_ratio,0.0031
2026-07-24T07:11:00Z,auth-gw,session_lookup_p95_ms,36.1
2026-07-24T07:11:00Z,billing-worker,billing_queue_depth,15.8
2026-07-24T07:11:00Z,frontend,login_latency_p95_ms,177.6
2026-07-24T07:11:00Z,frontend,page_render_p95_ms,108.7
2026-07-24T07:11:00Z,search-indexer,index_lag_ms,101.1
2026-07-24T07:11:00Z,session-cache,cache_evictions_per_sec,45.4
2026-07-24T07:11:00Z,session-cache,cache_hit_ratio,0.9578
2026-07-24T07:12:00Z,auth-gw,session_lookup_error_ratio,0.0027
2026-07-24T07:12:00Z,auth-gw,session_lookup_p95_ms,37.2
2026-07-24T07:12:00Z,billing-worker,billing_queue_depth,19.6
2026-07-24T07:12:00Z,frontend,login_latency_p95_ms,192.7
2026-07-24T07:12:00Z,frontend,page_render_p95_ms,113.1
2026-07-24T07:12:00Z,search-indexer,index_lag_ms,100.6
2026-07-24T07:12:00Z,session-cache,cache_evictions_per_sec,45.0
2026-07-24T07:12:00Z,session-cache,cache_hit_ratio,0.9672
2026-07-24T07:13:00Z,auth-gw,session_lookup_error_ratio,0.0028
2026-07-24T07:13:00Z,auth-gw,session_lookup_p95_ms,36.2
2026-07-24T07:13:00Z,billing-worker,billing_queue_depth,19.1
2026-07-24T07:13:00Z,frontend,login_latency_p95_ms,181.1
2026-07-24T07:13:00Z,frontend,page_render_p95_ms,116.2
2026-07-24T07:13:00Z,search-indexer,index_lag_ms,103.2
2026-07-24T07:13:00Z,session-cache,cache_evictions_per_sec,42.9
2026-07-24T07:13:00Z,session-cache,cache_hit_ratio,0.9581
2026-07-24T07:14:00Z,auth-gw,session_lookup_error_ratio,0.0033
2026-07-24T07:14:00Z,auth-gw,session_lookup_p95_ms,37.1
2026-07-24T07:14:00Z,billing-worker,billing_queue_depth,15.7
2026-07-24T07:14:00Z,frontend,login_latency_p95_ms,202.3
2026-07-24T07:14:00Z,frontend,page_render_p95_ms,115.7
2026-07-24T07:14:00Z,search-indexer,index_lag_ms,102.6
2026-07-24T07:14:00Z,session-cache,cache_evictions_per_sec,44.7
2026-07-24T07:14:00Z,session-cache,cache_hit_ratio,0.9589
2026-07-24T07:15:00Z,auth-gw,session_lookup_error_ratio,0.0032
2026-07-24T07:15:00Z,auth-gw,session_lookup_p95_ms,34.7
2026-07-24T07:15:00Z,billing-worker,billing_queue_depth,16.8
2026-07-24T07:15:00Z,frontend,login_latency_p95_ms,187.5
2026-07-24T07:15:00Z,frontend,page_render_p95_ms,110.1
2026-07-24T07:15:00Z,search-indexer,index_lag_ms,90.5
2026-07-24T07:15:00Z,session-cache,cache_evictions_per_sec,40.0
2026-07-24T07:15:00Z,session-cache,cache_hit_ratio,0.9627
2026-07-24T07:16:00Z,auth-gw,session_lookup_error_ratio,0.0027
2026-07-24T07:16:00Z,auth-gw,session_lookup_p95_ms,37.3
2026-07-24T07:16:00Z,billing-worker,billing_queue_depth,17.5
2026-07-24T07:16:00Z,frontend,login_latency_p95_ms,184.3
2026-07-24T07:16:00Z,frontend,page_render_p95_ms,110.4
2026-07-24T07:16:00Z,search-indexer,index_lag_ms,97.7
2026-07-24T07:16:00Z,session-cache,cache_evictions_per_sec,45.8
2026-07-24T07:16:00Z,session-cache,cache_hit_ratio,0.9583
2026-07-24T07:17:00Z,auth-gw,session_lookup_error_ratio,0.0031
2026-07-24T07:17:00Z,auth-gw,session_lookup_p95_ms,34.1
2026-07-24T07:17:00Z,billing-worker,billing_queue_depth,18.1
2026-07-24T07:17:00Z,frontend,login_latency_p95_ms,198.5
2026-07-24T07:17:00Z,frontend,page_render_p95_ms,112.0
2026-07-24T07:17:00Z,search-indexer,index_lag_ms,97.8
2026-07-24T07:17:00Z,session-cache,cache_evictions_per_sec,41.1
2026-07-24T07:17:00Z,session-cache,cache_hit_ratio,0.9621
2026-07-24T07:18:00Z,auth-gw,session_lookup_error_ratio,0.0027
2026-07-24T07:18:00Z,auth-gw,session_lookup_p95_ms,33.0
2026-07-24T07:18:00Z,billing-worker,billing_queue_depth,16.7
2026-07-24T07:18:00Z,frontend,login_latency_p95_ms,185.3
2026-07-24T07:18:00Z,frontend,page_render_p95_ms,104.9
2026-07-24T07:18:00Z,search-indexer,index_lag_ms,103.0
2026-07-24T07:18:00Z,session-cache,cache_evictions_per_sec,38.2
2026-07-24T07:18:00Z,session-cache,cache_hit_ratio,0.9534
2026-07-24T07:19:00Z,auth-gw,session_lookup_error_ratio,0.0032
2026-07-24T07:19:00Z,auth-gw,session_lookup_p95_ms,35.2
2026-07-24T07:19:00Z,billing-worker,billing_queue_depth,18.6
2026-07-24T07:19:00Z,frontend,login_latency_p95_ms,194.5
2026-07-24T07:19:00Z,frontend,page_render_p95_ms,110.5
2026-07-24T07:19:00Z,search-indexer,index_lag_ms,94.8
2026-07-24T07:19:00Z,session-cache,cache_evictions_per_sec,41.2
2026-07-24T07:19:00Z,session-cache,cache_hit_ratio,0.959
2026-07-24T07:20:00Z,auth-gw,session_lookup_error_ratio,0.0031
2026-07-24T07:20:00Z,auth-gw,session_lookup_p95_ms,35.3
2026-07-24T07:20:00Z,billing-worker,billing_queue_depth,15.6
2026-07-24T07:20:00Z,frontend,login_latency_p95_ms,180.0
2026-07-24T07:20:00Z,frontend,page_render_p95_ms,103.9
2026-07-24T07:20:00Z,search-indexer,index_lag_ms,92.9
2026-07-24T07:20:00Z,session-cache,cache_evictions_per_sec,38.7
2026-07-24T07:20:00Z,session-cache,cache_hit_ratio,0.9653
2026-07-24T07:21:00Z,auth-gw,session_lookup_error_ratio,0.0027
2026-07-24T07:21:00Z,auth-gw,session_lookup_p95_ms,33.3
2026-07-24T07:21:00Z,billing-worker,billing_queue_depth,17.4
2026-07-24T07:21:00Z,frontend,login_latency_p95_ms,189.3
2026-07-24T07:21:00Z,frontend,page_render_p95_ms,112.9
2026-07-24T07:21:00Z,search-indexer,index_lag_ms,101.1
2026-07-24T07:21:00Z,session-cache,cache_evictions_per_sec,38.4
2026-07-24T07:21:00Z,session-cache,cache_hit_ratio,0.9663
2026-07-24T07:22:00Z,auth-gw,session_lookup_error_ratio,0.0034
2026-07-24T07:22:00Z,auth-gw,session_lookup_p95_ms,34.4
2026-07-24T07:22:00Z,billing-worker,billing_queue_depth,19.4
2026-07-24T07:22:00Z,frontend,login_latency_p95_ms,196.9
2026-07-24T07:22:00Z,frontend,page_render_p95_ms,112.2
2026-07-24T07:22:00Z,search-indexer,index_lag_ms,91.6
2026-07-24T07:22:00Z,session-cache,cache_evictions_per_sec,39.1
2026-07-24T07:22:00Z,session-cache,cache_hit_ratio,0.958
2026-07-24T07:23:00Z,auth-gw,session_lookup_error_ratio,0.0028
2026-07-24T07:23:00Z,auth-gw,session_lookup_p95_ms,37.4
2026-07-24T07:23:00Z,billing-worker,billing_queue_depth,19.8
2026-07-24T07:23:00Z,frontend,login_latency_p95_ms,193.1
2026-07-24T07:23:00Z,frontend,page_render_p95_ms,111.2
2026-07-24T07:23:00Z,search-indexer,index_lag_ms,105.3
2026-07-24T07:23:00Z,session-cache,cache_evictions_per_sec,42.7
2026-07-24T07:23:00Z,session-cache,cache_hit_ratio,0.9512
2026-07-24T07:24:00Z,auth-gw,session_lookup_error_ratio,0.0031
2026-07-24T07:24:00Z,auth-gw,session_lookup_p95_ms,34.0
2026-07-24T07:24:00Z,billing-worker,billing_queue_depth,18.4
2026-07-24T07:24:00Z,frontend,login_latency_p95_ms,200.7
2026-07-24T07:24:00Z,frontend,page_render_p95_ms,108.0
2026-07-24T07:24:00Z,search-indexer,index_lag_ms,98.0
2026-07-24T07:24:00Z,session-cache,cache_evictions_per_sec,38.6
2026-07-24T07:24:00Z,session-cache,cache_hit_ratio,0.9578
2026-07-24T07:25:00Z,auth-gw,session_lookup_error_ratio,0.0032
2026-07-24T07:25:00Z,auth-gw,session_lookup_p95_ms,35.9
2026-07-24T07:25:00Z,billing-worker,billing_queue_depth,16.4
2026-07-24T07:25:00Z,frontend,login_latency_p95_ms,180.3
2026-07-24T07:25:00Z,frontend,page_render_p95_ms,108.9
2026-07-24T07:25:00Z,search-indexer,index_lag_ms,98.7
2026-07-24T07:25:00Z,session-cache,cache_evictions_per_sec,40.3
2026-07-24T07:25:00Z,session-cache,cache_hit_ratio,0.9552
2026-07-24T07:26:00Z,auth-gw,session_lookup_error_ratio,0.003
2026-07-24T07:26:00Z,auth-gw,session_lookup_p95_ms,32.9
2026-07-24T07:26:00Z,billing-worker,billing_queue_depth,17.8
2026-07-24T07:26:00Z,frontend,login_latency_p95_ms,202.1
2026-07-24T07:26:00Z,frontend,page_render_p95_ms,105.5
2026-07-24T07:26:00Z,search-indexer,index_lag_ms,93.1
2026-07-24T07:26:00Z,session-cache,cache_evictions_per_sec,44.0
2026-07-24T07:26:00Z,session-cache,cache_hit_ratio,0.9587
2026-07-24T07:27:00Z,auth-gw,session_lookup_error_ratio,0.0027
2026-07-24T07:27:00Z,auth-gw,session_lookup_p95_ms,33.2
2026-07-24T07:27:00Z,billing-worker,billing_queue_depth,20.4
2026-07-24T07:27:00Z,frontend,login_latency_p95_ms,177.7
2026-07-24T07:27:00Z,frontend,page_render_p95_ms,109.0
2026-07-24T07:27:00Z,search-indexer,index_lag_ms,90.5
2026-07-24T07:27:00Z,session-cache,cache_evictions_per_sec,38.1
2026-07-24T07:27:00Z,session-cache,cache_hit_ratio,0.9633
2026-07-24T07:28:00Z,auth-gw,session_lookup_error_ratio,0.0034
2026-07-24T07:28:00Z,auth-gw,session_lookup_p95_ms,34.4
2026-07-24T07:28:00Z,billing-worker,billing_queue_depth,18.4
2026-07-24T07:28:00Z,frontend,login_latency_p95_ms,191.6
2026-07-24T07:28:00Z,frontend,page_render_p95_ms,116.5
2026-07-24T07:28:00Z,search-indexer,index_lag_ms,84.2
2026-07-24T07:28:00Z,session-cache,cache_evictions_per_sec,46.1
2026-07-24T07:28:00Z,session-cache,cache_hit_ratio,0.9606
2026-07-24T07:29:00Z,auth-gw,session_lookup_error_ratio,0.0034
2026-07-24T07:29:00Z,auth-gw,session_lookup_p95_ms,34.7
2026-07-24T07:29:00Z,billing-worker,billing_queue_depth,19.3
2026-07-24T07:29:00Z,frontend,login_latency_p95_ms,194.1
2026-07-24T07:29:00Z,frontend,page_render_p95_ms,112.6
2026-07-24T07:29:00Z,search-indexer,index_lag_ms,106.1
2026-07-24T07:29:00Z,session-cache,cache_evictions_per_sec,44.9
2026-07-24T07:29:00Z,session-cache,cache_hit_ratio,0.9622
2026-07-24T07:30:00Z,auth-gw,session_lookup_error_ratio,0.0029
2026-07-24T07:30:00Z,auth-gw,session_lookup_p95_ms,33.2
2026-07-24T07:30:00Z,billing-worker,billing_queue_depth,16.0
2026-07-24T07:30:00Z,frontend,login_latency_p95_ms,188.4
2026-07-24T07:30:00Z,frontend,page_render_p95_ms,103.5
2026-07-24T07:30:00Z,search-indexer,index_lag_ms,103.9
2026-07-24T07:30:00Z,session-cache,cache_evictions_per_sec,45.2
2026-07-24T07:30:00Z,session-cache,cache_hit_ratio,0.9534
2026-07-24T07:31:00Z,auth-gw,session_lookup_error_ratio,0.0034
2026-07-24T07:31:00Z,auth-gw,session_lookup_p95_ms,37.4
2026-07-24T07:31:00Z,billing-worker,billing_queue_depth,16.0
2026-07-24T07:31:00Z,frontend,login_latency_p95_ms,195.3
2026-07-24T07:31:00Z,frontend,page_render_p95_ms,110.8
2026-07-24T07:31:00Z,search-indexer,index_lag_ms,91.5
2026-07-24T07:31:00Z,session-cache,cache_evictions_per_sec,45.1
2026-07-24T07:31:00Z,session-cache,cache_hit_ratio,0.9519
2026-07-24T07:32:00Z,auth-gw,session_lookup_error_ratio,0.0031
2026-07-24T07:32:00Z,auth-gw,session_lookup_p95_ms,37.6
2026-07-24T07:32:00Z,billing-worker,billing_queue_depth,20.3
2026-07-24T07:32:00Z,frontend,login_latency_p95_ms,194.9
2026-07-24T07:32:00Z,frontend,page_render_p95_ms,109.2
2026-07-24T07:32:00Z,search-indexer,index_lag_ms,89.0
2026-07-24T07:32:00Z,session-cache,cache_evictions_per_sec,38.9
2026-07-24T07:32:00Z,session-cache,cache_hit_ratio,0.9625
2026-07-24T07:33:00Z,auth-gw,session_lookup_error_ratio,0.0034
2026-07-24T07:33:00Z,auth-gw,session_lookup_p95_ms,34.4
2026-07-24T07:33:00Z,billing-worker,billing_queue_depth,17.1
2026-07-24T07:33:00Z,frontend,login_latency_p95_ms,192.6
2026-07-24T07:33:00Z,frontend,page_render_p95_ms,104.9
2026-07-24T07:33:00Z,search-indexer,index_lag_ms,90.2
2026-07-24T07:33:00Z,session-cache,cache_evictions_per_sec,45.0
2026-07-24T07:33:00Z,session-cache,cache_hit_ratio,0.9517
2026-07-24T07:34:00Z,auth-gw,session_lookup_error_ratio,0.0028
2026-07-24T07:34:00Z,auth-gw,session_lookup_p95_ms,32.9
2026-07-24T07:34:00Z,billing-worker,billing_queue_depth,15.5
2026-07-24T07:34:00Z,frontend,login_latency_p95_ms,182.2
2026-07-24T07:34:00Z,frontend,page_render_p95_ms,107.6
2026-07-24T07:34:00Z,search-indexer,index_lag_ms,97.1
2026-07-24T07:34:00Z,session-cache,cache_evictions_per_sec,43.4
2026-07-24T07:34:00Z,session-cache,cache_hit_ratio,0.958
2026-07-24T07:35:00Z,auth-gw,session_lookup_error_ratio,0.0029
2026-07-24T07:35:00Z,auth-gw,session_lookup_p95_ms,37.3
2026-07-24T07:35:00Z,billing-worker,billing_queue_depth,17.7
2026-07-24T07:35:00Z,frontend,login_latency_p95_ms,183.7
2026-07-24T07:35:00Z,frontend,page_render_p95_ms,109.8
2026-07-24T07:35:00Z,search-indexer,index_lag_ms,96.1
2026-07-24T07:35:00Z,session-cache,cache_evictions_per_sec,45.6
2026-07-24T07:35:00Z,session-cache,cache_hit_ratio,0.9523
2026-07-24T07:36:00Z,auth-gw,session_lookup_error_ratio,0.0026
2026-07-24T07:36:00Z,auth-gw,session_lookup_p95_ms,34.1
2026-07-24T07:36:00Z,billing-worker,billing_queue_depth,20.4
2026-07-24T07:36:00Z,frontend,login_latency_p95_ms,190.9
2026-07-24T07:36:00Z,frontend,page_render_p95_ms,109.0
2026-07-24T07:36:00Z,search-indexer,index_lag_ms,85.0
2026-07-24T07:36:00Z,session-cache,cache_evictions_per_sec,42.6
2026-07-24T07:36:00Z,session-cache,cache_hit_ratio,0.9564
2026-07-24T07:37:00Z,auth-gw,session_lookup_error_ratio,0.0032
2026-07-24T07:37:00Z,auth-gw,session_lookup_p95_ms,32.7
2026-07-24T07:37:00Z,billing-worker,billing_queue_depth,15.5
2026-07-24T07:37:00Z,frontend,login_latency_p95_ms,179.2
2026-07-24T07:37:00Z,frontend,page_render_p95_ms,108.4
2026-07-24T07:37:00Z,search-indexer,index_lag_ms,106.2
2026-07-24T07:37:00Z,session-cache,cache_evictions_per_sec,38.7
2026-07-24T07:37:00Z,session-cache,cache_hit_ratio,0.9558
2026-07-24T07:38:00Z,auth-gw,session_lookup_error_ratio,0.0026
2026-07-24T07:38:00Z,auth-gw,session_lookup_p95_ms,35.9
2026-07-24T07:38:00Z,billing-worker,billing_queue_depth,17.2
2026-07-24T07:38:00Z,frontend,login_latency_p95_ms,201.2
2026-07-24T07:38:00Z,frontend,page_render_p95_ms,112.5
2026-07-24T07:38:00Z,search-indexer,index_lag_ms,85.5
2026-07-24T07:38:00Z,session-cache,cache_evictions_per_sec,40.9
2026-07-24T07:38:00Z,session-cache,cache_hit_ratio,0.9577
2026-07-24T07:39:00Z,auth-gw,session_lookup_error_ratio,0.0034
2026-07-24T07:39:00Z,auth-gw,session_lookup_p95_ms,34.9
2026-07-24T07:39:00Z,billing-worker,billing_queue_depth,18.6
2026-07-24T07:39:00Z,frontend,login_latency_p95_ms,188.6
2026-07-24T07:39:00Z,frontend,page_render_p95_ms,106.2
2026-07-24T07:39:00Z,search-indexer,index_lag_ms,94.8
2026-07-24T07:39:00Z,session-cache,cache_evictions_per_sec,43.1
2026-07-24T07:39:00Z,session-cache,cache_hit_ratio,0.9521
2026-07-24T07:40:00Z,auth-gw,session_lookup_error_ratio,0.0028
2026-07-24T07:40:00Z,auth-gw,session_lookup_p95_ms,33.8
2026-07-24T07:40:00Z,billing-worker,billing_queue_depth,16.0
2026-07-24T07:40:00Z,frontend,login_latency_p95_ms,191.1
2026-07-24T07:40:00Z,frontend,page_render_p95_ms,112.6
2026-07-24T07:40:00Z,search-indexer,index_lag_ms,104.8
2026-07-24T07:40:00Z,session-cache,cache_evictions_per_sec,44.3
2026-07-24T07:40:00Z,session-cache,cache_hit_ratio,0.9563
2026-07-24T07:41:00Z,auth-gw,session_lookup_error_ratio,0.0026
2026-07-24T07:41:00Z,auth-gw,session_lookup_p95_ms,36.3
2026-07-24T07:41:00Z,billing-worker,billing_queue_depth,18.9
2026-07-24T07:41:00Z,frontend,login_latency_p95_ms,189.4
2026-07-24T07:41:00Z,frontend,page_render_p95_ms,104.5
2026-07-24T07:41:00Z,search-indexer,index_lag_ms,104.0
2026-07-24T07:41:00Z,session-cache,cache_evictions_per_sec,40.8
2026-07-24T07:41:00Z,session-cache,cache_hit_ratio,0.9621
2026-07-24T07:42:00Z,auth-gw,session_lookup_error_ratio,0.0026
2026-07-24T07:42:00Z,auth-gw,session_lookup_p95_ms,33.9
2026-07-24T07:42:00Z,billing-worker,billing_queue_depth,17.0
2026-07-24T07:42:00Z,frontend,login_latency_p95_ms,184.8
2026-07-24T07:42:00Z,frontend,page_render_p95_ms,115.9
2026-07-24T07:42:00Z,search-indexer,index_lag_ms,87.4
2026-07-24T07:42:00Z,session-cache,cache_evictions_per_sec,43.5
2026-07-24T07:42:00Z,session-cache,cache_hit_ratio,0.9597
2026-07-24T07:43:00Z,auth-gw,session_lookup_error_ratio,0.0033
2026-07-24T07:43:00Z,auth-gw,session_lookup_p95_ms,32.3
2026-07-24T07:43:00Z,billing-worker,billing_queue_depth,18.4
2026-07-24T07:43:00Z,frontend,login_latency_p95_ms,179.9
2026-07-24T07:43:00Z,frontend,page_render_p95_ms,104.8
2026-07-24T07:43:00Z,search-indexer,index_lag_ms,91.4
2026-07-24T07:43:00Z,session-cache,cache_evictions_per_sec,38.9
2026-07-24T07:43:00Z,session-cache,cache_hit_ratio,0.9562
2026-07-24T07:44:00Z,auth-gw,session_lookup_error_ratio,0.0028
2026-07-24T07:44:00Z,auth-gw,session_lookup_p95_ms,34.4
2026-07-24T07:44:00Z,billing-worker,billing_queue_depth,15.6
2026-07-24T07:44:00Z,frontend,login_latency_p95_ms,181.7
2026-07-24T07:44:00Z,frontend,page_render_p95_ms,111.3
2026-07-24T07:44:00Z,search-indexer,index_lag_ms,95.1
2026-07-24T07:44:00Z,session-cache,cache_evictions_per_sec,43.7
2026-07-24T07:44:00Z,session-cache,cache_hit_ratio,0.9628
2026-07-24T07:45:00Z,auth-gw,session_lookup_error_ratio,0.0034
2026-07-24T07:45:00Z,auth-gw,session_lookup_p95_ms,35.1
2026-07-24T07:45:00Z,billing-worker,billing_queue_depth,20.1
2026-07-24T07:45:00Z,frontend,login_latency_p95_ms,196.4
2026-07-24T07:45:00Z,frontend,page_render_p95_ms,107.3
2026-07-24T07:45:00Z,search-indexer,index_lag_ms,88.6
2026-07-24T07:45:00Z,session-cache,cache_evictions_per_sec,45.1
2026-07-24T07:45:00Z,session-cache,cache_hit_ratio,0.9666
2026-07-24T07:46:00Z,auth-gw,session_lookup_error_ratio,0.0026
2026-07-24T07:46:00Z,auth-gw,session_lookup_p95_ms,36.5
2026-07-24T07:46:00Z,billing-worker,billing_queue_depth,19.7
2026-07-24T07:46:00Z,frontend,login_latency_p95_ms,183.5
2026-07-24T07:46:00Z,frontend,page_render_p95_ms,114.4
2026-07-24T07:46:00Z,search-indexer,index_lag_ms,102.2
2026-07-24T07:46:00Z,session-cache,cache_evictions_per_sec,38.6
2026-07-24T07:46:00Z,session-cache,cache_hit_ratio,0.968
2026-07-24T07:47:00Z,auth-gw,session_lookup_error_ratio,0.0029
2026-07-24T07:47:00Z,auth-gw,session_lookup_p95_ms,35.6
2026-07-24T07:47:00Z,billing-worker,billing_queue_depth,20.5
2026-07-24T07:47:00Z,frontend,login_latency_p95_ms,192.0
2026-07-24T07:47:00Z,frontend,page_render_p95_ms,114.2
2026-07-24T07:47:00Z,search-indexer,index_lag_ms,102.4
2026-07-24T07:47:00Z,session-cache,cache_evictions_per_sec,43.0
2026-07-24T07:47:00Z,session-cache,cache_hit_ratio,0.9642
2026-07-24T07:48:00Z,auth-gw,session_lookup_error_ratio,0.003
2026-07-24T07:48:00Z,auth-gw,session_lookup_p95_ms,37.7
2026-07-24T07:48:00Z,billing-worker,billing_queue_depth,17.2
2026-07-24T07:48:00Z,frontend,login_latency_p95_ms,203.1
2026-07-24T07:48:00Z,frontend,page_render_p95_ms,112.7
2026-07-24T07:48:00Z,search-indexer,index_lag_ms,96.4
2026-07-24T07:48:00Z,session-cache,cache_evictions_per_sec,38.0
2026-07-24T07:48:00Z,session-cache,cache_hit_ratio,0.9605
2026-07-24T07:49:00Z,auth-gw,session_lookup_error_ratio,0.0031
2026-07-24T07:49:00Z,auth-gw,session_lookup_p95_ms,35.7
2026-07-24T07:49:00Z,billing-worker,billing_queue_depth,17.4
2026-07-24T07:49:00Z,frontend,login_latency_p95_ms,199.4
2026-07-24T07:49:00Z,frontend,page_render_p95_ms,115.9
2026-07-24T07:49:00Z,search-indexer,index_lag_ms,89.0
2026-07-24T07:49:00Z,session-cache,cache_evictions_per_sec,44.2
2026-07-24T07:49:00Z,session-cache,cache_hit_ratio,0.9603
2026-07-24T07:50:00Z,auth-gw,session_lookup_error_ratio,0.0033
2026-07-24T07:50:00Z,auth-gw,session_lookup_p95_ms,32.7
2026-07-24T07:50:00Z,billing-worker,billing_queue_depth,18.3
2026-07-24T07:50:00Z,frontend,login_latency_p95_ms,192.2
2026-07-24T07:50:00Z,frontend,page_render_p95_ms,112.5
2026-07-24T07:50:00Z,search-indexer,index_lag_ms,86.4
2026-07-24T07:50:00Z,session-cache,cache_evictions_per_sec,45.4
2026-07-24T07:50:00Z,session-cache,cache_hit_ratio,0.9694
2026-07-24T07:51:00Z,auth-gw,session_lookup_error_ratio,0.0031
2026-07-24T07:51:00Z,auth-gw,session_lookup_p95_ms,33.4
2026-07-24T07:51:00Z,billing-worker,billing_queue_depth,16.7
2026-07-24T07:51:00Z,frontend,login_latency_p95_ms,201.6
2026-07-24T07:51:00Z,frontend,page_render_p95_ms,115.5
2026-07-24T07:51:00Z,search-indexer,index_lag_ms,86.3
2026-07-24T07:51:00Z,session-cache,cache_evictions_per_sec,45.8
2026-07-24T07:51:00Z,session-cache,cache_hit_ratio,0.9556
2026-07-24T07:52:00Z,auth-gw,session_lookup_error_ratio,0.0031
2026-07-24T07:52:00Z,auth-gw,session_lookup_p95_ms,33.4
2026-07-24T07:52:00Z,billing-worker,billing_queue_depth,19.1
2026-07-24T07:52:00Z,frontend,login_latency_p95_ms,201.6
2026-07-24T07:52:00Z,frontend,page_render_p95_ms,109.2
2026-07-24T07:52:00Z,search-indexer,index_lag_ms,101.5
2026-07-24T07:52:00Z,session-cache,cache_evictions_per_sec,41.6
2026-07-24T07:52:00Z,session-cache,cache_hit_ratio,0.953
2026-07-24T07:53:00Z,auth-gw,session_lookup_error_ratio,0.0033
2026-07-24T07:53:00Z,auth-gw,session_lookup_p95_ms,36.0
2026-07-24T07:53:00Z,billing-worker,billing_queue_depth,17.8
2026-07-24T07:53:00Z,frontend,login_latency_p95_ms,178.9
2026-07-24T07:53:00Z,frontend,page_render_p95_ms,114.3
2026-07-24T07:53:00Z,search-indexer,index_lag_ms,101.6
2026-07-24T07:53:00Z,session-cache,cache_evictions_per_sec,39.3
2026-07-24T07:53:00Z,session-cache,cache_hit_ratio,0.9671
2026-07-24T07:54:00Z,auth-gw,session_lookup_error_ratio,0.0032
2026-07-24T07:54:00Z,auth-gw,session_lookup_p95_ms,34.4
2026-07-24T07:54:00Z,billing-worker,billing_queue_depth,19.8
2026-07-24T07:54:00Z,frontend,login_latency_p95_ms,195.4
2026-07-24T07:54:00Z,frontend,page_render_p95_ms,112.3
2026-07-24T07:54:00Z,search-indexer,index_lag_ms,102.0
2026-07-24T07:54:00Z,session-cache,cache_evictions_per_sec,43.2
2026-07-24T07:54:00Z,session-cache,cache_hit_ratio,0.9623
2026-07-24T07:55:00Z,auth-gw,session_lookup_error_ratio,0.0028
2026-07-24T07:55:00Z,auth-gw,session_lookup_p95_ms,35.5
2026-07-24T07:55:00Z,billing-worker,billing_queue_depth,16.0
2026-07-24T07:55:00Z,frontend,login_latency_p95_ms,197.0
2026-07-24T07:55:00Z,frontend,page_render_p95_ms,108.1
2026-07-24T07:55:00Z,search-indexer,index_lag_ms,104.3
2026-07-24T07:55:00Z,session-cache,cache_evictions_per_sec,37.9
2026-07-24T07:55:00Z,session-cache,cache_hit_ratio,0.9558
2026-07-24T07:56:00Z,auth-gw,session_lookup_error_ratio,0.0027
2026-07-24T07:56:00Z,auth-gw,session_lookup_p95_ms,34.3
2026-07-24T07:56:00Z,billing-worker,billing_queue_depth,16.9
2026-07-24T07:56:00Z,frontend,login_latency_p95_ms,194.9
2026-07-24T07:56:00Z,frontend,page_render_p95_ms,114.1
2026-07-24T07:56:00Z,search-indexer,index_lag_ms,92.7
2026-07-24T07:56:00Z,session-cache,cache_evictions_per_sec,39.4
2026-07-24T07:56:00Z,session-cache,cache_hit_ratio,0.9662
2026-07-24T07:57:00Z,auth-gw,session_lookup_error_ratio,0.0026
2026-07-24T07:57:00Z,auth-gw,session_lookup_p95_ms,37.5
2026-07-24T07:57:00Z,billing-worker,billing_queue_depth,18.1
2026-07-24T07:57:00Z,frontend,login_latency_p95_ms,191.5
2026-07-24T07:57:00Z,frontend,page_render_p95_ms,103.8
2026-07-24T07:57:00Z,search-indexer,index_lag_ms,85.4
2026-07-24T07:57:00Z,session-cache,cache_evictions_per_sec,39.2
2026-07-24T07:57:00Z,session-cache,cache_hit_ratio,0.9592
2026-07-24T07:58:00Z,auth-gw,session_lookup_error_ratio,0.0026
2026-07-24T07:58:00Z,auth-gw,session_lookup_p95_ms,35.7
2026-07-24T07:58:00Z,billing-worker,billing_queue_depth,19.0
2026-07-24T07:58:00Z,frontend,login_latency_p95_ms,180.1
2026-07-24T07:58:00Z,frontend,page_render_p95_ms,107.2
2026-07-24T07:58:00Z,search-indexer,index_lag_ms,102.0
2026-07-24T07:58:00Z,session-cache,cache_evictions_per_sec,44.2
2026-07-24T07:58:00Z,session-cache,cache_hit_ratio,0.968
2026-07-24T07:59:00Z,auth-gw,session_lookup_error_ratio,0.0031
2026-07-24T07:59:00Z,auth-gw,session_lookup_p95_ms,37.1
2026-07-24T07:59:00Z,billing-worker,billing_queue_depth,16.1
2026-07-24T07:59:00Z,frontend,login_latency_p95_ms,192.3
2026-07-24T07:59:00Z,frontend,page_render_p95_ms,111.9
2026-07-24T07:59:00Z,search-indexer,index_lag_ms,89.3
2026-07-24T07:59:00Z,session-cache,cache_evictions_per_sec,42.7
2026-07-24T07:59:00Z,session-cache,cache_hit_ratio,0.9658
2026-07-24T08:00:00Z,auth-gw,session_lookup_error_ratio,0.0027
2026-07-24T08:00:00Z,auth-gw,session_lookup_p95_ms,37.6
2026-07-24T08:00:00Z,billing-worker,billing_queue_depth,20.3
2026-07-24T08:00:00Z,frontend,login_latency_p95_ms,179.1
2026-07-24T08:00:00Z,frontend,page_render_p95_ms,112.3
2026-07-24T08:00:00Z,search-indexer,index_lag_ms,98.0
2026-07-24T08:00:00Z,session-cache,cache_evictions_per_sec,45.4
2026-07-24T08:00:00Z,session-cache,cache_hit_ratio,0.9684
2026-07-24T08:01:00Z,auth-gw,session_lookup_error_ratio,0.0031
2026-07-24T08:01:00Z,auth-gw,session_lookup_p95_ms,34.4
2026-07-24T08:01:00Z,billing-worker,billing_queue_depth,20.2
2026-07-24T08:01:00Z,frontend,login_latency_p95_ms,201.3
2026-07-24T08:01:00Z,frontend,page_render_p95_ms,106.4
2026-07-24T08:01:00Z,search-indexer,index_lag_ms,94.0
2026-07-24T08:01:00Z,session-cache,cache_evictions_per_sec,44.2
2026-07-24T08:01:00Z,session-cache,cache_hit_ratio,0.9688
2026-07-24T08:02:00Z,auth-gw,session_lookup_error_ratio,0.0033
2026-07-24T08:02:00Z,auth-gw,session_lookup_p95_ms,34.0
2026-07-24T08:02:00Z,billing-worker,billing_queue_depth,17.5
2026-07-24T08:02:00Z,frontend,login_latency_p95_ms,184.7
2026-07-24T08:02:00Z,frontend,page_render_p95_ms,113.6
2026-07-24T08:02:00Z,search-indexer,index_lag_ms,102.6
2026-07-24T08:02:00Z,session-cache,cache_evictions_per_sec,40.5
2026-07-24T08:02:00Z,session-cache,cache_hit_ratio,0.952
2026-07-24T08:03:00Z,auth-gw,session_lookup_error_ratio,0.0028
2026-07-24T08:03:00Z,auth-gw,session_lookup_p95_ms,36.3
2026-07-24T08:03:00Z,billing-worker,billing_queue_depth,16.8
2026-07-24T08:03:00Z,frontend,login_latency_p95_ms,183.1
2026-07-24T08:03:00Z,frontend,page_render_p95_ms,108.6
2026-07-24T08:03:00Z,search-indexer,index_lag_ms,88.1
2026-07-24T08:03:00Z,session-cache,cache_evictions_per_sec,42.2
2026-07-24T08:03:00Z,session-cache,cache_hit_ratio,0.9583
2026-07-24T08:04:00Z,auth-gw,session_lookup_error_ratio,0.0034
2026-07-24T08:04:00Z,auth-gw,session_lookup_p95_ms,34.0
2026-07-24T08:04:00Z,billing-worker,billing_queue_depth,15.7
2026-07-24T08:04:00Z,frontend,login_latency_p95_ms,195.0
2026-07-24T08:04:00Z,frontend,page_render_p95_ms,107.8
2026-07-24T08:04:00Z,search-indexer,index_lag_ms,94.0
2026-07-24T08:04:00Z,session-cache,cache_evictions_per_sec,41.3
2026-07-24T08:04:00Z,session-cache,cache_hit_ratio,0.9627
2026-07-24T08:05:00Z,auth-gw,session_lookup_error_ratio,0.0027
2026-07-24T08:05:00Z,auth-gw,session_lookup_p95_ms,33.2
2026-07-24T08:05:00Z,billing-worker,billing_queue_depth,19.0
2026-07-24T08:05:00Z,frontend,login_latency_p95_ms,180.6
2026-07-24T08:05:00Z,frontend,page_render_p95_ms,110.1
2026-07-24T08:05:00Z,search-indexer,index_lag_ms,104.8
2026-07-24T08:05:00Z,session-cache,cache_evictions_per_sec,41.0
2026-07-24T08:05:00Z,session-cache,cache_hit_ratio,0.9583
2026-07-24T08:06:00Z,auth-gw,session_lookup_error_ratio,0.0027
2026-07-24T08:06:00Z,auth-gw,session_lookup_p95_ms,34.5
2026-07-24T08:06:00Z,billing-worker,billing_queue_depth,16.2
2026-07-24T08:06:00Z,frontend,login_latency_p95_ms,190.3
2026-07-24T08:06:00Z,frontend,page_render_p95_ms,111.3
2026-07-24T08:06:00Z,search-indexer,index_lag_ms,112.9
2026-07-24T08:06:00Z,session-cache,cache_evictions_per_sec,41.2
2026-07-24T08:06:00Z,session-cache,cache_hit_ratio,0.962
2026-07-24T08:07:00Z,auth-gw,session_lookup_error_ratio,0.0031
2026-07-24T08:07:00Z,auth-gw,session_lookup_p95_ms,34.1
2026-07-24T08:07:00Z,billing-worker,billing_queue_depth,15.6
2026-07-24T08:07:00Z,frontend,login_latency_p95_ms,182.9
2026-07-24T08:07:00Z,frontend,page_render_p95_ms,105.6
2026-07-24T08:07:00Z,search-indexer,index_lag_ms,142.4
2026-07-24T08:07:00Z,session-cache,cache_evictions_per_sec,42.9
2026-07-24T08:07:00Z,session-cache,cache_hit_ratio,0.9627
2026-07-24T08:08:00Z,auth-gw,session_lookup_error_ratio,0.0029
2026-07-24T08:08:00Z,auth-gw,session_lookup_p95_ms,32.5
2026-07-24T08:08:00Z,billing-worker,billing_queue_depth,16.9
2026-07-24T08:08:00Z,frontend,login_latency_p95_ms,188.4
2026-07-24T08:08:00Z,frontend,page_render_p95_ms,103.7
2026-07-24T08:08:00Z,search-indexer,index_lag_ms,176.3
2026-07-24T08:08:00Z,session-cache,cache_evictions_per_sec,41.7
2026-07-24T08:08:00Z,session-cache,cache_hit_ratio,0.969
2026-07-24T08:09:00Z,auth-gw,session_lookup_error_ratio,0.0031
2026-07-24T08:09:00Z,auth-gw,session_lookup_p95_ms,35.5
2026-07-24T08:09:00Z,billing-worker,billing_queue_depth,19.7
2026-07-24T08:09:00Z,frontend,login_latency_p95_ms,187.6
2026-07-24T08:09:00Z,frontend,page_render_p95_ms,108.0
2026-07-24T08:09:00Z,search-indexer,index_lag_ms,215.6
2026-07-24T08:09:00Z,session-cache,cache_evictions_per_sec,41.4
2026-07-24T08:09:00Z,session-cache,cache_hit_ratio,0.9607
2026-07-24T08:10:00Z,auth-gw,session_lookup_error_ratio,0.0034
2026-07-24T08:10:00Z,auth-gw,session_lookup_p95_ms,33.0
2026-07-24T08:10:00Z,billing-worker,billing_queue_depth,17.8
2026-07-24T08:10:00Z,frontend,login_latency_p95_ms,201.0
2026-07-24T08:10:00Z,frontend,page_render_p95_ms,105.6
2026-07-24T08:10:00Z,search-indexer,index_lag_ms,208.6
2026-07-24T08:10:00Z,session-cache,cache_evictions_per_sec,41.5
2026-07-24T08:10:00Z,session-cache,cache_hit_ratio,0.965
2026-07-24T08:11:00Z,auth-gw,session_lookup_error_ratio,0.0032
2026-07-24T08:11:00Z,auth-gw,session_lookup_p95_ms,34.9
2026-07-24T08:11:00Z,billing-worker,billing_queue_depth,16.8
2026-07-24T08:11:00Z,frontend,login_latency_p95_ms,180.2
2026-07-24T08:11:00Z,frontend,page_render_p95_ms,111.1
2026-07-24T08:11:00Z,search-indexer,index_lag_ms,295.2
2026-07-24T08:11:00Z,session-cache,cache_evictions_per_sec,39.5
2026-07-24T08:11:00Z,session-cache,cache_hit_ratio,0.9573
2026-07-24T08:12:00Z,auth-gw,session_lookup_error_ratio,0.0027
2026-07-24T08:12:00Z,auth-gw,session_lookup_p95_ms,34.5
2026-07-24T08:12:00Z,billing-worker,billing_queue_depth,17.8
2026-07-24T08:12:00Z,frontend,login_latency_p95_ms,177.2
2026-07-24T08:12:00Z,frontend,page_render_p95_ms,115.9
2026-07-24T08:12:00Z,search-indexer,index_lag_ms,327.4
2026-07-24T08:12:00Z,session-cache,cache_evictions_per_sec,39.3
2026-07-24T08:12:00Z,session-cache,cache_hit_ratio,0.9555
2026-07-24T08:13:00Z,auth-gw,session_lookup_error_ratio,0.003
2026-07-24T08:13:00Z,auth-gw,session_lookup_p95_ms,34.9
2026-07-24T08:13:00Z,billing-worker,billing_queue_depth,20.4
2026-07-24T08:13:00Z,frontend,login_latency_p95_ms,180.5
2026-07-24T08:13:00Z,frontend,page_render_p95_ms,108.1
2026-07-24T08:13:00Z,search-indexer,index_lag_ms,355.2
2026-07-24T08:13:00Z,session-cache,cache_evictions_per_sec,41.4
2026-07-24T08:13:00Z,session-cache,cache_hit_ratio,0.9562
2026-07-24T08:14:00Z,auth-gw,session_lookup_error_ratio,0.0028
2026-07-24T08:14:00Z,auth-gw,session_lookup_p95_ms,37.3
2026-07-24T08:14:00Z,billing-worker,billing_queue_depth,20.6
2026-07-24T08:14:00Z,frontend,login_latency_p95_ms,186.6
2026-07-24T08:14:00Z,frontend,page_render_p95_ms,106.2
2026-07-24T08:14:00Z,search-indexer,index_lag_ms,372.7
2026-07-24T08:14:00Z,session-cache,cache_evictions_per_sec,44.1
2026-07-24T08:14:00Z,session-cache,cache_hit_ratio,0.9676
2026-07-24T08:15:00Z,auth-gw,session_lookup_error_ratio,0.0033
2026-07-24T08:15:00Z,auth-gw,session_lookup_p95_ms,37.1
2026-07-24T08:15:00Z,billing-worker,billing_queue_depth,17.5
2026-07-24T08:15:00Z,frontend,login_latency_p95_ms,193.1
2026-07-24T08:15:00Z,frontend,page_render_p95_ms,108.8
2026-07-24T08:15:00Z,search-indexer,index_lag_ms,362.3
2026-07-24T08:15:00Z,session-cache,cache_evictions_per_sec,40.9
2026-07-24T08:15:00Z,session-cache,cache_hit_ratio,0.9522
2026-07-24T08:16:00Z,auth-gw,session_lookup_error_ratio,0.0033
2026-07-24T08:16:00Z,auth-gw,session_lookup_p95_ms,37.1
2026-07-24T08:16:00Z,billing-worker,billing_queue_depth,17.8
2026-07-24T08:16:00Z,frontend,login_latency_p95_ms,198.0
2026-07-24T08:16:00Z,frontend,page_render_p95_ms,111.9
2026-07-24T08:16:00Z,search-indexer,index_lag_ms,450.1
2026-07-24T08:16:00Z,session-cache,cache_evictions_per_sec,41.6
2026-07-24T08:16:00Z,session-cache,cache_hit_ratio,0.9686
2026-07-24T08:17:00Z,auth-gw,session_lookup_error_ratio,0.003
2026-07-24T08:17:00Z,auth-gw,session_lookup_p95_ms,37.0
2026-07-24T08:17:00Z,billing-worker,billing_queue_depth,18.8
2026-07-24T08:17:00Z,frontend,login_latency_p95_ms,177.0
2026-07-24T08:17:00Z,frontend,page_render_p95_ms,113.7
2026-07-24T08:17:00Z,search-indexer,index_lag_ms,456.9
2026-07-24T08:17:00Z,session-cache,cache_evictions_per_sec,38.4
2026-07-24T08:17:00Z,session-cache,cache_hit_ratio,0.9652
2026-07-24T08:18:00Z,auth-gw,session_lookup_error_ratio,0.0029
2026-07-24T08:18:00Z,auth-gw,session_lookup_p95_ms,33.8
2026-07-24T08:18:00Z,billing-worker,billing_queue_depth,19.0
2026-07-24T08:18:00Z,frontend,login_latency_p95_ms,189.7
2026-07-24T08:18:00Z,frontend,page_render_p95_ms,114.9
2026-07-24T08:18:00Z,search-indexer,index_lag_ms,423.8
2026-07-24T08:18:00Z,session-cache,cache_evictions_per_sec,44.8
2026-07-24T08:18:00Z,session-cache,cache_hit_ratio,0.9678
2026-07-24T08:19:00Z,auth-gw,session_lookup_error_ratio,0.0027
2026-07-24T08:19:00Z,auth-gw,session_lookup_p95_ms,35.2
2026-07-24T08:19:00Z,billing-worker,billing_queue_depth,15.4
2026-07-24T08:19:00Z,frontend,login_latency_p95_ms,194.9
2026-07-24T08:19:00Z,frontend,page_render_p95_ms,106.4
2026-07-24T08:19:00Z,search-indexer,index_lag_ms,548.2
2026-07-24T08:19:00Z,session-cache,cache_evictions_per_sec,43.7
2026-07-24T08:19:00Z,session-cache,cache_hit_ratio,0.9532
2026-07-24T08:20:00Z,auth-gw,session_lookup_error_ratio,0.0033
2026-07-24T08:20:00Z,auth-gw,session_lookup_p95_ms,34.2
2026-07-24T08:20:00Z,billing-worker,billing_queue_depth,19.0
2026-07-24T08:20:00Z,frontend,login_latency_p95_ms,192.0
2026-07-24T08:20:00Z,frontend,page_render_p95_ms,106.6
2026-07-24T08:20:00Z,search-indexer,index_lag_ms,553.1
2026-07-24T08:20:00Z,session-cache,cache_evictions_per_sec,40.5
2026-07-24T08:20:00Z,session-cache,cache_hit_ratio,0.9585
2026-07-24T08:21:00Z,auth-gw,session_lookup_error_ratio,0.0032
2026-07-24T08:21:00Z,auth-gw,session_lookup_p95_ms,34.7
2026-07-24T08:21:00Z,billing-worker,billing_queue_depth,16.1
2026-07-24T08:21:00Z,frontend,login_latency_p95_ms,186.5
2026-07-24T08:21:00Z,frontend,page_render_p95_ms,116.0
2026-07-24T08:21:00Z,search-indexer,index_lag_ms,443.7
2026-07-24T08:21:00Z,session-cache,cache_evictions_per_sec,42.1
2026-07-24T08:21:00Z,session-cache,cache_hit_ratio,0.9647
2026-07-24T08:22:00Z,auth-gw,session_lookup_error_ratio,0.0031
2026-07-24T08:22:00Z,auth-gw,session_lookup_p95_ms,34.1
2026-07-24T08:22:00Z,billing-worker,billing_queue_depth,15.6
2026-07-24T08:22:00Z,frontend,login_latency_p95_ms,199.4
2026-07-24T08:22:00Z,frontend,page_render_p95_ms,114.6
2026-07-24T08:22:00Z,search-indexer,index_lag_ms,492.8
2026-07-24T08:22:00Z,session-cache,cache_evictions_per_sec,38.9
2026-07-24T08:22:00Z,session-cache,cache_hit_ratio,0.9657
2026-07-24T08:23:00Z,auth-gw,session_lookup_error_ratio,0.0031
2026-07-24T08:23:00Z,auth-gw,session_lookup_p95_ms,35.0
2026-07-24T08:23:00Z,billing-worker,billing_queue_depth,16.4
2026-07-24T08:23:00Z,frontend,login_latency_p95_ms,202.4
2026-07-24T08:23:00Z,frontend,page_render_p95_ms,112.9
2026-07-24T08:23:00Z,search-indexer,index_lag_ms,419.7
2026-07-24T08:23:00Z,session-cache,cache_evictions_per_sec,39.4
2026-07-24T08:23:00Z,session-cache,cache_hit_ratio,0.9658
2026-07-24T08:24:00Z,auth-gw,session_lookup_error_ratio,0.003
2026-07-24T08:24:00Z,auth-gw,session_lookup_p95_ms,37.5
2026-07-24T08:24:00Z,billing-worker,billing_queue_depth,17.6
2026-07-24T08:24:00Z,frontend,login_latency_p95_ms,199.1
2026-07-24T08:24:00Z,frontend,page_render_p95_ms,109.9
2026-07-24T08:24:00Z,search-indexer,index_lag_ms,373.7
2026-07-24T08:24:00Z,session-cache,cache_evictions_per_sec,39.7
2026-07-24T08:24:00Z,session-cache,cache_hit_ratio,0.9649
2026-07-24T08:25:00Z,auth-gw,session_lookup_error_ratio,0.003
2026-07-24T08:25:00Z,auth-gw,session_lookup_p95_ms,34.3
2026-07-24T08:25:00Z,billing-worker,billing_queue_depth,19.9
2026-07-24T08:25:00Z,frontend,login_latency_p95_ms,195.9
2026-07-24T08:25:00Z,frontend,page_render_p95_ms,112.7
2026-07-24T08:25:00Z,search-indexer,index_lag_ms,396.5
2026-07-24T08:25:00Z,session-cache,cache_evictions_per_sec,38.6
2026-07-24T08:25:00Z,session-cache,cache_hit_ratio,0.9564
2026-07-24T08:26:00Z,auth-gw,session_lookup_error_ratio,0.0029
2026-07-24T08:26:00Z,auth-gw,session_lookup_p95_ms,35.3
2026-07-24T08:26:00Z,billing-worker,billing_queue_depth,18.5
2026-07-24T08:26:00Z,frontend,login_latency_p95_ms,184.1
2026-07-24T08:26:00Z,frontend,page_render_p95_ms,114.3
2026-07-24T08:26:00Z,search-indexer,index_lag_ms,333.6
2026-07-24T08:26:00Z,session-cache,cache_evictions_per_sec,39.0
2026-07-24T08:26:00Z,session-cache,cache_hit_ratio,0.9613
2026-07-24T08:27:00Z,auth-gw,session_lookup_error_ratio,0.0033
2026-07-24T08:27:00Z,auth-gw,session_lookup_p95_ms,33.3
2026-07-24T08:27:00Z,billing-worker,billing_queue_depth,20.6
2026-07-24T08:27:00Z,frontend,login_latency_p95_ms,195.3
2026-07-24T08:27:00Z,frontend,page_render_p95_ms,113.2
2026-07-24T08:27:00Z,search-indexer,index_lag_ms,283.9
2026-07-24T08:27:00Z,session-cache,cache_evictions_per_sec,44.3
2026-07-24T08:27:00Z,session-cache,cache_hit_ratio,0.9681
2026-07-24T08:28:00Z,auth-gw,session_lookup_error_ratio,0.0031
2026-07-24T08:28:00Z,auth-gw,session_lookup_p95_ms,36.3
2026-07-24T08:28:00Z,billing-worker,billing_queue_depth,20.1
2026-07-24T08:28:00Z,frontend,login_latency_p95_ms,194.6
2026-07-24T08:28:00Z,frontend,page_render_p95_ms,109.2
2026-07-24T08:28:00Z,search-indexer,index_lag_ms,321.6
2026-07-24T08:28:00Z,session-cache,cache_evictions_per_sec,43.4
2026-07-24T08:28:00Z,session-cache,cache_hit_ratio,0.9538
2026-07-24T08:29:00Z,auth-gw,session_lookup_error_ratio,0.0031
2026-07-24T08:29:00Z,auth-gw,session_lookup_p95_ms,33.5
2026-07-24T08:29:00Z,billing-worker,billing_queue_depth,17.0
2026-07-24T08:29:00Z,frontend,login_latency_p95_ms,185.4
2026-07-24T08:29:00Z,frontend,page_render_p95_ms,110.9
2026-07-24T08:29:00Z,search-indexer,index_lag_ms,296.7
2026-07-24T08:29:00Z,session-cache,cache_evictions_per_sec,43.9
2026-07-24T08:29:00Z,session-cache,cache_hit_ratio,0.9621
2026-07-24T08:30:00Z,auth-gw,session_lookup_error_ratio,0.0028
2026-07-24T08:30:00Z,auth-gw,session_lookup_p95_ms,36.0
2026-07-24T08:30:00Z,billing-worker,billing_queue_depth,19.6
2026-07-24T08:30:00Z,frontend,login_latency_p95_ms,187.9
2026-07-24T08:30:00Z,frontend,page_render_p95_ms,111.2
2026-07-24T08:30:00Z,search-indexer,index_lag_ms,237.7
2026-07-24T08:30:00Z,session-cache,cache_evictions_per_sec,44.4
2026-07-24T08:30:00Z,session-cache,cache_hit_ratio,0.9569
2026-07-24T08:31:00Z,auth-gw,session_lookup_error_ratio,0.0032
2026-07-24T08:31:00Z,auth-gw,session_lookup_p95_ms,36.9
2026-07-24T08:31:00Z,billing-worker,billing_queue_depth,16.7
2026-07-24T08:31:00Z,frontend,login_latency_p95_ms,194.5
2026-07-24T08:31:00Z,frontend,page_render_p95_ms,105.6
2026-07-24T08:31:00Z,search-indexer,index_lag_ms,198.2
2026-07-24T08:31:00Z,session-cache,cache_evictions_per_sec,43.4
2026-07-24T08:31:00Z,session-cache,cache_hit_ratio,0.9542
2026-07-24T08:32:00Z,auth-gw,session_lookup_error_ratio,0.0032
2026-07-24T08:32:00Z,auth-gw,session_lookup_p95_ms,37.5
2026-07-24T08:32:00Z,billing-worker,billing_queue_depth,16.1
2026-07-24T08:32:00Z,frontend,login_latency_p95_ms,196.3
2026-07-24T08:32:00Z,frontend,page_render_p95_ms,116.4
2026-07-24T08:32:00Z,search-indexer,index_lag_ms,160.8
2026-07-24T08:32:00Z,session-cache,cache_evictions_per_sec,44.2
2026-07-24T08:32:00Z,session-cache,cache_hit_ratio,0.9685
2026-07-24T08:33:00Z,auth-gw,session_lookup_error_ratio,0.0031
2026-07-24T08:33:00Z,auth-gw,session_lookup_p95_ms,35.9
2026-07-24T08:33:00Z,billing-worker,billing_queue_depth,17.8
2026-07-24T08:33:00Z,frontend,login_latency_p95_ms,193.5
2026-07-24T08:33:00Z,frontend,page_render_p95_ms,111.8
2026-07-24T08:33:00Z,search-indexer,index_lag_ms,164.5
2026-07-24T08:33:00Z,session-cache,cache_evictions_per_sec,44.0
2026-07-24T08:33:00Z,session-cache,cache_hit_ratio,0.9629
2026-07-24T08:34:00Z,auth-gw,session_lookup_error_ratio,0.0029
2026-07-24T08:34:00Z,auth-gw,session_lookup_p95_ms,35.5
2026-07-24T08:34:00Z,billing-worker,billing_queue_depth,16.1
2026-07-24T08:34:00Z,frontend,login_latency_p95_ms,178.5
2026-07-24T08:34:00Z,frontend,page_render_p95_ms,112.9
2026-07-24T08:34:00Z,search-indexer,index_lag_ms,136.8
2026-07-24T08:34:00Z,session-cache,cache_evictions_per_sec,44.9
2026-07-24T08:34:00Z,session-cache,cache_hit_ratio,0.9584
2026-07-24T08:35:00Z,auth-gw,session_lookup_error_ratio,0.0029
2026-07-24T08:35:00Z,auth-gw,session_lookup_p95_ms,37.5
2026-07-24T08:35:00Z,billing-worker,billing_queue_depth,20.3
2026-07-24T08:35:00Z,frontend,login_latency_p95_ms,202.7
2026-07-24T08:35:00Z,frontend,page_render_p95_ms,114.1
2026-07-24T08:35:00Z,search-indexer,index_lag_ms,93.4
2026-07-24T08:35:00Z,session-cache,cache_evictions_per_sec,41.0
2026-07-24T08:35:00Z,session-cache,cache_hit_ratio,0.9554
2026-07-24T08:36:00Z,auth-gw,session_lookup_error_ratio,0.0026
2026-07-24T08:36:00Z,auth-gw,session_lookup_p95_ms,34.1
2026-07-24T08:36:00Z,billing-worker,billing_queue_depth,17.8
2026-07-24T08:36:00Z,frontend,login_latency_p95_ms,188.6
2026-07-24T08:36:00Z,frontend,page_render_p95_ms,109.1
2026-07-24T08:36:00Z,search-indexer,index_lag_ms,105.7
2026-07-24T08:36:00Z,session-cache,cache_evictions_per_sec,40.7
2026-07-24T08:36:00Z,session-cache,cache_hit_ratio,0.9507
2026-07-24T08:37:00Z,auth-gw,session_lookup_error_ratio,0.0031
2026-07-24T08:37:00Z,auth-gw,session_lookup_p95_ms,34.4
2026-07-24T08:37:00Z,billing-worker,billing_queue_depth,20.0
2026-07-24T08:37:00Z,frontend,login_latency_p95_ms,199.5
2026-07-24T08:37:00Z,frontend,page_render_p95_ms,105.5
2026-07-24T08:37:00Z,search-indexer,index_lag_ms,101.8
2026-07-24T08:37:00Z,session-cache,cache_evictions_per_sec,38.8
2026-07-24T08:37:00Z,session-cache,cache_hit_ratio,0.9549
2026-07-24T08:38:00Z,auth-gw,session_lookup_error_ratio,0.0028
2026-07-24T08:38:00Z,auth-gw,session_lookup_p95_ms,34.7
2026-07-24T08:38:00Z,billing-worker,billing_queue_depth,16.6
2026-07-24T08:38:00Z,frontend,login_latency_p95_ms,185.6
2026-07-24T08:38:00Z,frontend,page_render_p95_ms,106.3
2026-07-24T08:38:00Z,search-indexer,index_lag_ms,103.0
2026-07-24T08:38:00Z,session-cache,cache_evictions_per_sec,38.3
2026-07-24T08:38:00Z,session-cache,cache_hit_ratio,0.9528
2026-07-24T08:39:00Z,auth-gw,session_lookup_error_ratio,0.0032
2026-07-24T08:39:00Z,auth-gw,session_lookup_p95_ms,36.8
2026-07-24T08:39:00Z,billing-worker,billing_queue_depth,16.6
2026-07-24T08:39:00Z,frontend,login_latency_p95_ms,196.3
2026-07-24T08:39:00Z,frontend,page_render_p95_ms,114.5
2026-07-24T08:39:00Z,search-indexer,index_lag_ms,99.5
2026-07-24T08:39:00Z,session-cache,cache_evictions_per_sec,44.8
2026-07-24T08:39:00Z,session-cache,cache_hit_ratio,0.9684
2026-07-24T08:40:00Z,auth-gw,session_lookup_error_ratio,0.0031
2026-07-24T08:40:00Z,auth-gw,session_lookup_p95_ms,36.0
2026-07-24T08:40:00Z,billing-worker,billing_queue_depth,20.0
2026-07-24T08:40:00Z,frontend,login_latency_p95_ms,190.2
2026-07-24T08:40:00Z,frontend,page_render_p95_ms,112.0
2026-07-24T08:40:00Z,search-indexer,index_lag_ms,90.2
2026-07-24T08:40:00Z,session-cache,cache_evictions_per_sec,39.4
2026-07-24T08:40:00Z,session-cache,cache_hit_ratio,0.9524
2026-07-24T08:41:00Z,auth-gw,session_lookup_error_ratio,0.0033
2026-07-24T08:41:00Z,auth-gw,session_lookup_p95_ms,32.5
2026-07-24T08:41:00Z,billing-worker,billing_queue_depth,20.5
2026-07-24T08:41:00Z,frontend,login_latency_p95_ms,179.0
2026-07-24T08:41:00Z,frontend,page_render_p95_ms,104.2
2026-07-24T08:41:00Z,search-indexer,index_lag_ms,101.5
2026-07-24T08:41:00Z,session-cache,cache_evictions_per_sec,41.8
2026-07-24T08:41:00Z,session-cache,cache_hit_ratio,0.9553
2026-07-24T08:42:00Z,auth-gw,session_lookup_error_ratio,0.0029
2026-07-24T08:42:00Z,auth-gw,session_lookup_p95_ms,37.5
2026-07-24T08:42:00Z,billing-worker,billing_queue_depth,19.5
2026-07-24T08:42:00Z,frontend,login_latency_p95_ms,188.4
2026-07-24T08:42:00Z,frontend,page_render_p95_ms,113.4
2026-07-24T08:42:00Z,search-indexer,index_lag_ms,85.5
2026-07-24T08:42:00Z,session-cache,cache_evictions_per_sec,45.9
2026-07-24T08:42:00Z,session-cache,cache_hit_ratio,0.9506
2026-07-24T08:43:00Z,auth-gw,session_lookup_error_ratio,0.0028
2026-07-24T08:43:00Z,auth-gw,session_lookup_p95_ms,36.2
2026-07-24T08:43:00Z,billing-worker,billing_queue_depth,18.4
2026-07-24T08:43:00Z,frontend,login_latency_p95_ms,181.8
2026-07-24T08:43:00Z,frontend,page_render_p95_ms,109.1
2026-07-24T08:43:00Z,search-indexer,index_lag_ms,99.4
2026-07-24T08:43:00Z,session-cache,cache_evictions_per_sec,40.1
2026-07-24T08:43:00Z,session-cache,cache_hit_ratio,0.9614
2026-07-24T08:44:00Z,auth-gw,session_lookup_error_ratio,0.003
2026-07-24T08:44:00Z,auth-gw,session_lookup_p95_ms,37.7
2026-07-24T08:44:00Z,billing-worker,billing_queue_depth,16.2
2026-07-24T08:44:00Z,frontend,login_latency_p95_ms,200.3
2026-07-24T08:44:00Z,frontend,page_render_p95_ms,105.4
2026-07-24T08:44:00Z,search-indexer,index_lag_ms,86.5
2026-07-24T08:44:00Z,session-cache,cache_evictions_per_sec,41.5
2026-07-24T08:44:00Z,session-cache,cache_hit_ratio,0.963
2026-07-24T08:45:00Z,auth-gw,session_lookup_error_ratio,0.0029
2026-07-24T08:45:00Z,auth-gw,session_lookup_p95_ms,37.4
2026-07-24T08:45:00Z,billing-worker,billing_queue_depth,19.1
2026-07-24T08:45:00Z,frontend,login_latency_p95_ms,191.6
2026-07-24T08:45:00Z,frontend,page_render_p95_ms,116.5
2026-07-24T08:45:00Z,search-indexer,index_lag_ms,84.5
2026-07-24T08:45:00Z,session-cache,cache_evictions_per_sec,42.9
2026-07-24T08:45:00Z,session-cache,cache_hit_ratio,0.9632
2026-07-24T08:46:00Z,auth-gw,session_lookup_error_ratio,0.0031
2026-07-24T08:46:00Z,auth-gw,session_lookup_p95_ms,33.3
2026-07-24T08:46:00Z,billing-worker,billing_queue_depth,16.5
2026-07-24T08:46:00Z,frontend,login_latency_p95_ms,196.4
2026-07-24T08:46:00Z,frontend,page_render_p95_ms,114.5
2026-07-24T08:46:00Z,search-indexer,index_lag_ms,84.6
2026-07-24T08:46:00Z,session-cache,cache_evictions_per_sec,38.5
2026-07-24T08:46:00Z,session-cache,cache_hit_ratio,0.9576
2026-07-24T08:47:00Z,auth-gw,session_lookup_error_ratio,0.0026
2026-07-24T08:47:00Z,auth-gw,session_lookup_p95_ms,37.7
2026-07-24T08:47:00Z,billing-worker,billing_queue_depth,15.9
2026-07-24T08:47:00Z,frontend,login_latency_p95_ms,187.8
2026-07-24T08:47:00Z,frontend,page_render_p95_ms,113.9
2026-07-24T08:47:00Z,search-indexer,index_lag_ms,104.1
2026-07-24T08:47:00Z,session-cache,cache_evictions_per_sec,39.7
2026-07-24T08:47:00Z,session-cache,cache_hit_ratio,0.9652
2026-07-24T08:48:00Z,auth-gw,session_lookup_error_ratio,0.0032
2026-07-24T08:48:00Z,auth-gw,session_lookup_p95_ms,32.8
2026-07-24T08:48:00Z,billing-worker,billing_queue_depth,19.3
2026-07-24T08:48:00Z,frontend,login_latency_p95_ms,199.8
2026-07-24T08:48:00Z,frontend,page_render_p95_ms,114.4
2026-07-24T08:48:00Z,search-indexer,index_lag_ms,95.6
2026-07-24T08:48:00Z,session-cache,cache_evictions_per_sec,45.6
2026-07-24T08:48:00Z,session-cache,cache_hit_ratio,0.9684
2026-07-24T08:49:00Z,auth-gw,session_lookup_error_ratio,0.0032
2026-07-24T08:49:00Z,auth-gw,session_lookup_p95_ms,35.7
2026-07-24T08:49:00Z,billing-worker,billing_queue_depth,17.1
2026-07-24T08:49:00Z,frontend,login_latency_p95_ms,200.8
2026-07-24T08:49:00Z,frontend,page_render_p95_ms,104.4
2026-07-24T08:49:00Z,search-indexer,index_lag_ms,93.0
2026-07-24T08:49:00Z,session-cache,cache_evictions_per_sec,39.5
2026-07-24T08:49:00Z,session-cache,cache_hit_ratio,0.9572
2026-07-24T08:50:00Z,auth-gw,session_lookup_error_ratio,0.003
2026-07-24T08:50:00Z,auth-gw,session_lookup_p95_ms,36.4
2026-07-24T08:50:00Z,billing-worker,billing_queue_depth,20.2
2026-07-24T08:50:00Z,frontend,login_latency_p95_ms,198.2
2026-07-24T08:50:00Z,frontend,page_render_p95_ms,113.4
2026-07-24T08:50:00Z,search-indexer,index_lag_ms,87.8
2026-07-24T08:50:00Z,session-cache,cache_evictions_per_sec,46.1
2026-07-24T08:50:00Z,session-cache,cache_hit_ratio,0.9624
2026-07-24T08:51:00Z,auth-gw,session_lookup_error_ratio,0.0028
2026-07-24T08:51:00Z,auth-gw,session_lookup_p95_ms,36.8
2026-07-24T08:51:00Z,billing-worker,billing_queue_depth,17.1
2026-07-24T08:51:00Z,frontend,login_latency_p95_ms,182.8
2026-07-24T08:51:00Z,frontend,page_render_p95_ms,106.1
2026-07-24T08:51:00Z,search-indexer,index_lag_ms,95.2
2026-07-24T08:51:00Z,session-cache,cache_evictions_per_sec,45.1
2026-07-24T08:51:00Z,session-cache,cache_hit_ratio,0.9548
2026-07-24T08:52:00Z,auth-gw,session_lookup_error_ratio,0.003
2026-07-24T08:52:00Z,auth-gw,session_lookup_p95_ms,37.1
2026-07-24T08:52:00Z,billing-worker,billing_queue_depth,20.1
2026-07-24T08:52:00Z,frontend,login_latency_p95_ms,197.7
2026-07-24T08:52:00Z,frontend,page_render_p95_ms,116.5
2026-07-24T08:52:00Z,search-indexer,index_lag_ms,101.8
2026-07-24T08:52:00Z,session-cache,cache_evictions_per_sec,37.9
2026-07-24T08:52:00Z,session-cache,cache_hit_ratio,0.9553
2026-07-24T08:53:00Z,auth-gw,session_lookup_error_ratio,0.0031
2026-07-24T08:53:00Z,auth-gw,session_lookup_p95_ms,34.7
2026-07-24T08:53:00Z,billing-worker,billing_queue_depth,16.8
2026-07-24T08:53:00Z,frontend,login_latency_p95_ms,182.0
2026-07-24T08:53:00Z,frontend,page_render_p95_ms,103.8
2026-07-24T08:53:00Z,search-indexer,index_lag_ms,88.6
2026-07-24T08:53:00Z,session-cache,cache_evictions_per_sec,44.3
2026-07-24T08:53:00Z,session-cache,cache_hit_ratio,0.9616
2026-07-24T08:54:00Z,auth-gw,session_lookup_error_ratio,0.003
2026-07-24T08:54:00Z,auth-gw,session_lookup_p95_ms,37.8
2026-07-24T08:54:00Z,billing-worker,billing_queue_depth,18.5
2026-07-24T08:54:00Z,frontend,login_latency_p95_ms,196.5
2026-07-24T08:54:00Z,frontend,page_render_p95_ms,113.7
2026-07-24T08:54:00Z,search-indexer,index_lag_ms,89.3
2026-07-24T08:54:00Z,session-cache,cache_evictions_per_sec,44.6
2026-07-24T08:54:00Z,session-cache,cache_hit_ratio,0.9623
2026-07-24T08:55:00Z,auth-gw,session_lookup_error_ratio,0.0026
2026-07-24T08:55:00Z,auth-gw,session_lookup_p95_ms,37.2
2026-07-24T08:55:00Z,billing-worker,billing_queue_depth,19.5
2026-07-24T08:55:00Z,frontend,login_latency_p95_ms,180.3
2026-07-24T08:55:00Z,frontend,page_render_p95_ms,109.1
2026-07-24T08:55:00Z,search-indexer,index_lag_ms,100.5
2026-07-24T08:55:00Z,session-cache,cache_evictions_per_sec,39.2
2026-07-24T08:55:00Z,session-cache,cache_hit_ratio,0.9512
2026-07-24T08:56:00Z,auth-gw,session_lookup_error_ratio,0.0033
2026-07-24T08:56:00Z,auth-gw,session_lookup_p95_ms,36.7
2026-07-24T08:56:00Z,billing-worker,billing_queue_depth,19.9
2026-07-24T08:56:00Z,frontend,login_latency_p95_ms,179.9
2026-07-24T08:56:00Z,frontend,page_render_p95_ms,114.6
2026-07-24T08:56:00Z,search-indexer,index_lag_ms,103.7
2026-07-24T08:56:00Z,session-cache,cache_evictions_per_sec,39.6
2026-07-24T08:56:00Z,session-cache,cache_hit_ratio,0.9645
2026-07-24T08:57:00Z,auth-gw,session_lookup_error_ratio,0.0031
2026-07-24T08:57:00Z,auth-gw,session_lookup_p95_ms,36.7
2026-07-24T08:57:00Z,billing-worker,billing_queue_depth,16.2
2026-07-24T08:57:00Z,frontend,login_latency_p95_ms,196.7
2026-07-24T08:57:00Z,frontend,page_render_p95_ms,113.6
2026-07-24T08:57:00Z,search-indexer,index_lag_ms,100.0
2026-07-24T08:57:00Z,session-cache,cache_evictions_per_sec,38.1
2026-07-24T08:57:00Z,session-cache,cache_hit_ratio,0.9672
2026-07-24T08:58:00Z,auth-gw,session_lookup_error_ratio,0.0031
2026-07-24T08:58:00Z,auth-gw,session_lookup_p95_ms,37.2
2026-07-24T08:58:00Z,billing-worker,billing_queue_depth,18.2
2026-07-24T08:58:00Z,frontend,login_latency_p95_ms,195.5
2026-07-24T08:58:00Z,frontend,page_render_p95_ms,112.0
2026-07-24T08:58:00Z,search-indexer,index_lag_ms,86.6
2026-07-24T08:58:00Z,session-cache,cache_evictions_per_sec,44.4
2026-07-24T08:58:00Z,session-cache,cache_hit_ratio,0.9579
2026-07-24T08:59:00Z,auth-gw,session_lookup_error_ratio,0.003
2026-07-24T08:59:00Z,auth-gw,session_lookup_p95_ms,36.5
2026-07-24T08:59:00Z,billing-worker,billing_queue_depth,20.1
2026-07-24T08:59:00Z,frontend,login_latency_p95_ms,187.5
2026-07-24T08:59:00Z,frontend,page_render_p95_ms,103.8
2026-07-24T08:59:00Z,search-indexer,index_lag_ms,94.5
2026-07-24T08:59:00Z,session-cache,cache_evictions_per_sec,42.1
2026-07-24T08:59:00Z,session-cache,cache_hit_ratio,0.9628
2026-07-24T09:00:00Z,auth-gw,session_lookup_error_ratio,0.0028
2026-07-24T09:00:00Z,auth-gw,session_lookup_p95_ms,36.4
2026-07-24T09:00:00Z,billing-worker,billing_queue_depth,16.0
2026-07-24T09:00:00Z,frontend,login_latency_p95_ms,202.2
2026-07-24T09:00:00Z,frontend,page_render_p95_ms,108.6
2026-07-24T09:00:00Z,search-indexer,index_lag_ms,96.0
2026-07-24T09:00:00Z,session-cache,cache_evictions_per_sec,43.1
2026-07-24T09:00:00Z,session-cache,cache_hit_ratio,0.9603
2026-07-24T09:01:00Z,auth-gw,session_lookup_error_ratio,0.0034
2026-07-24T09:01:00Z,auth-gw,session_lookup_p95_ms,35.0
2026-07-24T09:01:00Z,billing-worker,billing_queue_depth,16.9
2026-07-24T09:01:00Z,frontend,login_latency_p95_ms,192.9
2026-07-24T09:01:00Z,frontend,page_render_p95_ms,104.7
2026-07-24T09:01:00Z,search-indexer,index_lag_ms,98.0
2026-07-24T09:01:00Z,session-cache,cache_evictions_per_sec,44.5
2026-07-24T09:01:00Z,session-cache,cache_hit_ratio,0.9659
2026-07-24T09:02:00Z,auth-gw,session_lookup_error_ratio,0.0034
2026-07-24T09:02:00Z,auth-gw,session_lookup_p95_ms,32.7
2026-07-24T09:02:00Z,billing-worker,billing_queue_depth,20.5
2026-07-24T09:02:00Z,frontend,login_latency_p95_ms,197.0
2026-07-24T09:02:00Z,frontend,page_render_p95_ms,108.3
2026-07-24T09:02:00Z,search-indexer,index_lag_ms,88.5
2026-07-24T09:02:00Z,session-cache,cache_evictions_per_sec,44.5
2026-07-24T09:02:00Z,session-cache,cache_hit_ratio,0.9675
2026-07-24T09:03:00Z,auth-gw,session_lookup_error_ratio,0.0029
2026-07-24T09:03:00Z,auth-gw,session_lookup_p95_ms,35.1
2026-07-24T09:03:00Z,billing-worker,billing_queue_depth,19.4
2026-07-24T09:03:00Z,frontend,login_latency_p95_ms,200.7
2026-07-24T09:03:00Z,frontend,page_render_p95_ms,107.0
2026-07-24T09:03:00Z,search-indexer,index_lag_ms,88.4
2026-07-24T09:03:00Z,session-cache,cache_evictions_per_sec,44.2
2026-07-24T09:03:00Z,session-cache,cache_hit_ratio,0.9683
2026-07-24T09:04:00Z,auth-gw,session_lookup_error_ratio,0.0027
2026-07-24T09:04:00Z,auth-gw,session_lookup_p95_ms,36.0
2026-07-24T09:04:00Z,billing-worker,billing_queue_depth,16.3
2026-07-24T09:04:00Z,frontend,login_latency_p95_ms,195.1
2026-07-24T09:04:00Z,frontend,page_render_p95_ms,115.1
2026-07-24T09:04:00Z,search-indexer,index_lag_ms,104.2
2026-07-24T09:04:00Z,session-cache,cache_evictions_per_sec,41.4
2026-07-24T09:04:00Z,session-cache,cache_hit_ratio,0.9576
2026-07-24T09:05:00Z,auth-gw,session_lookup_error_ratio,0.0027
2026-07-24T09:05:00Z,auth-gw,session_lookup_p95_ms,34.5
2026-07-24T09:05:00Z,billing-worker,billing_queue_depth,17.2
2026-07-24T09:05:00Z,frontend,login_latency_p95_ms,183.6
2026-07-24T09:05:00Z,frontend,page_render_p95_ms,103.7
2026-07-24T09:05:00Z,search-indexer,index_lag_ms,94.3
2026-07-24T09:05:00Z,session-cache,cache_evictions_per_sec,41.0
2026-07-24T09:05:00Z,session-cache,cache_hit_ratio,0.9623
2026-07-24T09:06:00Z,auth-gw,session_lookup_error_ratio,0.0034
2026-07-24T09:06:00Z,auth-gw,session_lookup_p95_ms,36.8
2026-07-24T09:06:00Z,billing-worker,billing_queue_depth,20.3
2026-07-24T09:06:00Z,frontend,login_latency_p95_ms,185.4
2026-07-24T09:06:00Z,frontend,page_render_p95_ms,115.9
2026-07-24T09:06:00Z,search-indexer,index_lag_ms,103.2
2026-07-24T09:06:00Z,session-cache,cache_evictions_per_sec,44.6
2026-07-24T09:06:00Z,session-cache,cache_hit_ratio,0.9639
2026-07-24T09:07:00Z,auth-gw,session_lookup_error_ratio,0.003
2026-07-24T09:07:00Z,auth-gw,session_lookup_p95_ms,35.3
2026-07-24T09:07:00Z,billing-worker,billing_queue_depth,17.6
2026-07-24T09:07:00Z,frontend,login_latency_p95_ms,192.6
2026-07-24T09:07:00Z,frontend,page_render_p95_ms,104.0
2026-07-24T09:07:00Z,search-indexer,index_lag_ms,98.5
2026-07-24T09:07:00Z,session-cache,cache_evictions_per_sec,38.9
2026-07-24T09:07:00Z,session-cache,cache_hit_ratio,0.9655
2026-07-24T09:08:00Z,auth-gw,session_lookup_error_ratio,0.0032
2026-07-24T09:08:00Z,auth-gw,session_lookup_p95_ms,36.0
2026-07-24T09:08:00Z,billing-worker,billing_queue_depth,16.5
2026-07-24T09:08:00Z,frontend,login_latency_p95_ms,186.0
2026-07-24T09:08:00Z,frontend,page_render_p95_ms,116.2
2026-07-24T09:08:00Z,search-indexer,index_lag_ms,103.5
2026-07-24T09:08:00Z,session-cache,cache_evictions_per_sec,42.5
2026-07-24T09:08:00Z,session-cache,cache_hit_ratio,0.9609
2026-07-24T09:09:00Z,auth-gw,session_lookup_error_ratio,0.0027
2026-07-24T09:09:00Z,auth-gw,session_lookup_p95_ms,35.2
2026-07-24T09:09:00Z,billing-worker,billing_queue_depth,19.0
2026-07-24T09:09:00Z,frontend,login_latency_p95_ms,177.8
2026-07-24T09:09:00Z,frontend,page_render_p95_ms,113.9
2026-07-24T09:09:00Z,search-indexer,index_lag_ms,95.4
2026-07-24T09:09:00Z,session-cache,cache_evictions_per_sec,44.9
2026-07-24T09:09:00Z,session-cache,cache_hit_ratio,0.963
2026-07-24T09:10:00Z,auth-gw,session_lookup_error_ratio,0.0031
2026-07-24T09:10:00Z,auth-gw,session_lookup_p95_ms,32.3
2026-07-24T09:10:00Z,billing-worker,billing_queue_depth,18.8
2026-07-24T09:10:00Z,frontend,login_latency_p95_ms,190.0
2026-07-24T09:10:00Z,frontend,page_render_p95_ms,105.0
2026-07-24T09:10:00Z,search-indexer,index_lag_ms,99.7
2026-07-24T09:10:00Z,session-cache,cache_evictions_per_sec,41.4
2026-07-24T09:10:00Z,session-cache,cache_hit_ratio,0.9539
2026-07-24T09:11:00Z,auth-gw,session_lookup_error_ratio,0.0027
2026-07-24T09:11:00Z,auth-gw,session_lookup_p95_ms,37.5
2026-07-24T09:11:00Z,billing-worker,billing_queue_depth,19.8
2026-07-24T09:11:00Z,frontend,login_latency_p95_ms,185.6
2026-07-24T09:11:00Z,frontend,page_render_p95_ms,113.2
2026-07-24T09:11:00Z,search-indexer,index_lag_ms,88.1
2026-07-24T09:11:00Z,session-cache,cache_evictions_per_sec,44.9
2026-07-24T09:11:00Z,session-cache,cache_hit_ratio,0.9572
2026-07-24T09:12:00Z,auth-gw,session_lookup_error_ratio,0.0026
2026-07-24T09:12:00Z,auth-gw,session_lookup_p95_ms,36.0
2026-07-24T09:12:00Z,billing-worker,billing_queue_depth,16.0
2026-07-24T09:12:00Z,frontend,login_latency_p95_ms,178.5
2026-07-24T09:12:00Z,frontend,page_render_p95_ms,112.9
2026-07-24T09:12:00Z,search-indexer,index_lag_ms,89.3
2026-07-24T09:12:00Z,session-cache,cache_evictions_per_sec,39.8
2026-07-24T09:12:00Z,session-cache,cache_hit_ratio,0.9695
2026-07-24T09:13:00Z,auth-gw,session_lookup_error_ratio,0.0032
2026-07-24T09:13:00Z,auth-gw,session_lookup_p95_ms,33.0
2026-07-24T09:13:00Z,billing-worker,billing_queue_depth,19.2
2026-07-24T09:13:00Z,frontend,login_latency_p95_ms,197.7
2026-07-24T09:13:00Z,frontend,page_render_p95_ms,111.0
2026-07-24T09:13:00Z,search-indexer,index_lag_ms,104.9
2026-07-24T09:13:00Z,session-cache,cache_evictions_per_sec,39.6
2026-07-24T09:13:00Z,session-cache,cache_hit_ratio,0.9639
2026-07-24T09:14:00Z,auth-gw,session_lookup_error_ratio,0.0034
2026-07-24T09:14:00Z,auth-gw,session_lookup_p95_ms,34.0
2026-07-24T09:14:00Z,billing-worker,billing_queue_depth,16.8
2026-07-24T09:14:00Z,frontend,login_latency_p95_ms,180.7
2026-07-24T09:14:00Z,frontend,page_render_p95_ms,106.7
2026-07-24T09:14:00Z,search-indexer,index_lag_ms,100.1
2026-07-24T09:14:00Z,session-cache,cache_evictions_per_sec,40.4
2026-07-24T09:14:00Z,session-cache,cache_hit_ratio,0.9533
2026-07-24T09:15:00Z,auth-gw,session_lookup_error_ratio,0.0032
2026-07-24T09:15:00Z,auth-gw,session_lookup_p95_ms,37.7
2026-07-24T09:15:00Z,billing-worker,billing_queue_depth,18.8
2026-07-24T09:15:00Z,frontend,login_latency_p95_ms,198.4
2026-07-24T09:15:00Z,frontend,page_render_p95_ms,111.2
2026-07-24T09:15:00Z,search-indexer,index_lag_ms,95.5
2026-07-24T09:15:00Z,session-cache,cache_evictions_per_sec,46.0
2026-07-24T09:15:00Z,session-cache,cache_hit_ratio,0.9653
2026-07-24T09:16:00Z,auth-gw,session_lookup_error_ratio,0.003
2026-07-24T09:16:00Z,auth-gw,session_lookup_p95_ms,37.5
2026-07-24T09:16:00Z,billing-worker,billing_queue_depth,18.8
2026-07-24T09:16:00Z,frontend,login_latency_p95_ms,199.7
2026-07-24T09:16:00Z,frontend,page_render_p95_ms,103.6
2026-07-24T09:16:00Z,search-indexer,index_lag_ms,103.2
2026-07-24T09:16:00Z,session-cache,cache_evictions_per_sec,43.3
2026-07-24T09:16:00Z,session-cache,cache_hit_ratio,0.9581
2026-07-24T09:17:00Z,auth-gw,session_lookup_error_ratio,0.0034
2026-07-24T09:17:00Z,auth-gw,session_lookup_p95_ms,37.2
2026-07-24T09:17:00Z,billing-worker,billing_queue_depth,16.4
2026-07-24T09:17:00Z,frontend,login_latency_p95_ms,194.3
2026-07-24T09:17:00Z,frontend,page_render_p95_ms,115.7
2026-07-24T09:17:00Z,search-indexer,index_lag_ms,91.0
2026-07-24T09:17:00Z,session-cache,cache_evictions_per_sec,38.1
2026-07-24T09:17:00Z,session-cache,cache_hit_ratio,0.9587
2026-07-24T09:18:00Z,auth-gw,session_lookup_error_ratio,0.0026
2026-07-24T09:18:00Z,auth-gw,session_lookup_p95_ms,32.4
2026-07-24T09:18:00Z,billing-worker,billing_queue_depth,18.2
2026-07-24T09:18:00Z,frontend,login_latency_p95_ms,199.8
2026-07-24T09:18:00Z,frontend,page_render_p95_ms,104.4
2026-07-24T09:18:00Z,search-indexer,index_lag_ms,86.1
2026-07-24T09:18:00Z,session-cache,cache_evictions_per_sec,41.7
2026-07-24T09:18:00Z,session-cache,cache_hit_ratio,0.9523
2026-07-24T09:19:00Z,auth-gw,session_lookup_error_ratio,0.0027
2026-07-24T09:19:00Z,auth-gw,session_lookup_p95_ms,32.5
2026-07-24T09:19:00Z,billing-worker,billing_queue_depth,16.4
2026-07-24T09:19:00Z,frontend,login_latency_p95_ms,188.0
2026-07-24T09:19:00Z,frontend,page_render_p95_ms,110.6
2026-07-24T09:19:00Z,search-indexer,index_lag_ms,97.1
2026-07-24T09:19:00Z,session-cache,cache_evictions_per_sec,38.8
2026-07-24T09:19:00Z,session-cache,cache_hit_ratio,0.964
2026-07-24T09:20:00Z,auth-gw,session_lookup_error_ratio,0.0029
2026-07-24T09:20:00Z,auth-gw,session_lookup_p95_ms,32.5
2026-07-24T09:20:00Z,billing-worker,billing_queue_depth,17.4
2026-07-24T09:20:00Z,frontend,login_latency_p95_ms,185.5
2026-07-24T09:20:00Z,frontend,page_render_p95_ms,115.1
2026-07-24T09:20:00Z,search-indexer,index_lag_ms,88.3
2026-07-24T09:20:00Z,session-cache,cache_evictions_per_sec,44.3
2026-07-24T09:20:00Z,session-cache,cache_hit_ratio,0.9561
2026-07-24T09:21:00Z,auth-gw,session_lookup_error_ratio,0.003
2026-07-24T09:21:00Z,auth-gw,session_lookup_p95_ms,33.4
2026-07-24T09:21:00Z,billing-worker,billing_queue_depth,16.6
2026-07-24T09:21:00Z,frontend,login_latency_p95_ms,199.8
2026-07-24T09:21:00Z,frontend,page_render_p95_ms,103.6
2026-07-24T09:21:00Z,search-indexer,index_lag_ms,101.3
2026-07-24T09:21:00Z,session-cache,cache_evictions_per_sec,42.9
2026-07-24T09:21:00Z,session-cache,cache_hit_ratio,0.9667
2026-07-24T09:22:00Z,auth-gw,session_lookup_error_ratio,0.0034
2026-07-24T09:22:00Z,auth-gw,session_lookup_p95_ms,34.6
2026-07-24T09:22:00Z,billing-worker,billing_queue_depth,19.8
2026-07-24T09:22:00Z,frontend,login_latency_p95_ms,181.0
2026-07-24T09:22:00Z,frontend,page_render_p95_ms,109.2
2026-07-24T09:22:00Z,search-indexer,index_lag_ms,89.6
2026-07-24T09:22:00Z,session-cache,cache_evictions_per_sec,40.8
2026-07-24T09:22:00Z,session-cache,cache_hit_ratio,0.9536
2026-07-24T09:23:00Z,auth-gw,session_lookup_error_ratio,0.0033
2026-07-24T09:23:00Z,auth-gw,session_lookup_p95_ms,34.7
2026-07-24T09:23:00Z,billing-worker,billing_queue_depth,19.3
2026-07-24T09:23:00Z,frontend,login_latency_p95_ms,194.3
2026-07-24T09:23:00Z,frontend,page_render_p95_ms,115.7
2026-07-24T09:23:00Z,search-indexer,index_lag_ms,88.8
2026-07-24T09:23:00Z,session-cache,cache_evictions_per_sec,44.0
2026-07-24T09:23:00Z,session-cache,cache_hit_ratio,0.9541
2026-07-24T09:24:00Z,auth-gw,session_lookup_error_ratio,0.0028
2026-07-24T09:24:00Z,auth-gw,session_lookup_p95_ms,32.5
2026-07-24T09:24:00Z,billing-worker,billing_queue_depth,19.0
2026-07-24T09:24:00Z,frontend,login_latency_p95_ms,202.9
2026-07-24T09:24:00Z,frontend,page_render_p95_ms,111.1
2026-07-24T09:24:00Z,search-indexer,index_lag_ms,91.2
2026-07-24T09:24:00Z,session-cache,cache_evictions_per_sec,42.7
2026-07-24T09:24:00Z,session-cache,cache_hit_ratio,0.9539
2026-07-24T09:25:00Z,auth-gw,session_lookup_error_ratio,0.0033
2026-07-24T09:25:00Z,auth-gw,session_lookup_p95_ms,33.2
2026-07-24T09:25:00Z,billing-worker,billing_queue_depth,18.6
2026-07-24T09:25:00Z,frontend,login_latency_p95_ms,186.3
2026-07-24T09:25:00Z,frontend,page_render_p95_ms,113.7
2026-07-24T09:25:00Z,search-indexer,index_lag_ms,106.1
2026-07-24T09:25:00Z,session-cache,cache_evictions_per_sec,37.8
2026-07-24T09:25:00Z,session-cache,cache_hit_ratio,0.9553
2026-07-24T09:26:00Z,auth-gw,session_lookup_error_ratio,0.0026
2026-07-24T09:26:00Z,auth-gw,session_lookup_p95_ms,37.3
2026-07-24T09:26:00Z,billing-worker,billing_queue_depth,18.3
2026-07-24T09:26:00Z,frontend,login_latency_p95_ms,193.1
2026-07-24T09:26:00Z,frontend,page_render_p95_ms,106.2
2026-07-24T09:26:00Z,search-indexer,index_lag_ms,86.4
2026-07-24T09:26:00Z,session-cache,cache_evictions_per_sec,38.7
2026-07-24T09:26:00Z,session-cache,cache_hit_ratio,0.9647
2026-07-24T09:27:00Z,auth-gw,session_lookup_error_ratio,0.0034
2026-07-24T09:27:00Z,auth-gw,session_lookup_p95_ms,37.5
2026-07-24T09:27:00Z,billing-worker,billing_queue_depth,17.7
2026-07-24T09:27:00Z,frontend,login_latency_p95_ms,188.3
2026-07-24T09:27:00Z,frontend,page_render_p95_ms,103.9
2026-07-24T09:27:00Z,search-indexer,index_lag_ms,84.3
2026-07-24T09:27:00Z,session-cache,cache_evictions_per_sec,45.7
2026-07-24T09:27:00Z,session-cache,cache_hit_ratio,0.9544
2026-07-24T09:28:00Z,auth-gw,session_lookup_error_ratio,0.0034
2026-07-24T09:28:00Z,auth-gw,session_lookup_p95_ms,34.6
2026-07-24T09:28:00Z,billing-worker,billing_queue_depth,18.5
2026-07-24T09:28:00Z,frontend,login_latency_p95_ms,195.2
2026-07-24T09:28:00Z,frontend,page_render_p95_ms,106.4
2026-07-24T09:28:00Z,search-indexer,index_lag_ms,90.8
2026-07-24T09:28:00Z,session-cache,cache_evictions_per_sec,42.2
2026-07-24T09:28:00Z,session-cache,cache_hit_ratio,0.9574
2026-07-24T09:29:00Z,auth-gw,session_lookup_error_ratio,0.0027
2026-07-24T09:29:00Z,auth-gw,session_lookup_p95_ms,33.0
2026-07-24T09:29:00Z,billing-worker,billing_queue_depth,20.2
2026-07-24T09:29:00Z,frontend,login_latency_p95_ms,201.7
2026-07-24T09:29:00Z,frontend,page_render_p95_ms,109.4
2026-07-24T09:29:00Z,search-indexer,index_lag_ms,104.3
2026-07-24T09:29:00Z,session-cache,cache_evictions_per_sec,43.2
2026-07-24T09:29:00Z,session-cache,cache_hit_ratio,0.9694
2026-07-24T09:30:00Z,auth-gw,session_lookup_error_ratio,0.0026
2026-07-24T09:30:00Z,auth-gw,session_lookup_p95_ms,36.4
2026-07-24T09:30:00Z,billing-worker,billing_queue_depth,19.5
2026-07-24T09:30:00Z,frontend,login_latency_p95_ms,184.4
2026-07-24T09:30:00Z,frontend,page_render_p95_ms,107.2
2026-07-24T09:30:00Z,search-indexer,index_lag_ms,93.9
2026-07-24T09:30:00Z,session-cache,cache_evictions_per_sec,42.3
2026-07-24T09:30:00Z,session-cache,cache_hit_ratio,0.9647
2026-07-24T09:31:00Z,auth-gw,session_lookup_error_ratio,0.0026
2026-07-24T09:31:00Z,auth-gw,session_lookup_p95_ms,33.3
2026-07-24T09:31:00Z,billing-worker,billing_queue_depth,19.2
2026-07-24T09:31:00Z,frontend,login_latency_p95_ms,186.6
2026-07-24T09:31:00Z,frontend,page_render_p95_ms,108.8
2026-07-24T09:31:00Z,search-indexer,index_lag_ms,102.4
2026-07-24T09:31:00Z,session-cache,cache_evictions_per_sec,51.5
2026-07-24T09:31:00Z,session-cache,cache_hit_ratio,0.9474
2026-07-24T09:32:00Z,auth-gw,session_lookup_error_ratio,0.003
2026-07-24T09:32:00Z,auth-gw,session_lookup_p95_ms,35.9
2026-07-24T09:32:00Z,billing-worker,billing_queue_depth,19.6
2026-07-24T09:32:00Z,frontend,login_latency_p95_ms,185.4
2026-07-24T09:32:00Z,frontend,page_render_p95_ms,110.4
2026-07-24T09:32:00Z,search-indexer,index_lag_ms,89.8
2026-07-24T09:32:00Z,session-cache,cache_evictions_per_sec,71.5
2026-07-24T09:32:00Z,session-cache,cache_hit_ratio,0.9486
2026-07-24T09:33:00Z,auth-gw,session_lookup_error_ratio,0.003
2026-07-24T09:33:00Z,auth-gw,session_lookup_p95_ms,34.9
2026-07-24T09:33:00Z,billing-worker,billing_queue_depth,19.6
2026-07-24T09:33:00Z,frontend,login_latency_p95_ms,193.5
2026-07-24T09:33:00Z,frontend,page_render_p95_ms,104.2
2026-07-24T09:33:00Z,search-indexer,index_lag_ms,87.4
2026-07-24T09:33:00Z,session-cache,cache_evictions_per_sec,77.9
2026-07-24T09:33:00Z,session-cache,cache_hit_ratio,0.9325
2026-07-24T09:34:00Z,auth-gw,session_lookup_error_ratio,0.003
2026-07-24T09:34:00Z,auth-gw,session_lookup_p95_ms,34.9
2026-07-24T09:34:00Z,billing-worker,billing_queue_depth,18.0
2026-07-24T09:34:00Z,frontend,login_latency_p95_ms,203.0
2026-07-24T09:34:00Z,frontend,page_render_p95_ms,114.3
2026-07-24T09:34:00Z,search-indexer,index_lag_ms,91.0
2026-07-24T09:34:00Z,session-cache,cache_evictions_per_sec,101.7
2026-07-24T09:34:00Z,session-cache,cache_hit_ratio,0.9294
2026-07-24T09:35:00Z,auth-gw,session_lookup_error_ratio,0.0031
2026-07-24T09:35:00Z,auth-gw,session_lookup_p95_ms,34.1
2026-07-24T09:35:00Z,billing-worker,billing_queue_depth,15.4
2026-07-24T09:35:00Z,frontend,login_latency_p95_ms,189.4
2026-07-24T09:35:00Z,frontend,page_render_p95_ms,116.1
2026-07-24T09:35:00Z,search-indexer,index_lag_ms,105.4
2026-07-24T09:35:00Z,session-cache,cache_evictions_per_sec,103.5
2026-07-24T09:35:00Z,session-cache,cache_hit_ratio,0.9344
2026-07-24T09:36:00Z,auth-gw,session_lookup_error_ratio,0.0033
2026-07-24T09:36:00Z,auth-gw,session_lookup_p95_ms,36.5
2026-07-24T09:36:00Z,billing-worker,billing_queue_depth,17.9
2026-07-24T09:36:00Z,frontend,login_latency_p95_ms,189.0
2026-07-24T09:36:00Z,frontend,page_render_p95_ms,103.9
2026-07-24T09:36:00Z,search-indexer,index_lag_ms,84.2
2026-07-24T09:36:00Z,session-cache,cache_evictions_per_sec,112.2
2026-07-24T09:36:00Z,session-cache,cache_hit_ratio,0.9169
2026-07-24T09:37:00Z,auth-gw,session_lookup_error_ratio,0.0028
2026-07-24T09:37:00Z,auth-gw,session_lookup_p95_ms,36.9
2026-07-24T09:37:00Z,billing-worker,billing_queue_depth,19.3
2026-07-24T09:37:00Z,frontend,login_latency_p95_ms,195.6
2026-07-24T09:37:00Z,frontend,page_render_p95_ms,116.2
2026-07-24T09:37:00Z,search-indexer,index_lag_ms,88.9
2026-07-24T09:37:00Z,session-cache,cache_evictions_per_sec,126.9
2026-07-24T09:37:00Z,session-cache,cache_hit_ratio,0.9112
2026-07-24T09:38:00Z,auth-gw,session_lookup_error_ratio,0.0033
2026-07-24T09:38:00Z,auth-gw,session_lookup_p95_ms,37.6
2026-07-24T09:38:00Z,billing-worker,billing_queue_depth,17.5
2026-07-24T09:38:00Z,frontend,login_latency_p95_ms,188.6
2026-07-24T09:38:00Z,frontend,page_render_p95_ms,111.4
2026-07-24T09:38:00Z,search-indexer,index_lag_ms,101.6
2026-07-24T09:38:00Z,session-cache,cache_evictions_per_sec,155.3
2026-07-24T09:38:00Z,session-cache,cache_hit_ratio,0.9006
2026-07-24T09:39:00Z,auth-gw,session_lookup_error_ratio,0.0033
2026-07-24T09:39:00Z,auth-gw,session_lookup_p95_ms,32.9
2026-07-24T09:39:00Z,billing-worker,billing_queue_depth,20.2
2026-07-24T09:39:00Z,frontend,login_latency_p95_ms,177.0
2026-07-24T09:39:00Z,frontend,page_render_p95_ms,113.6
2026-07-24T09:39:00Z,search-indexer,index_lag_ms,104.2
2026-07-24T09:39:00Z,session-cache,cache_evictions_per_sec,173.2
2026-07-24T09:39:00Z,session-cache,cache_hit_ratio,0.9067
2026-07-24T09:40:00Z,auth-gw,session_lookup_error_ratio,0.0028
2026-07-24T09:40:00Z,auth-gw,session_lookup_p95_ms,37.2
2026-07-24T09:40:00Z,billing-worker,billing_queue_depth,18.9
2026-07-24T09:40:00Z,frontend,login_latency_p95_ms,198.4
2026-07-24T09:40:00Z,frontend,page_render_p95_ms,103.8
2026-07-24T09:40:00Z,search-indexer,index_lag_ms,90.6
2026-07-24T09:40:00Z,session-cache,cache_evictions_per_sec,164.8
2026-07-24T09:40:00Z,session-cache,cache_hit_ratio,0.89
2026-07-24T09:41:00Z,auth-gw,session_lookup_error_ratio,0.0032
2026-07-24T09:41:00Z,auth-gw,session_lookup_p95_ms,53.3
2026-07-24T09:41:00Z,billing-worker,billing_queue_depth,15.9
2026-07-24T09:41:00Z,frontend,login_latency_p95_ms,193.4
2026-07-24T09:41:00Z,frontend,page_render_p95_ms,112.8
2026-07-24T09:41:00Z,search-indexer,index_lag_ms,101.0
2026-07-24T09:41:00Z,session-cache,cache_evictions_per_sec,202.2
2026-07-24T09:41:00Z,session-cache,cache_hit_ratio,0.8809
2026-07-24T09:42:00Z,auth-gw,session_lookup_error_ratio,0.003
2026-07-24T09:42:00Z,auth-gw,session_lookup_p95_ms,76.4
2026-07-24T09:42:00Z,billing-worker,billing_queue_depth,20.1
2026-07-24T09:42:00Z,frontend,login_latency_p95_ms,199.7
2026-07-24T09:42:00Z,frontend,page_render_p95_ms,107.9
2026-07-24T09:42:00Z,search-indexer,index_lag_ms,101.3
2026-07-24T09:42:00Z,session-cache,cache_evictions_per_sec,195.5
2026-07-24T09:42:00Z,session-cache,cache_hit_ratio,0.873
2026-07-24T09:43:00Z,auth-gw,session_lookup_error_ratio,0.0034
2026-07-24T09:43:00Z,auth-gw,session_lookup_p95_ms,96.2
2026-07-24T09:43:00Z,billing-worker,billing_queue_depth,16.1
2026-07-24T09:43:00Z,frontend,login_latency_p95_ms,181.0
2026-07-24T09:43:00Z,frontend,page_render_p95_ms,107.3
2026-07-24T09:43:00Z,search-indexer,index_lag_ms,97.7
2026-07-24T09:43:00Z,session-cache,cache_evictions_per_sec,227.7
2026-07-24T09:43:00Z,session-cache,cache_hit_ratio,0.8678
2026-07-24T09:44:00Z,auth-gw,session_lookup_error_ratio,0.0031
2026-07-24T09:44:00Z,auth-gw,session_lookup_p95_ms,118.8
2026-07-24T09:44:00Z,billing-worker,billing_queue_depth,18.8
2026-07-24T09:44:00Z,frontend,login_latency_p95_ms,178.2
2026-07-24T09:44:00Z,frontend,page_render_p95_ms,109.7
2026-07-24T09:44:00Z,search-indexer,index_lag_ms,88.8
2026-07-24T09:44:00Z,session-cache,cache_evictions_per_sec,222.6
2026-07-24T09:44:00Z,session-cache,cache_hit_ratio,0.8651
2026-07-24T09:45:00Z,auth-gw,session_lookup_error_ratio,0.0032
2026-07-24T09:45:00Z,auth-gw,session_lookup_p95_ms,154.0
2026-07-24T09:45:00Z,billing-worker,billing_queue_depth,15.8
2026-07-24T09:45:00Z,frontend,login_latency_p95_ms,186.0
2026-07-24T09:45:00Z,frontend,page_render_p95_ms,104.4
2026-07-24T09:45:00Z,search-indexer,index_lag_ms,98.1
2026-07-24T09:45:00Z,session-cache,cache_evictions_per_sec,215.5
2026-07-24T09:45:00Z,session-cache,cache_hit_ratio,0.8623
2026-07-24T09:46:00Z,auth-gw,session_lookup_error_ratio,0.0059
2026-07-24T09:46:00Z,auth-gw,session_lookup_p95_ms,181.5
2026-07-24T09:46:00Z,billing-worker,billing_queue_depth,15.5
2026-07-24T09:46:00Z,frontend,login_latency_p95_ms,198.7
2026-07-24T09:46:00Z,frontend,page_render_p95_ms,112.5
2026-07-24T09:46:00Z,search-indexer,index_lag_ms,92.9
2026-07-24T09:46:00Z,session-cache,cache_evictions_per_sec,272.6
2026-07-24T09:46:00Z,session-cache,cache_hit_ratio,0.8497
2026-07-24T09:47:00Z,auth-gw,session_lookup_error_ratio,0.0093
2026-07-24T09:47:00Z,auth-gw,session_lookup_p95_ms,194.6
2026-07-24T09:47:00Z,billing-worker,billing_queue_depth,19.4
2026-07-24T09:47:00Z,frontend,login_latency_p95_ms,194.1
2026-07-24T09:47:00Z,frontend,page_render_p95_ms,110.0
2026-07-24T09:47:00Z,search-indexer,index_lag_ms,88.4
2026-07-24T09:47:00Z,session-cache,cache_evictions_per_sec,270.1
2026-07-24T09:47:00Z,session-cache,cache_hit_ratio,0.8421
2026-07-24T09:48:00Z,auth-gw,session_lookup_error_ratio,0.0111
2026-07-24T09:48:00Z,auth-gw,session_lookup_p95_ms,212.6
2026-07-24T09:48:00Z,billing-worker,billing_queue_depth,19.6
2026-07-24T09:48:00Z,frontend,login_latency_p95_ms,187.4
2026-07-24T09:48:00Z,frontend,page_render_p95_ms,115.2
2026-07-24T09:48:00Z,search-indexer,index_lag_ms,84.4
2026-07-24T09:48:00Z,session-cache,cache_evictions_per_sec,257.4
2026-07-24T09:48:00Z,session-cache,cache_hit_ratio,0.8357
2026-07-24T09:49:00Z,auth-gw,session_lookup_error_ratio,0.0153
2026-07-24T09:49:00Z,auth-gw,session_lookup_p95_ms,252.2
2026-07-24T09:49:00Z,billing-worker,billing_queue_depth,15.4
2026-07-24T09:49:00Z,frontend,login_latency_p95_ms,201.1
2026-07-24T09:49:00Z,frontend,page_render_p95_ms,106.8
2026-07-24T09:49:00Z,search-indexer,index_lag_ms,96.7
2026-07-24T09:49:00Z,session-cache,cache_evictions_per_sec,310.3
2026-07-24T09:49:00Z,session-cache,cache_hit_ratio,0.8315
2026-07-24T09:50:00Z,auth-gw,session_lookup_error_ratio,0.0154
2026-07-24T09:50:00Z,auth-gw,session_lookup_p95_ms,275.3
2026-07-24T09:50:00Z,billing-worker,billing_queue_depth,20.4
2026-07-24T09:50:00Z,frontend,login_latency_p95_ms,194.2
2026-07-24T09:50:00Z,frontend,page_render_p95_ms,107.3
2026-07-24T09:50:00Z,search-indexer,index_lag_ms,90.4
2026-07-24T09:50:00Z,session-cache,cache_evictions_per_sec,327.5
2026-07-24T09:50:00Z,session-cache,cache_hit_ratio,0.8206
2026-07-24T09:51:00Z,auth-gw,session_lookup_error_ratio,0.0197
2026-07-24T09:51:00Z,auth-gw,session_lookup_p95_ms,287.3
2026-07-24T09:51:00Z,billing-worker,billing_queue_depth,15.4
2026-07-24T09:51:00Z,frontend,login_latency_p95_ms,187.3
2026-07-24T09:51:00Z,frontend,page_render_p95_ms,112.9
2026-07-24T09:51:00Z,search-indexer,index_lag_ms,94.6
2026-07-24T09:51:00Z,session-cache,cache_evictions_per_sec,338.4
2026-07-24T09:51:00Z,session-cache,cache_hit_ratio,0.8189
2026-07-24T09:52:00Z,auth-gw,session_lookup_error_ratio,0.022
2026-07-24T09:52:00Z,auth-gw,session_lookup_p95_ms,300.3
2026-07-24T09:52:00Z,billing-worker,billing_queue_depth,20.2
2026-07-24T09:52:00Z,frontend,login_latency_p95_ms,180.9
2026-07-24T09:52:00Z,frontend,page_render_p95_ms,114.5
2026-07-24T09:52:00Z,search-indexer,index_lag_ms,101.5
2026-07-24T09:52:00Z,session-cache,cache_evictions_per_sec,344.5
2026-07-24T09:52:00Z,session-cache,cache_hit_ratio,0.8075
2026-07-24T09:53:00Z,auth-gw,session_lookup_error_ratio,0.0238
2026-07-24T09:53:00Z,auth-gw,session_lookup_p95_ms,303.2
2026-07-24T09:53:00Z,billing-worker,billing_queue_depth,20.5
2026-07-24T09:53:00Z,frontend,login_latency_p95_ms,189.7
2026-07-24T09:53:00Z,frontend,page_render_p95_ms,113.9
2026-07-24T09:53:00Z,search-indexer,index_lag_ms,103.7
2026-07-24T09:53:00Z,session-cache,cache_evictions_per_sec,360.4
2026-07-24T09:53:00Z,session-cache,cache_hit_ratio,0.8058
2026-07-24T09:54:00Z,auth-gw,session_lookup_error_ratio,0.0278
2026-07-24T09:54:00Z,auth-gw,session_lookup_p95_ms,341.7
2026-07-24T09:54:00Z,billing-worker,billing_queue_depth,19.2
2026-07-24T09:54:00Z,frontend,login_latency_p95_ms,187.7
2026-07-24T09:54:00Z,frontend,page_render_p95_ms,114.8
2026-07-24T09:54:00Z,search-indexer,index_lag_ms,89.8
2026-07-24T09:54:00Z,session-cache,cache_evictions_per_sec,367.2
2026-07-24T09:54:00Z,session-cache,cache_hit_ratio,0.798
2026-07-24T09:55:00Z,auth-gw,session_lookup_error_ratio,0.0263
2026-07-24T09:55:00Z,auth-gw,session_lookup_p95_ms,343.2
2026-07-24T09:55:00Z,billing-worker,billing_queue_depth,19.7
2026-07-24T09:55:00Z,frontend,login_latency_p95_ms,2361.1
2026-07-24T09:55:00Z,frontend,page_render_p95_ms,113.7
2026-07-24T09:55:00Z,search-indexer,index_lag_ms,94.4
2026-07-24T09:55:00Z,session-cache,cache_evictions_per_sec,355.5
2026-07-24T09:55:00Z,session-cache,cache_hit_ratio,0.7905
2026-07-24T09:56:00Z,auth-gw,session_lookup_error_ratio,0.0342
2026-07-24T09:56:00Z,auth-gw,session_lookup_p95_ms,409.3
2026-07-24T09:56:00Z,billing-worker,billing_queue_depth,18.1
2026-07-24T09:56:00Z,frontend,login_latency_p95_ms,2383.5
2026-07-24T09:56:00Z,frontend,page_render_p95_ms,110.2
2026-07-24T09:56:00Z,search-indexer,index_lag_ms,103.9
2026-07-24T09:56:00Z,session-cache,cache_evictions_per_sec,388.5
2026-07-24T09:56:00Z,session-cache,cache_hit_ratio,0.7831
2026-07-24T09:57:00Z,auth-gw,session_lookup_error_ratio,0.039
2026-07-24T09:57:00Z,auth-gw,session_lookup_p95_ms,435.7
2026-07-24T09:57:00Z,billing-worker,billing_queue_depth,20.2
2026-07-24T09:57:00Z,frontend,login_latency_p95_ms,2549.8
2026-07-24T09:57:00Z,frontend,page_render_p95_ms,108.5
2026-07-24T09:57:00Z,search-indexer,index_lag_ms,87.0
2026-07-24T09:57:00Z,session-cache,cache_evictions_per_sec,427.6
2026-07-24T09:57:00Z,session-cache,cache_hit_ratio,0.7742
2026-07-24T09:58:00Z,auth-gw,session_lookup_error_ratio,0.0432
2026-07-24T09:58:00Z,auth-gw,session_lookup_p95_ms,424.0
2026-07-24T09:58:00Z,billing-worker,billing_queue_depth,20.2
2026-07-24T09:58:00Z,frontend,login_latency_p95_ms,2275.2
2026-07-24T09:58:00Z,frontend,page_render_p95_ms,105.6
2026-07-24T09:58:00Z,search-indexer,index_lag_ms,87.7
2026-07-24T09:58:00Z,session-cache,cache_evictions_per_sec,370.3
2026-07-24T09:58:00Z,session-cache,cache_hit_ratio,0.7706
2026-07-24T09:59:00Z,auth-gw,session_lookup_error_ratio,0.0389
2026-07-24T09:59:00Z,auth-gw,session_lookup_p95_ms,446.2
2026-07-24T09:59:00Z,billing-worker,billing_queue_depth,18.8
2026-07-24T09:59:00Z,frontend,login_latency_p95_ms,2328.8
2026-07-24T09:59:00Z,frontend,page_render_p95_ms,110.9
2026-07-24T09:59:00Z,search-indexer,index_lag_ms,91.4
2026-07-24T09:59:00Z,session-cache,cache_evictions_per_sec,409.1
2026-07-24T09:59:00Z,session-cache,cache_hit_ratio,0.7558
2026-07-24T10:00:00Z,auth-gw,session_lookup_error_ratio,0.0488
2026-07-24T10:00:00Z,auth-gw,session_lookup_p95_ms,474.3
2026-07-24T10:00:00Z,billing-worker,billing_queue_depth,16.5
2026-07-24T10:00:00Z,frontend,login_latency_p95_ms,2503.2
2026-07-24T10:00:00Z,frontend,page_render_p95_ms,110.0
2026-07-24T10:00:00Z,search-indexer,index_lag_ms,94.5
2026-07-24T10:00:00Z,session-cache,cache_evictions_per_sec,437.5
2026-07-24T10:00:00Z,session-cache,cache_hit_ratio,0.7525
2026-07-24T10:01:00Z,auth-gw,session_lookup_error_ratio,0.048
2026-07-24T10:01:00Z,auth-gw,session_lookup_p95_ms,483.0
2026-07-24T10:01:00Z,billing-worker,billing_queue_depth,17.0
2026-07-24T10:01:00Z,frontend,login_latency_p95_ms,2265.0
2026-07-24T10:01:00Z,frontend,page_render_p95_ms,114.5
2026-07-24T10:01:00Z,search-indexer,index_lag_ms,85.2
2026-07-24T10:01:00Z,session-cache,cache_evictions_per_sec,437.3
2026-07-24T10:01:00Z,session-cache,cache_hit_ratio,0.7522
2026-07-24T10:02:00Z,auth-gw,session_lookup_error_ratio,0.0446
2026-07-24T10:02:00Z,auth-gw,session_lookup_p95_ms,527.0
2026-07-24T10:02:00Z,billing-worker,billing_queue_depth,18.0
2026-07-24T10:02:00Z,frontend,login_latency_p95_ms,2342.2
2026-07-24T10:02:00Z,frontend,page_render_p95_ms,113.0
2026-07-24T10:02:00Z,search-indexer,index_lag_ms,105.0
2026-07-24T10:02:00Z,session-cache,cache_evictions_per_sec,487.6
2026-07-24T10:02:00Z,session-cache,cache_hit_ratio,0.7402
2026-07-24T10:03:00Z,auth-gw,session_lookup_error_ratio,0.0589
2026-07-24T10:03:00Z,auth-gw,session_lookup_p95_ms,589.8
2026-07-24T10:03:00Z,billing-worker,billing_queue_depth,19.9
2026-07-24T10:03:00Z,frontend,login_latency_p95_ms,2331.0
2026-07-24T10:03:00Z,frontend,page_render_p95_ms,104.3
2026-07-24T10:03:00Z,search-indexer,index_lag_ms,104.7
2026-07-24T10:03:00Z,session-cache,cache_evictions_per_sec,462.1
2026-07-24T10:03:00Z,session-cache,cache_hit_ratio,0.7366
2026-07-24T10:04:00Z,auth-gw,session_lookup_error_ratio,0.0632
2026-07-24T10:04:00Z,auth-gw,session_lookup_p95_ms,528.8
2026-07-24T10:04:00Z,billing-worker,billing_queue_depth,17.3
2026-07-24T10:04:00Z,frontend,login_latency_p95_ms,2484.6
2026-07-24T10:04:00Z,frontend,page_render_p95_ms,110.5
2026-07-24T10:04:00Z,search-indexer,index_lag_ms,91.1
2026-07-24T10:04:00Z,session-cache,cache_evictions_per_sec,505.8
2026-07-24T10:04:00Z,session-cache,cache_hit_ratio,0.7264
2026-07-24T10:05:00Z,auth-gw,session_lookup_error_ratio,0.0499
2026-07-24T10:05:00Z,auth-gw,session_lookup_p95_ms,551.9
2026-07-24T10:05:00Z,billing-worker,billing_queue_depth,17.1
2026-07-24T10:05:00Z,frontend,login_latency_p95_ms,2549.3
2026-07-24T10:05:00Z,frontend,page_render_p95_ms,103.9
2026-07-24T10:05:00Z,search-indexer,index_lag_ms,85.6
2026-07-24T10:05:00Z,session-cache,cache_evictions_per_sec,532.0
2026-07-24T10:05:00Z,session-cache,cache_hit_ratio,0.7184
2026-07-24T10:06:00Z,auth-gw,session_lookup_error_ratio,0.0672
2026-07-24T10:06:00Z,auth-gw,session_lookup_p95_ms,607.8
2026-07-24T10:06:00Z,billing-worker,billing_queue_depth,18.7
2026-07-24T10:06:00Z,frontend,login_latency_p95_ms,2341.2
2026-07-24T10:06:00Z,frontend,page_render_p95_ms,112.4
2026-07-24T10:06:00Z,search-indexer,index_lag_ms,90.8
2026-07-24T10:06:00Z,session-cache,cache_evictions_per_sec,542.4
2026-07-24T10:06:00Z,session-cache,cache_hit_ratio,0.7198
2026-07-24T10:07:00Z,auth-gw,session_lookup_error_ratio,0.0644
2026-07-24T10:07:00Z,auth-gw,session_lookup_p95_ms,609.1
2026-07-24T10:07:00Z,billing-worker,billing_queue_depth,16.4
2026-07-24T10:07:00Z,frontend,login_latency_p95_ms,2250.4
2026-07-24T10:07:00Z,frontend,page_render_p95_ms,112.4
2026-07-24T10:07:00Z,search-indexer,index_lag_ms,98.1
2026-07-24T10:07:00Z,session-cache,cache_evictions_per_sec,506.8
2026-07-24T10:07:00Z,session-cache,cache_hit_ratio,0.7128
2026-07-24T10:08:00Z,auth-gw,session_lookup_error_ratio,0.0669
2026-07-24T10:08:00Z,auth-gw,session_lookup_p95_ms,610.9
2026-07-24T10:08:00Z,billing-worker,billing_queue_depth,19.1
2026-07-24T10:08:00Z,frontend,login_latency_p95_ms,2451.7
2026-07-24T10:08:00Z,frontend,page_render_p95_ms,112.1
2026-07-24T10:08:00Z,search-indexer,index_lag_ms,97.1
2026-07-24T10:08:00Z,session-cache,cache_evictions_per_sec,539.5
2026-07-24T10:08:00Z,session-cache,cache_hit_ratio,0.706
2026-07-24T10:09:00Z,auth-gw,session_lookup_error_ratio,0.0759
2026-07-24T10:09:00Z,auth-gw,session_lookup_p95_ms,703.1
2026-07-24T10:09:00Z,billing-worker,billing_queue_depth,19.2
2026-07-24T10:09:00Z,frontend,login_latency_p95_ms,2350.0
2026-07-24T10:09:00Z,frontend,page_render_p95_ms,114.4
2026-07-24T10:09:00Z,search-indexer,index_lag_ms,104.0
2026-07-24T10:09:00Z,session-cache,cache_evictions_per_sec,494.5
2026-07-24T10:09:00Z,session-cache,cache_hit_ratio,0.6972
2026-07-24T10:10:00Z,auth-gw,session_lookup_error_ratio,0.0789
2026-07-24T10:10:00Z,auth-gw,session_lookup_p95_ms,737.3
2026-07-24T10:10:00Z,billing-worker,billing_queue_depth,17.6
2026-07-24T10:10:00Z,frontend,login_latency_p95_ms,2538.6
2026-07-24T10:10:00Z,frontend,page_render_p95_ms,106.0
2026-07-24T10:10:00Z,search-indexer,index_lag_ms,95.1
2026-07-24T10:10:00Z,session-cache,cache_evictions_per_sec,568.9
2026-07-24T10:10:00Z,session-cache,cache_hit_ratio,0.6827
2026-07-24T10:11:00Z,auth-gw,session_lookup_error_ratio,0.0789
2026-07-24T10:11:00Z,auth-gw,session_lookup_p95_ms,766.7
2026-07-24T10:11:00Z,billing-worker,billing_queue_depth,17.6
2026-07-24T10:11:00Z,frontend,login_latency_p95_ms,2262.9
2026-07-24T10:11:00Z,frontend,page_render_p95_ms,116.0
2026-07-24T10:11:00Z,search-indexer,index_lag_ms,104.2
2026-07-24T10:11:00Z,session-cache,cache_evictions_per_sec,612.9
2026-07-24T10:11:00Z,session-cache,cache_hit_ratio,0.6776
2026-07-24T10:12:00Z,auth-gw,session_lookup_error_ratio,0.0818
2026-07-24T10:12:00Z,auth-gw,session_lookup_p95_ms,771.0
2026-07-24T10:12:00Z,billing-worker,billing_queue_depth,16.3
2026-07-24T10:12:00Z,frontend,login_latency_p95_ms,2422.8
2026-07-24T10:12:00Z,frontend,page_render_p95_ms,108.7
2026-07-24T10:12:00Z,search-indexer,index_lag_ms,87.2
2026-07-24T10:12:00Z,session-cache,cache_evictions_per_sec,603.8
2026-07-24T10:12:00Z,session-cache,cache_hit_ratio,0.6778
2026-07-24T10:13:00Z,auth-gw,session_lookup_error_ratio,0.0918
2026-07-24T10:13:00Z,auth-gw,session_lookup_p95_ms,777.2
2026-07-24T10:13:00Z,billing-worker,billing_queue_depth,17.0
2026-07-24T10:13:00Z,frontend,login_latency_p95_ms,2531.0
2026-07-24T10:13:00Z,frontend,page_render_p95_ms,110.3
2026-07-24T10:13:00Z,search-indexer,index_lag_ms,99.8
2026-07-24T10:13:00Z,session-cache,cache_evictions_per_sec,628.0
2026-07-24T10:13:00Z,session-cache,cache_hit_ratio,0.6649
2026-07-24T10:14:00Z,auth-gw,session_lookup_error_ratio,0.0913
2026-07-24T10:14:00Z,auth-gw,session_lookup_p95_ms,803.2
2026-07-24T10:14:00Z,billing-worker,billing_queue_depth,20.2
2026-07-24T10:14:00Z,frontend,login_latency_p95_ms,2548.7
2026-07-24T10:14:00Z,frontend,page_render_p95_ms,111.0
2026-07-24T10:14:00Z,search-indexer,index_lag_ms,93.4
2026-07-24T10:14:00Z,session-cache,cache_evictions_per_sec,589.1
2026-07-24T10:14:00Z,session-cache,cache_hit_ratio,0.6591
2026-07-24T10:15:00Z,auth-gw,session_lookup_error_ratio,0.0981
2026-07-24T10:15:00Z,auth-gw,session_lookup_p95_ms,829.7
2026-07-24T10:15:00Z,billing-worker,billing_queue_depth,18.1
2026-07-24T10:15:00Z,frontend,login_latency_p95_ms,2377.2
2026-07-24T10:15:00Z,frontend,page_render_p95_ms,112.6
2026-07-24T10:15:00Z,search-indexer,index_lag_ms,99.5
2026-07-24T10:15:00Z,session-cache,cache_evictions_per_sec,674.5
2026-07-24T10:15:00Z,session-cache,cache_hit_ratio,0.6516
2026-07-24T10:16:00Z,auth-gw,session_lookup_error_ratio,0.1019
2026-07-24T10:16:00Z,auth-gw,session_lookup_p95_ms,879.7
2026-07-24T10:16:00Z,billing-worker,billing_queue_depth,18.6
2026-07-24T10:16:00Z,frontend,login_latency_p95_ms,2366.2
2026-07-24T10:16:00Z,frontend,page_render_p95_ms,105.8
2026-07-24T10:16:00Z,search-indexer,index_lag_ms,98.3
2026-07-24T10:16:00Z,session-cache,cache_evictions_per_sec,606.2
2026-07-24T10:16:00Z,session-cache,cache_hit_ratio,0.6515
2026-07-24T10:17:00Z,auth-gw,session_lookup_error_ratio,0.0879
2026-07-24T10:17:00Z,auth-gw,session_lookup_p95_ms,836.4
2026-07-24T10:17:00Z,billing-worker,billing_queue_depth,20.3
2026-07-24T10:17:00Z,frontend,login_latency_p95_ms,2348.5
2026-07-24T10:17:00Z,frontend,page_render_p95_ms,107.8
2026-07-24T10:17:00Z,search-indexer,index_lag_ms,100.1
2026-07-24T10:17:00Z,session-cache,cache_evictions_per_sec,626.2
2026-07-24T10:17:00Z,session-cache,cache_hit_ratio,0.6337
2026-07-24T10:18:00Z,auth-gw,session_lookup_error_ratio,0.1062
2026-07-24T10:18:00Z,auth-gw,session_lookup_p95_ms,821.7
2026-07-24T10:18:00Z,billing-worker,billing_queue_depth,18.2
2026-07-24T10:18:00Z,frontend,login_latency_p95_ms,2542.1
2026-07-24T10:18:00Z,frontend,page_render_p95_ms,115.1
2026-07-24T10:18:00Z,search-indexer,index_lag_ms,89.4
2026-07-24T10:18:00Z,session-cache,cache_evictions_per_sec,728.5
2026-07-24T10:18:00Z,session-cache,cache_hit_ratio,0.6313
2026-07-24T10:19:00Z,auth-gw,session_lookup_error_ratio,0.1095
2026-07-24T10:19:00Z,auth-gw,session_lookup_p95_ms,948.0
2026-07-24T10:19:00Z,billing-worker,billing_queue_depth,20.5
2026-07-24T10:19:00Z,frontend,login_latency_p95_ms,2524.5
2026-07-24T10:19:00Z,frontend,page_render_p95_ms,112.4
2026-07-24T10:19:00Z,search-indexer,index_lag_ms,94.4
2026-07-24T10:19:00Z,session-cache,cache_evictions_per_sec,678.1
2026-07-24T10:19:00Z,session-cache,cache_hit_ratio,0.6278
2026-07-24T10:20:00Z,auth-gw,session_lookup_error_ratio,0.1147
2026-07-24T10:20:00Z,auth-gw,session_lookup_p95_ms,879.0
2026-07-24T10:20:00Z,billing-worker,billing_queue_depth,20.0
2026-07-24T10:20:00Z,frontend,login_latency_p95_ms,2317.9
2026-07-24T10:20:00Z,frontend,page_render_p95_ms,109.9
2026-07-24T10:20:00Z,search-indexer,index_lag_ms,88.5
2026-07-24T10:20:00Z,session-cache,cache_evictions_per_sec,631.6
2026-07-24T10:20:00Z,session-cache,cache_hit_ratio,0.6202
2026-07-24T10:21:00Z,auth-gw,session_lookup_error_ratio,0.1027
2026-07-24T10:21:00Z,auth-gw,session_lookup_p95_ms,900.0
2026-07-24T10:21:00Z,billing-worker,billing_queue_depth,16.7
2026-07-24T10:21:00Z,frontend,login_latency_p95_ms,2425.7
2026-07-24T10:21:00Z,frontend,page_render_p95_ms,104.6
2026-07-24T10:21:00Z,search-indexer,index_lag_ms,84.8
2026-07-24T10:21:00Z,session-cache,cache_evictions_per_sec,700.9
2026-07-24T10:21:00Z,session-cache,cache_hit_ratio,0.6107
2026-07-24T10:22:00Z,auth-gw,session_lookup_error_ratio,0.1092
2026-07-24T10:22:00Z,auth-gw,session_lookup_p95_ms,1053.6
2026-07-24T10:22:00Z,billing-worker,billing_queue_depth,20.4
2026-07-24T10:22:00Z,frontend,login_latency_p95_ms,2306.9
2026-07-24T10:22:00Z,frontend,page_render_p95_ms,109.9
2026-07-24T10:22:00Z,search-indexer,index_lag_ms,91.6
2026-07-24T10:22:00Z,session-cache,cache_evictions_per_sec,763.3
2026-07-24T10:22:00Z,session-cache,cache_hit_ratio,0.6041
2026-07-24T10:23:00Z,auth-gw,session_lookup_error_ratio,0.1029
2026-07-24T10:23:00Z,auth-gw,session_lookup_p95_ms,1011.0
2026-07-24T10:23:00Z,billing-worker,billing_queue_depth,16.8
2026-07-24T10:23:00Z,frontend,login_latency_p95_ms,2270.6
2026-07-24T10:23:00Z,frontend,page_render_p95_ms,107.7
2026-07-24T10:23:00Z,search-indexer,index_lag_ms,96.2
2026-07-24T10:23:00Z,session-cache,cache_evictions_per_sec,681.3
2026-07-24T10:23:00Z,session-cache,cache_hit_ratio,0.5985
2026-07-24T10:24:00Z,auth-gw,session_lookup_error_ratio,0.1148
2026-07-24T10:24:00Z,auth-gw,session_lookup_p95_ms,979.4
2026-07-24T10:24:00Z,billing-worker,billing_queue_depth,17.2
2026-07-24T10:24:00Z,frontend,login_latency_p95_ms,2262.3
2026-07-24T10:24:00Z,frontend,page_render_p95_ms,115.8
2026-07-24T10:24:00Z,search-indexer,index_lag_ms,93.8
2026-07-24T10:24:00Z,session-cache,cache_evictions_per_sec,797.1
2026-07-24T10:24:00Z,session-cache,cache_hit_ratio,0.5882
2026-07-24T10:25:00Z,auth-gw,session_lookup_error_ratio,0.1139
2026-07-24T10:25:00Z,auth-gw,session_lookup_p95_ms,964.7
2026-07-24T10:25:00Z,billing-worker,billing_queue_depth,20.1
2026-07-24T10:25:00Z,frontend,login_latency_p95_ms,2390.0
2026-07-24T10:25:00Z,frontend,page_render_p95_ms,113.6
2026-07-24T10:25:00Z,search-indexer,index_lag_ms,91.9
2026-07-24T10:25:00Z,session-cache,cache_evictions_per_sec,686.8
2026-07-24T10:25:00Z,session-cache,cache_hit_ratio,0.5825
2026-07-24T10:26:00Z,auth-gw,session_lookup_error_ratio,0.1345
2026-07-24T10:26:00Z,auth-gw,session_lookup_p95_ms,1110.5
2026-07-24T10:26:00Z,billing-worker,billing_queue_depth,15.5
2026-07-24T10:26:00Z,frontend,login_latency_p95_ms,2245.4
2026-07-24T10:26:00Z,frontend,page_render_p95_ms,109.1
2026-07-24T10:26:00Z,search-indexer,index_lag_ms,91.4
2026-07-24T10:26:00Z,session-cache,cache_evictions_per_sec,714.9
2026-07-24T10:26:00Z,session-cache,cache_hit_ratio,0.5802
2026-07-24T10:27:00Z,auth-gw,session_lookup_error_ratio,0.1063
2026-07-24T10:27:00Z,auth-gw,session_lookup_p95_ms,1080.0
2026-07-24T10:27:00Z,billing-worker,billing_queue_depth,20.4
2026-07-24T10:27:00Z,frontend,login_latency_p95_ms,2299.9
2026-07-24T10:27:00Z,frontend,page_render_p95_ms,115.7
2026-07-24T10:27:00Z,search-indexer,index_lag_ms,89.2
2026-07-24T10:27:00Z,session-cache,cache_evictions_per_sec,731.4
2026-07-24T10:27:00Z,session-cache,cache_hit_ratio,0.5655
2026-07-24T10:28:00Z,auth-gw,session_lookup_error_ratio,0.1127
2026-07-24T10:28:00Z,auth-gw,session_lookup_p95_ms,1080.0
2026-07-24T10:28:00Z,billing-worker,billing_queue_depth,18.3
2026-07-24T10:28:00Z,frontend,login_latency_p95_ms,2435.1
2026-07-24T10:28:00Z,frontend,page_render_p95_ms,105.8
2026-07-24T10:28:00Z,search-indexer,index_lag_ms,85.1
2026-07-24T10:28:00Z,session-cache,cache_evictions_per_sec,762.8
2026-07-24T10:28:00Z,session-cache,cache_hit_ratio,0.5596
2026-07-24T10:29:00Z,auth-gw,session_lookup_error_ratio,0.1189
2026-07-24T10:29:00Z,auth-gw,session_lookup_p95_ms,1185.6
2026-07-24T10:29:00Z,billing-worker,billing_queue_depth,19.8
2026-07-24T10:29:00Z,frontend,login_latency_p95_ms,2436.0
2026-07-24T10:29:00Z,frontend,page_render_p95_ms,106.2
2026-07-24T10:29:00Z,search-indexer,index_lag_ms,86.3
2026-07-24T10:29:00Z,session-cache,cache_evictions_per_sec,876.1
2026-07-24T10:29:00Z,session-cache,cache_hit_ratio,0.5592
2026-07-24T10:30:00Z,auth-gw,session_lookup_error_ratio,0.1313
2026-07-24T10:30:00Z,auth-gw,session_lookup_p95_ms,1209.8
2026-07-24T10:30:00Z,billing-worker,billing_queue_depth,19.1
2026-07-24T10:30:00Z,frontend,login_latency_p95_ms,2474.4
2026-07-24T10:30:00Z,frontend,page_render_p95_ms,110.9
2026-07-24T10:30:00Z,search-indexer,index_lag_ms,93.4
2026-07-24T10:30:00Z,session-cache,cache_evictions_per_sec,770.2
2026-07-24T10:30:00Z,session-cache,cache_hit_ratio,0.5552
2026-07-24T10:31:00Z,auth-gw,session_lookup_error_ratio,0.1426
2026-07-24T10:31:00Z,auth-gw,session_lookup_p95_ms,1092.3
2026-07-24T10:31:00Z,billing-worker,billing_queue_depth,16.0
2026-07-24T10:31:00Z,frontend,login_latency_p95_ms,2443.2
2026-07-24T10:31:00Z,frontend,page_render_p95_ms,109.9
2026-07-24T10:31:00Z,search-indexer,index_lag_ms,94.7
2026-07-24T10:31:00Z,session-cache,cache_evictions_per_sec,789.7
2026-07-24T10:31:00Z,session-cache,cache_hit_ratio,0.5483
2026-07-24T10:32:00Z,auth-gw,session_lookup_error_ratio,0.1139
2026-07-24T10:32:00Z,auth-gw,session_lookup_p95_ms,1229.1
2026-07-24T10:32:00Z,billing-worker,billing_queue_depth,17.5
2026-07-24T10:32:00Z,frontend,login_latency_p95_ms,2305.0
2026-07-24T10:32:00Z,frontend,page_render_p95_ms,105.1
2026-07-24T10:32:00Z,search-indexer,index_lag_ms,88.3
2026-07-24T10:32:00Z,session-cache,cache_evictions_per_sec,772.5
2026-07-24T10:32:00Z,session-cache,cache_hit_ratio,0.5465
2026-07-24T10:33:00Z,auth-gw,session_lookup_error_ratio,0.1281
2026-07-24T10:33:00Z,auth-gw,session_lookup_p95_ms,1265.0
2026-07-24T10:33:00Z,billing-worker,billing_queue_depth,15.7
2026-07-24T10:33:00Z,frontend,login_latency_p95_ms,2261.0
2026-07-24T10:33:00Z,frontend,page_render_p95_ms,113.1
2026-07-24T10:33:00Z,search-indexer,index_lag_ms,102.2
2026-07-24T10:33:00Z,session-cache,cache_evictions_per_sec,784.4
2026-07-24T10:33:00Z,session-cache,cache_hit_ratio,0.5522
2026-07-24T10:34:00Z,auth-gw,session_lookup_error_ratio,0.1511
2026-07-24T10:34:00Z,auth-gw,session_lookup_p95_ms,1270.7
2026-07-24T10:34:00Z,billing-worker,billing_queue_depth,20.0
2026-07-24T10:34:00Z,frontend,login_latency_p95_ms,2417.0
2026-07-24T10:34:00Z,frontend,page_render_p95_ms,105.8
2026-07-24T10:34:00Z,search-indexer,index_lag_ms,105.7
2026-07-24T10:34:00Z,session-cache,cache_evictions_per_sec,865.2
2026-07-24T10:34:00Z,session-cache,cache_hit_ratio,0.5506
2026-07-24T10:35:00Z,auth-gw,session_lookup_error_ratio,0.1343
2026-07-24T10:35:00Z,auth-gw,session_lookup_p95_ms,1290.0
2026-07-24T10:35:00Z,billing-worker,billing_queue_depth,20.0
2026-07-24T10:35:00Z,frontend,login_latency_p95_ms,2434.7
2026-07-24T10:35:00Z,frontend,page_render_p95_ms,111.3
2026-07-24T10:35:00Z,search-indexer,index_lag_ms,92.5
2026-07-24T10:35:00Z,session-cache,cache_evictions_per_sec,829.8
2026-07-24T10:35:00Z,session-cache,cache_hit_ratio,0.5504
2026-07-24T10:36:00Z,auth-gw,session_lookup_error_ratio,0.1663
2026-07-24T10:36:00Z,auth-gw,session_lookup_p95_ms,1206.2
2026-07-24T10:36:00Z,billing-worker,billing_queue_depth,16.9
2026-07-24T10:36:00Z,frontend,login_latency_p95_ms,2410.8
2026-07-24T10:36:00Z,frontend,page_render_p95_ms,116.0
2026-07-24T10:36:00Z,search-indexer,index_lag_ms,91.3
2026-07-24T10:36:00Z,session-cache,cache_evictions_per_sec,884.8
2026-07-24T10:36:00Z,session-cache,cache_hit_ratio,0.5492
2026-07-24T10:37:00Z,auth-gw,session_lookup_error_ratio,0.1399
2026-07-24T10:37:00Z,auth-gw,session_lookup_p95_ms,1245.8
2026-07-24T10:37:00Z,billing-worker,billing_queue_depth,15.8
2026-07-24T10:37:00Z,frontend,login_latency_p95_ms,2490.3
2026-07-24T10:37:00Z,frontend,page_render_p95_ms,109.8
2026-07-24T10:37:00Z,search-indexer,index_lag_ms,89.6
2026-07-24T10:37:00Z,session-cache,cache_evictions_per_sec,868.8
2026-07-24T10:37:00Z,session-cache,cache_hit_ratio,0.5508
2026-07-24T10:38:00Z,auth-gw,session_lookup_error_ratio,0.1496
2026-07-24T10:38:00Z,auth-gw,session_lookup_p95_ms,1281.7
2026-07-24T10:38:00Z,billing-worker,billing_queue_depth,18.5
2026-07-24T10:38:00Z,frontend,login_latency_p95_ms,2309.0
2026-07-24T10:38:00Z,frontend,page_render_p95_ms,111.2
2026-07-24T10:38:00Z,search-indexer,index_lag_ms,88.2
2026-07-24T10:38:00Z,session-cache,cache_evictions_per_sec,754.1
2026-07-24T10:38:00Z,session-cache,cache_hit_ratio,0.5453
2026-07-24T10:39:00Z,auth-gw,session_lookup_error_ratio,0.1751
2026-07-24T10:39:00Z,auth-gw,session_lookup_p95_ms,1279.9
2026-07-24T10:39:00Z,billing-worker,billing_queue_depth,19.1
2026-07-24T10:39:00Z,frontend,login_latency_p95_ms,2354.5
2026-07-24T10:39:00Z,frontend,page_render_p95_ms,116.4
2026-07-24T10:39:00Z,search-indexer,index_lag_ms,95.2
2026-07-24T10:39:00Z,session-cache,cache_evictions_per_sec,880.7
2026-07-24T10:39:00Z,session-cache,cache_hit_ratio,0.5449
2026-07-24T10:40:00Z,auth-gw,session_lookup_error_ratio,0.1548
2026-07-24T10:40:00Z,auth-gw,session_lookup_p95_ms,1356.8
2026-07-24T10:40:00Z,billing-worker,billing_queue_depth,20.5
2026-07-24T10:40:00Z,frontend,login_latency_p95_ms,2358.5
2026-07-24T10:40:00Z,frontend,page_render_p95_ms,115.1
2026-07-24T10:40:00Z,search-indexer,index_lag_ms,104.0
2026-07-24T10:40:00Z,session-cache,cache_evictions_per_sec,866.6
2026-07-24T10:40:00Z,session-cache,cache_hit_ratio,0.5507
2026-07-24T10:41:00Z,auth-gw,session_lookup_error_ratio,0.1608
2026-07-24T10:41:00Z,auth-gw,session_lookup_p95_ms,1388.8
2026-07-24T10:41:00Z,billing-worker,billing_queue_depth,20.1
2026-07-24T10:41:00Z,frontend,login_latency_p95_ms,2524.6
2026-07-24T10:41:00Z,frontend,page_render_p95_ms,105.6
2026-07-24T10:41:00Z,search-indexer,index_lag_ms,101.9
2026-07-24T10:41:00Z,session-cache,cache_evictions_per_sec,748.8
2026-07-24T10:41:00Z,session-cache,cache_hit_ratio,0.5534
2026-07-24T10:42:00Z,auth-gw,session_lookup_error_ratio,0.1593
2026-07-24T10:42:00Z,auth-gw,session_lookup_p95_ms,1330.7
2026-07-24T10:42:00Z,billing-worker,billing_queue_depth,16.8
2026-07-24T10:42:00Z,frontend,login_latency_p95_ms,2324.6
2026-07-24T10:42:00Z,frontend,page_render_p95_ms,112.8
2026-07-24T10:42:00Z,search-indexer,index_lag_ms,91.6
2026-07-24T10:42:00Z,session-cache,cache_evictions_per_sec,864.4
2026-07-24T10:42:00Z,session-cache,cache_hit_ratio,0.5502
2026-07-24T10:43:00Z,auth-gw,session_lookup_error_ratio,0.1808
2026-07-24T10:43:00Z,auth-gw,session_lookup_p95_ms,1279.1
2026-07-24T10:43:00Z,billing-worker,billing_queue_depth,19.8
2026-07-24T10:43:00Z,frontend,login_latency_p95_ms,2452.4
2026-07-24T10:43:00Z,frontend,page_render_p95_ms,114.0
2026-07-24T10:43:00Z,search-indexer,index_lag_ms,88.3
2026-07-24T10:43:00Z,session-cache,cache_evictions_per_sec,831.9
2026-07-24T10:43:00Z,session-cache,cache_hit_ratio,0.5482
2026-07-24T10:44:00Z,auth-gw,session_lookup_error_ratio,0.176
2026-07-24T10:44:00Z,auth-gw,session_lookup_p95_ms,1490.2
2026-07-24T10:44:00Z,billing-worker,billing_queue_depth,16.1
2026-07-24T10:44:00Z,frontend,login_latency_p95_ms,2354.4
2026-07-24T10:44:00Z,frontend,page_render_p95_ms,105.2
2026-07-24T10:44:00Z,search-indexer,index_lag_ms,103.0
2026-07-24T10:44:00Z,session-cache,cache_evictions_per_sec,880.3
2026-07-24T10:44:00Z,session-cache,cache_hit_ratio,0.5445
2026-07-24T10:45:00Z,auth-gw,session_lookup_error_ratio,0.1717
2026-07-24T10:45:00Z,auth-gw,session_lookup_p95_ms,1391.2
2026-07-24T10:45:00Z,billing-worker,billing_queue_depth,18.8
2026-07-24T10:45:00Z,frontend,login_latency_p95_ms,2543.2
2026-07-24T10:45:00Z,frontend,page_render_p95_ms,104.0
2026-07-24T10:45:00Z,search-indexer,index_lag_ms,98.5
2026-07-24T10:45:00Z,session-cache,cache_evictions_per_sec,740.9
2026-07-24T10:45:00Z,session-cache,cache_hit_ratio,0.5504
2026-07-24T10:46:00Z,auth-gw,session_lookup_error_ratio,0.1702
2026-07-24T10:46:00Z,auth-gw,session_lookup_p95_ms,1478.1
2026-07-24T10:46:00Z,billing-worker,billing_queue_depth,20.0
2026-07-24T10:46:00Z,frontend,login_latency_p95_ms,2475.3
2026-07-24T10:46:00Z,frontend,page_render_p95_ms,105.1
2026-07-24T10:46:00Z,search-indexer,index_lag_ms,97.4
2026-07-24T10:46:00Z,session-cache,cache_evictions_per_sec,767.9
2026-07-24T10:46:00Z,session-cache,cache_hit_ratio,0.5467
2026-07-24T10:47:00Z,auth-gw,session_lookup_error_ratio,0.194
2026-07-24T10:47:00Z,auth-gw,session_lookup_p95_ms,1272.1
2026-07-24T10:47:00Z,billing-worker,billing_queue_depth,15.5
2026-07-24T10:47:00Z,frontend,login_latency_p95_ms,2509.7
2026-07-24T10:47:00Z,frontend,page_render_p95_ms,113.8
2026-07-24T10:47:00Z,search-indexer,index_lag_ms,97.1
2026-07-24T10:47:00Z,session-cache,cache_evictions_per_sec,773.5
2026-07-24T10:47:00Z,session-cache,cache_hit_ratio,0.5514
2026-07-24T10:48:00Z,auth-gw,session_lookup_error_ratio,0.1714
2026-07-24T10:48:00Z,auth-gw,session_lookup_p95_ms,1380.8
2026-07-24T10:48:00Z,billing-worker,billing_queue_depth,20.2
2026-07-24T10:48:00Z,frontend,login_latency_p95_ms,2491.6
2026-07-24T10:48:00Z,frontend,page_render_p95_ms,103.9
2026-07-24T10:48:00Z,search-indexer,index_lag_ms,85.0
2026-07-24T10:48:00Z,session-cache,cache_evictions_per_sec,837.4
2026-07-24T10:48:00Z,session-cache,cache_hit_ratio,0.5501
2026-07-24T10:49:00Z,auth-gw,session_lookup_error_ratio,0.1656
2026-07-24T10:49:00Z,auth-gw,session_lookup_p95_ms,1446.5
2026-07-24T10:49:00Z,billing-worker,billing_queue_depth,16.9
2026-07-24T10:49:00Z,frontend,login_latency_p95_ms,2545.9
2026-07-24T10:49:00Z,frontend,page_render_p95_ms,111.2
2026-07-24T10:49:00Z,search-indexer,index_lag_ms,103.5
2026-07-24T10:49:00Z,session-cache,cache_evictions_per_sec,800.7
2026-07-24T10:49:00Z,session-cache,cache_hit_ratio,0.5551
2026-07-24T10:50:00Z,auth-gw,session_lookup_error_ratio,0.1948
2026-07-24T10:50:00Z,auth-gw,session_lookup_p95_ms,1355.0
2026-07-24T10:50:00Z,billing-worker,billing_queue_depth,18.2
2026-07-24T10:50:00Z,frontend,login_latency_p95_ms,2294.2
2026-07-24T10:50:00Z,frontend,page_render_p95_ms,104.7
2026-07-24T10:50:00Z,search-indexer,index_lag_ms,105.3
2026-07-24T10:50:00Z,session-cache,cache_evictions_per_sec,833.1
2026-07-24T10:50:00Z,session-cache,cache_hit_ratio,0.5541
2026-07-24T10:51:00Z,auth-gw,session_lookup_error_ratio,0.1548
2026-07-24T10:51:00Z,auth-gw,session_lookup_p95_ms,1404.2
2026-07-24T10:51:00Z,billing-worker,billing_queue_depth,15.9
2026-07-24T10:51:00Z,frontend,login_latency_p95_ms,2560.3
2026-07-24T10:51:00Z,frontend,page_render_p95_ms,112.1
2026-07-24T10:51:00Z,search-indexer,index_lag_ms,104.2
2026-07-24T10:51:00Z,session-cache,cache_evictions_per_sec,808.5
2026-07-24T10:51:00Z,session-cache,cache_hit_ratio,0.5503
2026-07-24T10:52:00Z,auth-gw,session_lookup_error_ratio,0.1824
2026-07-24T10:52:00Z,auth-gw,session_lookup_p95_ms,1474.5
2026-07-24T10:52:00Z,billing-worker,billing_queue_depth,18.5
2026-07-24T10:52:00Z,frontend,login_latency_p95_ms,2239.9
2026-07-24T10:52:00Z,frontend,page_render_p95_ms,113.6
2026-07-24T10:52:00Z,search-indexer,index_lag_ms,90.1
2026-07-24T10:52:00Z,session-cache,cache_evictions_per_sec,775.8
2026-07-24T10:52:00Z,session-cache,cache_hit_ratio,0.5472
2026-07-24T10:53:00Z,auth-gw,session_lookup_error_ratio,0.1688
2026-07-24T10:53:00Z,auth-gw,session_lookup_p95_ms,1407.5
2026-07-24T10:53:00Z,billing-worker,billing_queue_depth,18.1
2026-07-24T10:53:00Z,frontend,login_latency_p95_ms,2499.1
2026-07-24T10:53:00Z,frontend,page_render_p95_ms,112.5
2026-07-24T10:53:00Z,search-indexer,index_lag_ms,105.9
2026-07-24T10:53:00Z,session-cache,cache_evictions_per_sec,758.1
2026-07-24T10:53:00Z,session-cache,cache_hit_ratio,0.5483
2026-07-24T10:54:00Z,auth-gw,session_lookup_error_ratio,0.1797
2026-07-24T10:54:00Z,auth-gw,session_lookup_p95_ms,1441.3
2026-07-24T10:54:00Z,billing-worker,billing_queue_depth,19.6
2026-07-24T10:54:00Z,frontend,login_latency_p95_ms,2539.7
2026-07-24T10:54:00Z,frontend,page_render_p95_ms,115.8
2026-07-24T10:54:00Z,search-indexer,index_lag_ms,91.2
2026-07-24T10:54:00Z,session-cache,cache_evictions_per_sec,778.1
2026-07-24T10:54:00Z,session-cache,cache_hit_ratio,0.5549
2026-07-24T10:55:00Z,auth-gw,session_lookup_error_ratio,0.1505
2026-07-24T10:55:00Z,auth-gw,session_lookup_p95_ms,1347.2
2026-07-24T10:55:00Z,billing-worker,billing_queue_depth,17.8
2026-07-24T10:55:00Z,frontend,login_latency_p95_ms,2237.7
2026-07-24T10:55:00Z,frontend,page_render_p95_ms,109.1
2026-07-24T10:55:00Z,search-indexer,index_lag_ms,93.4
2026-07-24T10:55:00Z,session-cache,cache_evictions_per_sec,758.7
2026-07-24T10:55:00Z,session-cache,cache_hit_ratio,0.5463
2026-07-24T10:56:00Z,auth-gw,session_lookup_error_ratio,0.1661
2026-07-24T10:56:00Z,auth-gw,session_lookup_p95_ms,1416.4
2026-07-24T10:56:00Z,billing-worker,billing_queue_depth,18.2
2026-07-24T10:56:00Z,frontend,login_latency_p95_ms,2291.3
2026-07-24T10:56:00Z,frontend,page_render_p95_ms,112.4
2026-07-24T10:56:00Z,search-indexer,index_lag_ms,103.9
2026-07-24T10:56:00Z,session-cache,cache_evictions_per_sec,824.5
2026-07-24T10:56:00Z,session-cache,cache_hit_ratio,0.5466
2026-07-24T10:57:00Z,auth-gw,session_lookup_error_ratio,0.1642
2026-07-24T10:57:00Z,auth-gw,session_lookup_p95_ms,1446.8
2026-07-24T10:57:00Z,billing-worker,billing_queue_depth,17.7
2026-07-24T10:57:00Z,frontend,login_latency_p95_ms,2355.2
2026-07-24T10:57:00Z,frontend,page_render_p95_ms,116.0
2026-07-24T10:57:00Z,search-indexer,index_lag_ms,85.4
2026-07-24T10:57:00Z,session-cache,cache_evictions_per_sec,812.5
2026-07-24T10:57:00Z,session-cache,cache_hit_ratio,0.5463
2026-07-24T10:58:00Z,auth-gw,session_lookup_error_ratio,0.1555
2026-07-24T10:58:00Z,auth-gw,session_lookup_p95_ms,1295.9
2026-07-24T10:58:00Z,billing-worker,billing_queue_depth,18.3
2026-07-24T10:58:00Z,frontend,login_latency_p95_ms,2538.4
2026-07-24T10:58:00Z,frontend,page_render_p95_ms,113.6
2026-07-24T10:58:00Z,search-indexer,index_lag_ms,98.4
2026-07-24T10:58:00Z,session-cache,cache_evictions_per_sec,821.5
2026-07-24T10:58:00Z,session-cache,cache_hit_ratio,0.5448
2026-07-24T10:59:00Z,auth-gw,session_lookup_error_ratio,0.1896
2026-07-24T10:59:00Z,auth-gw,session_lookup_p95_ms,1323.0
2026-07-24T10:59:00Z,billing-worker,billing_queue_depth,19.6
2026-07-24T10:59:00Z,frontend,login_latency_p95_ms,2416.2
2026-07-24T10:59:00Z,frontend,page_render_p95_ms,106.5
2026-07-24T10:59:00Z,search-indexer,index_lag_ms,98.1
2026-07-24T10:59:00Z,session-cache,cache_evictions_per_sec,815.1
2026-07-24T10:59:00Z,session-cache,cache_hit_ratio,0.5529
2026-07-24T11:00:00Z,auth-gw,session_lookup_error_ratio,0.1801
2026-07-24T11:00:00Z,auth-gw,session_lookup_p95_ms,1315.1
2026-07-24T11:00:00Z,billing-worker,billing_queue_depth,19.9
2026-07-24T11:00:00Z,frontend,login_latency_p95_ms,2314.9
2026-07-24T11:00:00Z,frontend,page_render_p95_ms,106.2
2026-07-24T11:00:00Z,search-indexer,index_lag_ms,84.9
2026-07-24T11:00:00Z,session-cache,cache_evictions_per_sec,751.5
2026-07-24T11:00:00Z,session-cache,cache_hit_ratio,0.5449
2026-07-24T11:01:00Z,auth-gw,session_lookup_error_ratio,0.1601
2026-07-24T11:01:00Z,auth-gw,session_lookup_p95_ms,1451.6
2026-07-24T11:01:00Z,billing-worker,billing_queue_depth,18.0
2026-07-24T11:01:00Z,frontend,login_latency_p95_ms,2308.7
2026-07-24T11:01:00Z,frontend,page_render_p95_ms,115.6
2026-07-24T11:01:00Z,search-indexer,index_lag_ms,89.2
2026-07-24T11:01:00Z,session-cache,cache_evictions_per_sec,846.6
2026-07-24T11:01:00Z,session-cache,cache_hit_ratio,0.5449
2026-07-24T11:02:00Z,auth-gw,session_lookup_error_ratio,0.1941
2026-07-24T11:02:00Z,auth-gw,session_lookup_p95_ms,1322.7
2026-07-24T11:02:00Z,billing-worker,billing_queue_depth,19.4
2026-07-24T11:02:00Z,frontend,login_latency_p95_ms,2389.5
2026-07-24T11:02:00Z,frontend,page_render_p95_ms,114.1
2026-07-24T11:02:00Z,search-indexer,index_lag_ms,93.8
2026-07-24T11:02:00Z,session-cache,cache_evictions_per_sec,816.4
2026-07-24T11:02:00Z,session-cache,cache_hit_ratio,0.545
2026-07-24T11:03:00Z,auth-gw,session_lookup_error_ratio,0.1797
2026-07-24T11:03:00Z,auth-gw,session_lookup_p95_ms,1485.4
2026-07-24T11:03:00Z,billing-worker,billing_queue_depth,16.9
2026-07-24T11:03:00Z,frontend,login_latency_p95_ms,2294.3
2026-07-24T11:03:00Z,frontend,page_render_p95_ms,107.4
2026-07-24T11:03:00Z,search-indexer,index_lag_ms,89.0
2026-07-24T11:03:00Z,session-cache,cache_evictions_per_sec,771.2
2026-07-24T11:03:00Z,session-cache,cache_hit_ratio,0.545
2026-07-24T11:04:00Z,auth-gw,session_lookup_error_ratio,0.167
2026-07-24T11:04:00Z,auth-gw,session_lookup_p95_ms,1283.2
2026-07-24T11:04:00Z,billing-worker,billing_queue_depth,17.4
2026-07-24T11:04:00Z,frontend,login_latency_p95_ms,2266.9
2026-07-24T11:04:00Z,frontend,page_render_p95_ms,107.1
2026-07-24T11:04:00Z,search-indexer,index_lag_ms,100.8
2026-07-24T11:04:00Z,session-cache,cache_evictions_per_sec,834.6
2026-07-24T11:04:00Z,session-cache,cache_hit_ratio,0.5506
2026-07-24T11:05:00Z,auth-gw,session_lookup_error_ratio,0.1712
2026-07-24T11:05:00Z,auth-gw,session_lookup_p95_ms,1456.4
2026-07-24T11:05:00Z,billing-worker,billing_queue_depth,20.0
2026-07-24T11:05:00Z,frontend,login_latency_p95_ms,2334.3
2026-07-24T11:05:00Z,frontend,page_render_p95_ms,109.1
2026-07-24T11:05:00Z,search-indexer,index_lag_ms,103.6
2026-07-24T11:05:00Z,session-cache,cache_evictions_per_sec,787.4
2026-07-24T11:05:00Z,session-cache,cache_hit_ratio,0.5476
2026-07-24T11:06:00Z,auth-gw,session_lookup_error_ratio,0.1757
2026-07-24T11:06:00Z,auth-gw,session_lookup_p95_ms,1407.4
2026-07-24T11:06:00Z,billing-worker,billing_queue_depth,19.5
2026-07-24T11:06:00Z,frontend,login_latency_p95_ms,2447.6
2026-07-24T11:06:00Z,frontend,page_render_p95_ms,110.6
2026-07-24T11:06:00Z,search-indexer,index_lag_ms,101.8
2026-07-24T11:06:00Z,session-cache,cache_evictions_per_sec,858.0
2026-07-24T11:06:00Z,session-cache,cache_hit_ratio,0.5447
2026-07-24T11:07:00Z,auth-gw,session_lookup_error_ratio,0.1534
2026-07-24T11:07:00Z,auth-gw,session_lookup_p95_ms,1480.2
2026-07-24T11:07:00Z,billing-worker,billing_queue_depth,20.1
2026-07-24T11:07:00Z,frontend,login_latency_p95_ms,2459.7
2026-07-24T11:07:00Z,frontend,page_render_p95_ms,107.0
2026-07-24T11:07:00Z,search-indexer,index_lag_ms,90.4
2026-07-24T11:07:00Z,session-cache,cache_evictions_per_sec,771.3
2026-07-24T11:07:00Z,session-cache,cache_hit_ratio,0.5478
2026-07-24T11:08:00Z,auth-gw,session_lookup_error_ratio,0.1679
2026-07-24T11:08:00Z,auth-gw,session_lookup_p95_ms,1469.0
2026-07-24T11:08:00Z,billing-worker,billing_queue_depth,17.8
2026-07-24T11:08:00Z,frontend,login_latency_p95_ms,2529.8
2026-07-24T11:08:00Z,frontend,page_render_p95_ms,109.4
2026-07-24T11:08:00Z,search-indexer,index_lag_ms,92.7
2026-07-24T11:08:00Z,session-cache,cache_evictions_per_sec,785.9
2026-07-24T11:08:00Z,session-cache,cache_hit_ratio,0.5504
2026-07-24T11:09:00Z,auth-gw,session_lookup_error_ratio,0.1725
2026-07-24T11:09:00Z,auth-gw,session_lookup_p95_ms,1331.3
2026-07-24T11:09:00Z,billing-worker,billing_queue_depth,17.5
2026-07-24T11:09:00Z,frontend,login_latency_p95_ms,2547.2
2026-07-24T11:09:00Z,frontend,page_render_p95_ms,108.8
2026-07-24T11:09:00Z,search-indexer,index_lag_ms,91.4
2026-07-24T11:09:00Z,session-cache,cache_evictions_per_sec,866.2
2026-07-24T11:09:00Z,session-cache,cache_hit_ratio,0.5481
2026-07-24T11:10:00Z,auth-gw,session_lookup_error_ratio,0.1798
2026-07-24T11:10:00Z,auth-gw,session_lookup_p95_ms,1471.2
2026-07-24T11:10:00Z,billing-worker,billing_queue_depth,19.4
2026-07-24T11:10:00Z,frontend,login_latency_p95_ms,2552.2
2026-07-24T11:10:00Z,frontend,page_render_p95_ms,104.5
2026-07-24T11:10:00Z,search-indexer,index_lag_ms,96.3
2026-07-24T11:10:00Z,session-cache,cache_evictions_per_sec,871.6
2026-07-24T11:10:00Z,session-cache,cache_hit_ratio,0.5475
2026-07-24T11:11:00Z,auth-gw,session_lookup_error_ratio,0.1848
2026-07-24T11:11:00Z,auth-gw,session_lookup_p95_ms,1393.1
2026-07-24T11:11:00Z,billing-worker,billing_queue_depth,19.7
2026-07-24T11:11:00Z,frontend,login_latency_p95_ms,2464.9
2026-07-24T11:11:00Z,frontend,page_render_p95_ms,106.7
2026-07-24T11:11:00Z,search-indexer,index_lag_ms,90.2
2026-07-24T11:11:00Z,session-cache,cache_evictions_per_sec,739.6
2026-07-24T11:11:00Z,session-cache,cache_hit_ratio,0.5495
2026-07-24T11:12:00Z,auth-gw,session_lookup_error_ratio,0.1762
2026-07-24T11:12:00Z,auth-gw,session_lookup_p95_ms,1396.5
2026-07-24T11:12:00Z,billing-worker,billing_queue_depth,16.1
2026-07-24T11:12:00Z,frontend,login_latency_p95_ms,2307.5
2026-07-24T11:12:00Z,frontend,page_render_p95_ms,111.8
2026-07-24T11:12:00Z,search-indexer,index_lag_ms,97.2
2026-07-24T11:12:00Z,session-cache,cache_evictions_per_sec,851.8
2026-07-24T11:12:00Z,session-cache,cache_hit_ratio,0.5541
2026-07-24T11:13:00Z,auth-gw,session_lookup_error_ratio,0.1455
2026-07-24T11:13:00Z,auth-gw,session_lookup_p95_ms,1310.6
2026-07-24T11:13:00Z,billing-worker,billing_queue_depth,15.5
2026-07-24T11:13:00Z,frontend,login_latency_p95_ms,2315.5
2026-07-24T11:13:00Z,frontend,page_render_p95_ms,110.1
2026-07-24T11:13:00Z,search-indexer,index_lag_ms,85.8
2026-07-24T11:13:00Z,session-cache,cache_evictions_per_sec,843.5
2026-07-24T11:13:00Z,session-cache,cache_hit_ratio,0.5466
2026-07-24T11:14:00Z,auth-gw,session_lookup_error_ratio,0.1818
2026-07-24T11:14:00Z,auth-gw,session_lookup_p95_ms,1280.9
2026-07-24T11:14:00Z,billing-worker,billing_queue_depth,17.4
2026-07-24T11:14:00Z,frontend,login_latency_p95_ms,2298.2
2026-07-24T11:14:00Z,frontend,page_render_p95_ms,111.8
2026-07-24T11:14:00Z,search-indexer,index_lag_ms,100.1
2026-07-24T11:14:00Z,session-cache,cache_evictions_per_sec,761.5
2026-07-24T11:14:00Z,session-cache,cache_hit_ratio,0.5527
2026-07-24T11:15:00Z,auth-gw,session_lookup_error_ratio,0.1649
2026-07-24T11:15:00Z,auth-gw,session_lookup_p95_ms,1444.5
2026-07-24T11:15:00Z,billing-worker,billing_queue_depth,15.8
2026-07-24T11:15:00Z,frontend,login_latency_p95_ms,2433.1
2026-07-24T11:15:00Z,frontend,page_render_p95_ms,111.1
2026-07-24T11:15:00Z,search-indexer,index_lag_ms,96.7
2026-07-24T11:15:00Z,session-cache,cache_evictions_per_sec,752.5
2026-07-24T11:15:00Z,session-cache,cache_hit_ratio,0.5503
2026-07-24T11:16:00Z,auth-gw,session_lookup_error_ratio,0.1517
2026-07-24T11:16:00Z,auth-gw,session_lookup_p95_ms,1431.2
2026-07-24T11:16:00Z,billing-worker,billing_queue_depth,18.4
2026-07-24T11:16:00Z,frontend,login_latency_p95_ms,2346.5
2026-07-24T11:16:00Z,frontend,page_render_p95_ms,107.3
2026-07-24T11:16:00Z,search-indexer,index_lag_ms,92.4
2026-07-24T11:16:00Z,session-cache,cache_evictions_per_sec,763.5
2026-07-24T11:16:00Z,session-cache,cache_hit_ratio,0.5482
2026-07-24T11:17:00Z,auth-gw,session_lookup_error_ratio,0.1592
2026-07-24T11:17:00Z,auth-gw,session_lookup_p95_ms,1294.0
2026-07-24T11:17:00Z,billing-worker,billing_queue_depth,15.7
2026-07-24T11:17:00Z,frontend,login_latency_p95_ms,2497.8
2026-07-24T11:17:00Z,frontend,page_render_p95_ms,114.8
2026-07-24T11:17:00Z,search-indexer,index_lag_ms,105.2
2026-07-24T11:17:00Z,session-cache,cache_evictions_per_sec,750.0
2026-07-24T11:17:00Z,session-cache,cache_hit_ratio,0.5445
2026-07-24T11:18:00Z,auth-gw,session_lookup_error_ratio,0.16
2026-07-24T11:18:00Z,auth-gw,session_lookup_p95_ms,1345.0
2026-07-24T11:18:00Z,billing-worker,billing_queue_depth,18.3
2026-07-24T11:18:00Z,frontend,login_latency_p95_ms,2250.7
2026-07-24T11:18:00Z,frontend,page_render_p95_ms,107.8
2026-07-24T11:18:00Z,search-indexer,index_lag_ms,89.0
2026-07-24T11:18:00Z,session-cache,cache_evictions_per_sec,765.1
2026-07-24T11:18:00Z,session-cache,cache_hit_ratio,0.5479
2026-07-24T11:19:00Z,auth-gw,session_lookup_error_ratio,0.1831
2026-07-24T11:19:00Z,auth-gw,session_lookup_p95_ms,1392.9
2026-07-24T11:19:00Z,billing-worker,billing_queue_depth,17.8
2026-07-24T11:19:00Z,frontend,login_latency_p95_ms,2471.5
2026-07-24T11:19:00Z,frontend,page_render_p95_ms,114.2
2026-07-24T11:19:00Z,search-indexer,index_lag_ms,84.5
2026-07-24T11:19:00Z,session-cache,cache_evictions_per_sec,888.7
2026-07-24T11:19:00Z,session-cache,cache_hit_ratio,0.5531
2026-07-24T11:20:00Z,auth-gw,session_lookup_error_ratio,0.1494
2026-07-24T11:20:00Z,auth-gw,session_lookup_p95_ms,1303.6
2026-07-24T11:20:00Z,billing-worker,billing_queue_depth,18.5
2026-07-24T11:20:00Z,frontend,login_latency_p95_ms,2550.7
2026-07-24T11:20:00Z,frontend,page_render_p95_ms,115.4
2026-07-24T11:20:00Z,search-indexer,index_lag_ms,104.3
2026-07-24T11:20:00Z,session-cache,cache_evictions_per_sec,832.9
2026-07-24T11:20:00Z,session-cache,cache_hit_ratio,0.5517
2026-07-24T11:21:00Z,auth-gw,session_lookup_error_ratio,0.1647
2026-07-24T11:21:00Z,auth-gw,session_lookup_p95_ms,1314.2
2026-07-24T11:21:00Z,billing-worker,billing_queue_depth,20.5
2026-07-24T11:21:00Z,frontend,login_latency_p95_ms,2477.9
2026-07-24T11:21:00Z,frontend,page_render_p95_ms,104.5
2026-07-24T11:21:00Z,search-indexer,index_lag_ms,88.8
2026-07-24T11:21:00Z,session-cache,cache_evictions_per_sec,819.7
2026-07-24T11:21:00Z,session-cache,cache_hit_ratio,0.546
2026-07-24T11:22:00Z,auth-gw,session_lookup_error_ratio,0.1467
2026-07-24T11:22:00Z,auth-gw,session_lookup_p95_ms,1353.1
2026-07-24T11:22:00Z,billing-worker,billing_queue_depth,17.3
2026-07-24T11:22:00Z,frontend,login_latency_p95_ms,2406.9
2026-07-24T11:22:00Z,frontend,page_render_p95_ms,111.5
2026-07-24T11:22:00Z,search-indexer,index_lag_ms,102.5
2026-07-24T11:22:00Z,session-cache,cache_evictions_per_sec,850.6
2026-07-24T11:22:00Z,session-cache,cache_hit_ratio,0.5543
2026-07-24T11:23:00Z,auth-gw,session_lookup_error_ratio,0.1585
2026-07-24T11:23:00Z,auth-gw,session_lookup_p95_ms,1318.1
2026-07-24T11:23:00Z,billing-worker,billing_queue_depth,17.1
2026-07-24T11:23:00Z,frontend,login_latency_p95_ms,2388.8
2026-07-24T11:23:00Z,frontend,page_render_p95_ms,114.8
2026-07-24T11:23:00Z,search-indexer,index_lag_ms,99.6
2026-07-24T11:23:00Z,session-cache,cache_evictions_per_sec,899.1
2026-07-24T11:23:00Z,session-cache,cache_hit_ratio,0.5471
2026-07-24T11:24:00Z,auth-gw,session_lookup_error_ratio,0.1684
2026-07-24T11:24:00Z,auth-gw,session_lookup_p95_ms,1433.0
2026-07-24T11:24:00Z,billing-worker,billing_queue_depth,20.5
2026-07-24T11:24:00Z,frontend,login_latency_p95_ms,2401.8
2026-07-24T11:24:00Z,frontend,page_render_p95_ms,111.9
2026-07-24T11:24:00Z,search-indexer,index_lag_ms,93.5
2026-07-24T11:24:00Z,session-cache,cache_evictions_per_sec,745.1
2026-07-24T11:24:00Z,session-cache,cache_hit_ratio,0.5462
2026-07-24T11:25:00Z,auth-gw,session_lookup_error_ratio,0.1534
2026-07-24T11:25:00Z,auth-gw,session_lookup_p95_ms,1332.2
2026-07-24T11:25:00Z,billing-worker,billing_queue_depth,18.5
2026-07-24T11:25:00Z,frontend,login_latency_p95_ms,2361.2
2026-07-24T11:25:00Z,frontend,page_render_p95_ms,113.4
2026-07-24T11:25:00Z,search-indexer,index_lag_ms,103.6
2026-07-24T11:25:00Z,session-cache,cache_evictions_per_sec,819.4
2026-07-24T11:25:00Z,session-cache,cache_hit_ratio,0.554
2026-07-24T11:26:00Z,auth-gw,session_lookup_error_ratio,0.1731
2026-07-24T11:26:00Z,auth-gw,session_lookup_p95_ms,1470.0
2026-07-24T11:26:00Z,billing-worker,billing_queue_depth,16.6
2026-07-24T11:26:00Z,frontend,login_latency_p95_ms,2545.6
2026-07-24T11:26:00Z,frontend,page_render_p95_ms,110.4
2026-07-24T11:26:00Z,search-indexer,index_lag_ms,89.8
2026-07-24T11:26:00Z,session-cache,cache_evictions_per_sec,795.4
2026-07-24T11:26:00Z,session-cache,cache_hit_ratio,0.5455
2026-07-24T11:27:00Z,auth-gw,session_lookup_error_ratio,0.1761
2026-07-24T11:27:00Z,auth-gw,session_lookup_p95_ms,1428.4
2026-07-24T11:27:00Z,billing-worker,billing_queue_depth,18.4
2026-07-24T11:27:00Z,frontend,login_latency_p95_ms,2502.6
2026-07-24T11:27:00Z,frontend,page_render_p95_ms,110.7
2026-07-24T11:27:00Z,search-indexer,index_lag_ms,89.0
2026-07-24T11:27:00Z,session-cache,cache_evictions_per_sec,795.7
2026-07-24T11:27:00Z,session-cache,cache_hit_ratio,0.547
2026-07-24T11:28:00Z,auth-gw,session_lookup_error_ratio,0.1565
2026-07-24T11:28:00Z,auth-gw,session_lookup_p95_ms,1414.3
2026-07-24T11:28:00Z,billing-worker,billing_queue_depth,17.3
2026-07-24T11:28:00Z,frontend,login_latency_p95_ms,2300.5
2026-07-24T11:28:00Z,frontend,page_render_p95_ms,115.4
2026-07-24T11:28:00Z,search-indexer,index_lag_ms,89.6
2026-07-24T11:28:00Z,session-cache,cache_evictions_per_sec,833.3
2026-07-24T11:28:00Z,session-cache,cache_hit_ratio,0.5533
2026-07-24T11:29:00Z,auth-gw,session_lookup_error_ratio,0.1713
2026-07-24T11:29:00Z,auth-gw,session_lookup_p95_ms,1411.6
2026-07-24T11:29:00Z,billing-worker,billing_queue_depth,15.6
2026-07-24T11:29:00Z,frontend,login_latency_p95_ms,2474.1
2026-07-24T11:29:00Z,frontend,page_render_p95_ms,114.9
2026-07-24T11:29:00Z,search-indexer,index_lag_ms,94.8
2026-07-24T11:29:00Z,session-cache,cache_evictions_per_sec,889.0
2026-07-24T11:29:00Z,session-cache,cache_hit_ratio,0.5537
2026-07-24T11:30:00Z,auth-gw,session_lookup_error_ratio,0.1848
2026-07-24T11:30:00Z,auth-gw,session_lookup_p95_ms,1432.7
2026-07-24T11:30:00Z,billing-worker,billing_queue_depth,18.7
2026-07-24T11:30:00Z,frontend,login_latency_p95_ms,2394.2
2026-07-24T11:30:00Z,frontend,page_render_p95_ms,108.8
2026-07-24T11:30:00Z,search-indexer,index_lag_ms,88.7
2026-07-24T11:30:00Z,session-cache,cache_evictions_per_sec,758.1
2026-07-24T11:30:00Z,session-cache,cache_hit_ratio,0.5449
2026-07-24T11:31:00Z,auth-gw,session_lookup_error_ratio,0.1524
2026-07-24T11:31:00Z,auth-gw,session_lookup_p95_ms,1421.4
2026-07-24T11:31:00Z,billing-worker,billing_queue_depth,16.3
2026-07-24T11:31:00Z,frontend,login_latency_p95_ms,2495.8
2026-07-24T11:31:00Z,frontend,page_render_p95_ms,108.0
2026-07-24T11:31:00Z,search-indexer,index_lag_ms,89.5
2026-07-24T11:31:00Z,session-cache,cache_evictions_per_sec,898.3
2026-07-24T11:31:00Z,session-cache,cache_hit_ratio,0.5488
2026-07-24T11:32:00Z,auth-gw,session_lookup_error_ratio,0.1895
2026-07-24T11:32:00Z,auth-gw,session_lookup_p95_ms,1339.8
2026-07-24T11:32:00Z,billing-worker,billing_queue_depth,17.8
2026-07-24T11:32:00Z,frontend,login_latency_p95_ms,2546.4
2026-07-24T11:32:00Z,frontend,page_render_p95_ms,111.5
2026-07-24T11:32:00Z,search-indexer,index_lag_ms,85.8
2026-07-24T11:32:00Z,session-cache,cache_evictions_per_sec,865.1
2026-07-24T11:32:00Z,session-cache,cache_hit_ratio,0.5517
2026-07-24T11:33:00Z,auth-gw,session_lookup_error_ratio,0.1459
2026-07-24T11:33:00Z,auth-gw,session_lookup_p95_ms,1490.1
2026-07-24T11:33:00Z,billing-worker,billing_queue_depth,16.6
2026-07-24T11:33:00Z,frontend,login_latency_p95_ms,2456.7
2026-07-24T11:33:00Z,frontend,page_render_p95_ms,106.0
2026-07-24T11:33:00Z,search-indexer,index_lag_ms,93.6
2026-07-24T11:33:00Z,session-cache,cache_evictions_per_sec,875.8
2026-07-24T11:33:00Z,session-cache,cache_hit_ratio,0.5551
2026-07-24T11:34:00Z,auth-gw,session_lookup_error_ratio,0.1738
2026-07-24T11:34:00Z,auth-gw,session_lookup_p95_ms,1433.3
2026-07-24T11:34:00Z,billing-worker,billing_queue_depth,17.1
2026-07-24T11:34:00Z,frontend,login_latency_p95_ms,2324.2
2026-07-24T11:34:00Z,frontend,page_render_p95_ms,109.0
2026-07-24T11:34:00Z,search-indexer,index_lag_ms,99.6
2026-07-24T11:34:00Z,session-cache,cache_evictions_per_sec,761.2
2026-07-24T11:34:00Z,session-cache,cache_hit_ratio,0.5532
2026-07-24T11:35:00Z,auth-gw,session_lookup_error_ratio,0.1509
2026-07-24T11:35:00Z,auth-gw,session_lookup_p95_ms,1342.0
2026-07-24T11:35:00Z,billing-worker,billing_queue_depth,16.1
2026-07-24T11:35:00Z,frontend,login_latency_p95_ms,2430.0
2026-07-24T11:35:00Z,frontend,page_render_p95_ms,107.5
2026-07-24T11:35:00Z,search-indexer,index_lag_ms,99.6
2026-07-24T11:35:00Z,session-cache,cache_evictions_per_sec,746.3
2026-07-24T11:35:00Z,session-cache,cache_hit_ratio,0.5543
2026-07-24T11:36:00Z,auth-gw,session_lookup_error_ratio,0.1564
2026-07-24T11:36:00Z,auth-gw,session_lookup_p95_ms,1475.2
2026-07-24T11:36:00Z,billing-worker,billing_queue_depth,20.0
2026-07-24T11:36:00Z,frontend,login_latency_p95_ms,2380.8
2026-07-24T11:36:00Z,frontend,page_render_p95_ms,105.6
2026-07-24T11:36:00Z,search-indexer,index_lag_ms,90.5
2026-07-24T11:36:00Z,session-cache,cache_evictions_per_sec,868.0
2026-07-24T11:36:00Z,session-cache,cache_hit_ratio,0.5494
2026-07-24T11:37:00Z,auth-gw,session_lookup_error_ratio,0.1919
2026-07-24T11:37:00Z,auth-gw,session_lookup_p95_ms,1332.5
2026-07-24T11:37:00Z,billing-worker,billing_queue_depth,19.3
2026-07-24T11:37:00Z,frontend,login_latency_p95_ms,2460.6
2026-07-24T11:37:00Z,frontend,page_render_p95_ms,116.4
2026-07-24T11:37:00Z,search-indexer,index_lag_ms,97.4
2026-07-24T11:37:00Z,session-cache,cache_evictions_per_sec,864.3
2026-07-24T11:37:00Z,session-cache,cache_hit_ratio,0.5472
2026-07-24T11:38:00Z,auth-gw,session_lookup_error_ratio,0.1577
2026-07-24T11:38:00Z,auth-gw,session_lookup_p95_ms,1446.4
2026-07-24T11:38:00Z,billing-worker,billing_queue_depth,18.9
2026-07-24T11:38:00Z,frontend,login_latency_p95_ms,2452.7
2026-07-24T11:38:00Z,frontend,page_render_p95_ms,111.6
2026-07-24T11:38:00Z,search-indexer,index_lag_ms,104.8
2026-07-24T11:38:00Z,session-cache,cache_evictions_per_sec,887.1
2026-07-24T11:38:00Z,session-cache,cache_hit_ratio,0.5485
2026-07-24T11:39:00Z,auth-gw,session_lookup_error_ratio,0.159
2026-07-24T11:39:00Z,auth-gw,session_lookup_p95_ms,1314.4
2026-07-24T11:39:00Z,billing-worker,billing_queue_depth,17.2
2026-07-24T11:39:00Z,frontend,login_latency_p95_ms,2462.3
2026-07-24T11:39:00Z,frontend,page_render_p95_ms,109.5
2026-07-24T11:39:00Z,search-indexer,index_lag_ms,93.8
2026-07-24T11:39:00Z,session-cache,cache_evictions_per_sec,841.8
2026-07-24T11:39:00Z,session-cache,cache_hit_ratio,0.5495
2026-07-24T11:40:00Z,auth-gw,session_lookup_error_ratio,0.1765
2026-07-24T11:40:00Z,auth-gw,session_lookup_p95_ms,1452.6
2026-07-24T11:40:00Z,billing-worker,billing_queue_depth,16.0
2026-07-24T11:40:00Z,frontend,login_latency_p95_ms,2283.8
2026-07-24T11:40:00Z,frontend,page_render_p95_ms,112.0
2026-07-24T11:40:00Z,search-indexer,index_lag_ms,90.5
2026-07-24T11:40:00Z,session-cache,cache_evictions_per_sec,738.5
2026-07-24T11:40:00Z,session-cache,cache_hit_ratio,0.5512
2026-07-24T11:41:00Z,auth-gw,session_lookup_error_ratio,0.1644
2026-07-24T11:41:00Z,auth-gw,session_lookup_p95_ms,1402.7
2026-07-24T11:41:00Z,billing-worker,billing_queue_depth,19.8
2026-07-24T11:41:00Z,frontend,login_latency_p95_ms,2281.9
2026-07-24T11:41:00Z,frontend,page_render_p95_ms,104.7
2026-07-24T11:41:00Z,search-indexer,index_lag_ms,95.1
2026-07-24T11:41:00Z,session-cache,cache_evictions_per_sec,812.2
2026-07-24T11:41:00Z,session-cache,cache_hit_ratio,0.5535
2026-07-24T11:42:00Z,auth-gw,session_lookup_error_ratio,0.1923
2026-07-24T11:42:00Z,auth-gw,session_lookup_p95_ms,1438.0
2026-07-24T11:42:00Z,billing-worker,billing_queue_depth,20.2
2026-07-24T11:42:00Z,frontend,login_latency_p95_ms,2321.7
2026-07-24T11:42:00Z,frontend,page_render_p95_ms,107.2
2026-07-24T11:42:00Z,search-indexer,index_lag_ms,87.9
2026-07-24T11:42:00Z,session-cache,cache_evictions_per_sec,744.5
2026-07-24T11:42:00Z,session-cache,cache_hit_ratio,0.5471
2026-07-24T11:43:00Z,auth-gw,session_lookup_error_ratio,0.1598
2026-07-24T11:43:00Z,auth-gw,session_lookup_p95_ms,1423.2
2026-07-24T11:43:00Z,billing-worker,billing_queue_depth,18.4
2026-07-24T11:43:00Z,frontend,login_latency_p95_ms,2371.9
2026-07-24T11:43:00Z,frontend,page_render_p95_ms,109.9
2026-07-24T11:43:00Z,search-indexer,index_lag_ms,104.7
2026-07-24T11:43:00Z,session-cache,cache_evictions_per_sec,792.5
2026-07-24T11:43:00Z,session-cache,cache_hit_ratio,0.551
2026-07-24T11:44:00Z,auth-gw,session_lookup_error_ratio,0.1498
2026-07-24T11:44:00Z,auth-gw,session_lookup_p95_ms,1328.1
2026-07-24T11:44:00Z,billing-worker,billing_queue_depth,17.6
2026-07-24T11:44:00Z,frontend,login_latency_p95_ms,2370.6
2026-07-24T11:44:00Z,frontend,page_render_p95_ms,113.7
2026-07-24T11:44:00Z,search-indexer,index_lag_ms,91.2
2026-07-24T11:44:00Z,session-cache,cache_evictions_per_sec,832.9
2026-07-24T11:44:00Z,session-cache,cache_hit_ratio,0.5553
2026-07-24T11:45:00Z,auth-gw,session_lookup_error_ratio,0.1683
2026-07-24T11:45:00Z,auth-gw,session_lookup_p95_ms,1330.8
2026-07-24T11:45:00Z,billing-worker,billing_queue_depth,18.7
2026-07-24T11:45:00Z,frontend,login_latency_p95_ms,2465.5
2026-07-24T11:45:00Z,frontend,page_render_p95_ms,110.8
2026-07-24T11:45:00Z,search-indexer,index_lag_ms,90.2
2026-07-24T11:45:00Z,session-cache,cache_evictions_per_sec,866.2
2026-07-24T11:45:00Z,session-cache,cache_hit_ratio,0.5492
2026-07-24T11:46:00Z,auth-gw,session_lookup_error_ratio,0.1498
2026-07-24T11:46:00Z,auth-gw,session_lookup_p95_ms,1483.6
2026-07-24T11:46:00Z,billing-worker,billing_queue_depth,19.2
2026-07-24T11:46:00Z,frontend,login_latency_p95_ms,2326.3
2026-07-24T11:46:00Z,frontend,page_render_p95_ms,105.1
2026-07-24T11:46:00Z,search-indexer,index_lag_ms,99.3
2026-07-24T11:46:00Z,session-cache,cache_evictions_per_sec,760.0
2026-07-24T11:46:00Z,session-cache,cache_hit_ratio,0.5523
2026-07-24T11:47:00Z,auth-gw,session_lookup_error_ratio,0.1907
2026-07-24T11:47:00Z,auth-gw,session_lookup_p95_ms,1450.3
2026-07-24T11:47:00Z,billing-worker,billing_queue_depth,15.7
2026-07-24T11:47:00Z,frontend,login_latency_p95_ms,2285.2
2026-07-24T11:47:00Z,frontend,page_render_p95_ms,113.8
2026-07-24T11:47:00Z,search-indexer,index_lag_ms,92.0
2026-07-24T11:47:00Z,session-cache,cache_evictions_per_sec,747.9
2026-07-24T11:47:00Z,session-cache,cache_hit_ratio,0.5515
2026-07-24T11:48:00Z,auth-gw,session_lookup_error_ratio,0.1852
2026-07-24T11:48:00Z,auth-gw,session_lookup_p95_ms,1481.5
2026-07-24T11:48:00Z,billing-worker,billing_queue_depth,16.6
2026-07-24T11:48:00Z,frontend,login_latency_p95_ms,2361.7
2026-07-24T11:48:00Z,frontend,page_render_p95_ms,113.6
2026-07-24T11:48:00Z,search-indexer,index_lag_ms,93.2
2026-07-24T11:48:00Z,session-cache,cache_evictions_per_sec,755.2
2026-07-24T11:48:00Z,session-cache,cache_hit_ratio,0.5551
2026-07-24T11:49:00Z,auth-gw,session_lookup_error_ratio,0.1931
2026-07-24T11:49:00Z,auth-gw,session_lookup_p95_ms,1377.0
2026-07-24T11:49:00Z,billing-worker,billing_queue_depth,16.0
2026-07-24T11:49:00Z,frontend,login_latency_p95_ms,2321.2
2026-07-24T11:49:00Z,frontend,page_render_p95_ms,113.6
2026-07-24T11:49:00Z,search-indexer,index_lag_ms,95.1
2026-07-24T11:49:00Z,session-cache,cache_evictions_per_sec,848.5
2026-07-24T11:49:00Z,session-cache,cache_hit_ratio,0.5512
2026-07-24T11:50:00Z,auth-gw,session_lookup_error_ratio,0.1678
2026-07-24T11:50:00Z,auth-gw,session_lookup_p95_ms,1450.0
2026-07-24T11:50:00Z,billing-worker,billing_queue_depth,20.0
2026-07-24T11:50:00Z,frontend,login_latency_p95_ms,2544.0
2026-07-24T11:50:00Z,frontend,page_render_p95_ms,111.5
2026-07-24T11:50:00Z,search-indexer,index_lag_ms,87.9
2026-07-24T11:50:00Z,session-cache,cache_evictions_per_sec,800.3
2026-07-24T11:50:00Z,session-cache,cache_hit_ratio,0.5509
2026-07-24T11:51:00Z,auth-gw,session_lookup_error_ratio,0.15
2026-07-24T11:51:00Z,auth-gw,session_lookup_p95_ms,1456.6
2026-07-24T11:51:00Z,billing-worker,billing_queue_depth,17.2
2026-07-24T11:51:00Z,frontend,login_latency_p95_ms,2243.6
2026-07-24T11:51:00Z,frontend,page_render_p95_ms,104.6
2026-07-24T11:51:00Z,search-indexer,index_lag_ms,100.3
2026-07-24T11:51:00Z,session-cache,cache_evictions_per_sec,813.1
2026-07-24T11:51:00Z,session-cache,cache_hit_ratio,0.5481
2026-07-24T11:52:00Z,auth-gw,session_lookup_error_ratio,0.1906
2026-07-24T11:52:00Z,auth-gw,session_lookup_p95_ms,1402.9
2026-07-24T11:52:00Z,billing-worker,billing_queue_depth,19.3
2026-07-24T11:52:00Z,frontend,login_latency_p95_ms,2391.2
2026-07-24T11:52:00Z,frontend,page_render_p95_ms,111.1
2026-07-24T11:52:00Z,search-indexer,index_lag_ms,94.4
2026-07-24T11:52:00Z,session-cache,cache_evictions_per_sec,886.3
2026-07-24T11:52:00Z,session-cache,cache_hit_ratio,0.5456
2026-07-24T11:53:00Z,auth-gw,session_lookup_error_ratio,0.1521
2026-07-24T11:53:00Z,auth-gw,session_lookup_p95_ms,1285.3
2026-07-24T11:53:00Z,billing-worker,billing_queue_depth,17.8
2026-07-24T11:53:00Z,frontend,login_latency_p95_ms,2252.1
2026-07-24T11:53:00Z,frontend,page_render_p95_ms,109.1
2026-07-24T11:53:00Z,search-indexer,index_lag_ms,98.6
2026-07-24T11:53:00Z,session-cache,cache_evictions_per_sec,787.9
2026-07-24T11:53:00Z,session-cache,cache_hit_ratio,0.552
2026-07-24T11:54:00Z,auth-gw,session_lookup_error_ratio,0.1852
2026-07-24T11:54:00Z,auth-gw,session_lookup_p95_ms,1443.9
2026-07-24T11:54:00Z,billing-worker,billing_queue_depth,16.9
2026-07-24T11:54:00Z,frontend,login_latency_p95_ms,2477.1
2026-07-24T11:54:00Z,frontend,page_render_p95_ms,111.3
2026-07-24T11:54:00Z,search-indexer,index_lag_ms,102.3
2026-07-24T11:54:00Z,session-cache,cache_evictions_per_sec,796.7
2026-07-24T11:54:00Z,session-cache,cache_hit_ratio,0.5511
2026-07-24T11:55:00Z,auth-gw,session_lookup_error_ratio,0.1494
2026-07-24T11:55:00Z,auth-gw,session_lookup_p95_ms,1271.9
2026-07-24T11:55:00Z,billing-worker,billing_queue_depth,19.3
2026-07-24T11:55:00Z,frontend,login_latency_p95_ms,2565.7
2026-07-24T11:55:00Z,frontend,page_render_p95_ms,105.1
2026-07-24T11:55:00Z,search-indexer,index_lag_ms,85.8
2026-07-24T11:55:00Z,session-cache,cache_evictions_per_sec,840.4
2026-07-24T11:55:00Z,session-cache,cache_hit_ratio,0.5455
2026-07-24T11:56:00Z,auth-gw,session_lookup_error_ratio,0.1636
2026-07-24T11:56:00Z,auth-gw,session_lookup_p95_ms,1373.5
2026-07-24T11:56:00Z,billing-worker,billing_queue_depth,15.6
2026-07-24T11:56:00Z,frontend,login_latency_p95_ms,2332.3
2026-07-24T11:56:00Z,frontend,page_render_p95_ms,103.7
2026-07-24T11:56:00Z,search-indexer,index_lag_ms,88.3
2026-07-24T11:56:00Z,session-cache,cache_evictions_per_sec,901.9
2026-07-24T11:56:00Z,session-cache,cache_hit_ratio,0.5515
2026-07-24T11:57:00Z,auth-gw,session_lookup_error_ratio,0.1644
2026-07-24T11:57:00Z,auth-gw,session_lookup_p95_ms,1447.3
2026-07-24T11:57:00Z,billing-worker,billing_queue_depth,18.3
2026-07-24T11:57:00Z,frontend,login_latency_p95_ms,2551.3
2026-07-24T11:57:00Z,frontend,page_render_p95_ms,115.5
2026-07-24T11:57:00Z,search-indexer,index_lag_ms,91.1
2026-07-24T11:57:00Z,session-cache,cache_evictions_per_sec,765.1
2026-07-24T11:57:00Z,session-cache,cache_hit_ratio,0.5484
2026-07-24T11:58:00Z,auth-gw,session_lookup_error_ratio,0.1846
2026-07-24T11:58:00Z,auth-gw,session_lookup_p95_ms,1457.8
2026-07-24T11:58:00Z,billing-worker,billing_queue_depth,15.9
2026-07-24T11:58:00Z,frontend,login_latency_p95_ms,2476.8
2026-07-24T11:58:00Z,frontend,page_render_p95_ms,104.0
2026-07-24T11:58:00Z,search-indexer,index_lag_ms,94.5
2026-07-24T11:58:00Z,session-cache,cache_evictions_per_sec,809.0
2026-07-24T11:58:00Z,session-cache,cache_hit_ratio,0.554
2026-07-24T11:59:00Z,auth-gw,session_lookup_error_ratio,0.1507
2026-07-24T11:59:00Z,auth-gw,session_lookup_p95_ms,1490.0
2026-07-24T11:59:00Z,billing-worker,billing_queue_depth,18.0
2026-07-24T11:59:00Z,frontend,login_latency_p95_ms,2391.3
2026-07-24T11:59:00Z,frontend,page_render_p95_ms,114.1
2026-07-24T11:59:00Z,search-indexer,index_lag_ms,89.1
2026-07-24T11:59:00Z,session-cache,cache_evictions_per_sec,854.1
2026-07-24T11:59:00Z,session-cache,cache_hit_ratio,0.549
2026-07-24T12:00:00Z,auth-gw,session_lookup_error_ratio,0.152
2026-07-24T12:00:00Z,auth-gw,session_lookup_p95_ms,1360.2
2026-07-24T12:00:00Z,billing-worker,billing_queue_depth,20.4
2026-07-24T12:00:00Z,frontend,login_latency_p95_ms,2280.1
2026-07-24T12:00:00Z,frontend,page_render_p95_ms,114.4
2026-07-24T12:00:00Z,search-indexer,index_lag_ms,90.7
2026-07-24T12:00:00Z,session-cache,cache_evictions_per_sec,760.8
2026-07-24T12:00:00Z,session-cache,cache_hit_ratio,0.5487
